lat_round,lon_round,count
41.645,-87.54,1
41.647,-87.617,1
41.65,-87.539,1
41.651,-87.617,1
41.651,-87.548,1
41.651,-87.527,1
41.652,-87.619,2
41.652,-87.618,1
41.652,-87.617,1
41.652,-87.613,2
41.653,-87.609,1
41.653,-87.605,1
41.653,-87.604,1
41.653,-87.602,1
41.653,-87.547,1
41.654,-87.614,1
41.654,-87.609,1
41.654,-87.607,1
41.654,-87.602,5
41.654,-87.597,1
41.655,-87.617,1
41.655,-87.616,1
41.655,-87.602,4
41.655,-87.597,1
41.655,-87.547,1
41.655,-87.546,1
41.656,-87.615,1
41.656,-87.614,1
41.656,-87.604,2
41.656,-87.602,2
41.656,-87.597,1
41.657,-87.608,1
41.657,-87.605,2
41.657,-87.602,1
41.657,-87.6,2
41.657,-87.598,1
41.657,-87.597,1
41.657,-87.547,1
41.658,-87.617,1
41.658,-87.613,1
41.658,-87.611,1
41.658,-87.606,1
41.658,-87.601,1
41.658,-87.544,1
41.659,-87.617,2
41.659,-87.61,1
41.659,-87.609,1
41.659,-87.603,1
41.659,-87.601,1
41.659,-87.549,1
41.66,-87.643,1
41.663,-87.645,2
41.663,-87.644,1
41.663,-87.641,1
41.663,-87.637,1
41.663,-87.62,1
41.664,-87.641,2
41.664,-87.625,1
41.665,-87.641,1
41.665,-87.64,1
41.665,-87.623,1
41.665,-87.622,1
41.666,-87.541,1
41.667,-87.635,1
41.668,-87.642,2
41.668,-87.636,1
41.668,-87.621,1
41.669,-87.632,1
41.669,-87.622,1
41.67,-87.642,1
41.67,-87.64,1
41.67,-87.639,1
41.67,-87.622,2
41.67,-87.617,1
41.671,-87.642,1
41.671,-87.637,1
41.672,-87.647,1
41.672,-87.646,1
41.672,-87.645,1
41.672,-87.644,1
41.672,-87.643,1
41.672,-87.642,1
41.672,-87.63,1
41.672,-87.626,1
41.672,-87.624,1
41.673,-87.641,1
41.673,-87.637,1
41.673,-87.626,2
41.673,-87.625,1
41.673,-87.62,1
41.674,-87.642,1
41.674,-87.632,1
41.674,-87.62,1
41.675,-87.624,1
41.675,-87.622,1
41.675,-87.602,1
41.676,-87.637,1
41.676,-87.629,1
41.676,-87.628,1
41.676,-87.62,2
41.677,-87.664,1
41.677,-87.642,4
41.677,-87.637,1
41.677,-87.633,3
41.677,-87.631,1
41.677,-87.629,1
41.677,-87.625,1
41.678,-87.662,1
41.678,-87.642,1
41.678,-87.636,1
41.678,-87.628,1
41.678,-87.623,3
41.678,-87.621,5
41.678,-87.619,1
41.679,-87.662,3
41.679,-87.657,1
41.679,-87.635,1
41.679,-87.63,1
41.679,-87.627,1
41.679,-87.623,1
41.679,-87.621,1
41.679,-87.618,1
41.68,-87.662,1
41.68,-87.661,1
41.68,-87.66,1
41.68,-87.634,3
41.68,-87.626,1
41.68,-87.621,2
41.681,-87.644,1
41.681,-87.642,8
41.681,-87.64,1
41.681,-87.621,2
41.682,-87.67,1
41.682,-87.646,1
41.682,-87.642,2
41.682,-87.634,1
41.682,-87.617,1
41.683,-87.642,1
41.683,-87.641,1
41.683,-87.63,1
41.683,-87.629,1
41.683,-87.615,1
41.683,-87.545,1
41.684,-87.663,1
41.684,-87.658,1
41.684,-87.625,1
41.685,-87.663,1
41.685,-87.66,1
41.685,-87.652,1
41.685,-87.645,1
41.685,-87.643,2
41.685,-87.642,4
41.685,-87.635,2
41.685,-87.631,2
41.685,-87.622,1
41.685,-87.621,1
41.685,-87.612,1
41.685,-87.611,1
41.686,-87.656,1
41.686,-87.642,1
41.686,-87.636,2
41.686,-87.634,2
41.686,-87.631,2
41.686,-87.624,1
41.686,-87.621,1
41.686,-87.616,1
41.686,-87.612,1
41.686,-87.601,1
41.687,-87.661,1
41.687,-87.647,1
41.687,-87.626,1
41.687,-87.619,1
41.687,-87.612,1
41.688,-87.671,1
41.688,-87.642,1
41.688,-87.634,1
41.688,-87.629,1
41.688,-87.626,1
41.688,-87.622,2
41.688,-87.621,1
41.688,-87.619,1
41.688,-87.612,1
41.688,-87.606,1
41.688,-87.531,1
41.689,-87.658,2
41.689,-87.653,1
41.689,-87.624,1
41.689,-87.622,1
41.689,-87.621,1
41.69,-87.663,1
41.69,-87.654,1
41.69,-87.645,1
41.69,-87.644,1
41.69,-87.642,1
41.69,-87.635,1
41.69,-87.628,1
41.69,-87.622,1
41.69,-87.621,2
41.69,-87.62,1
41.69,-87.618,2
41.69,-87.54,1
41.691,-87.707,1
41.691,-87.664,1
41.691,-87.63,1
41.691,-87.623,3
41.691,-87.621,1
41.691,-87.535,1
41.692,-87.702,2
41.692,-87.646,1
41.692,-87.642,4
41.692,-87.641,1
41.692,-87.637,1
41.692,-87.635,1
41.692,-87.633,1
41.692,-87.626,2
41.692,-87.624,1
41.692,-87.623,7
41.692,-87.621,2
41.692,-87.618,2
41.693,-87.701,1
41.693,-87.642,1
41.693,-87.631,1
41.693,-87.629,2
41.693,-87.627,1
41.693,-87.624,1
41.693,-87.619,2
41.693,-87.61,1
41.693,-87.604,1
41.693,-87.539,1
41.694,-87.641,1
41.694,-87.629,1
41.694,-87.622,1
41.694,-87.621,1
41.695,-87.708,1
41.695,-87.638,1
41.695,-87.631,1
41.695,-87.624,1
41.696,-87.626,2
41.696,-87.623,2
41.696,-87.621,2
41.696,-87.613,1
41.696,-87.611,1
41.696,-87.596,1
41.697,-87.681,2
41.697,-87.643,1
41.697,-87.615,1
41.697,-87.612,1
41.697,-87.611,1
41.697,-87.543,1
41.698,-87.664,1
41.698,-87.657,1
41.698,-87.631,1
41.698,-87.625,1
41.698,-87.624,1
41.698,-87.622,1
41.699,-87.721,1
41.699,-87.67,1
41.699,-87.644,1
41.699,-87.624,1
41.699,-87.623,1
41.699,-87.621,1
41.699,-87.56,1
41.699,-87.539,1
41.7,-87.656,1
41.7,-87.628,2
41.7,-87.627,1
41.7,-87.619,1
41.7,-87.614,3
41.7,-87.612,1
41.7,-87.563,1
41.7,-87.535,3
41.7,-87.53,1
41.701,-87.646,1
41.701,-87.643,2
41.701,-87.625,1
41.701,-87.62,1
41.701,-87.618,2
41.701,-87.612,1
41.701,-87.607,1
41.701,-87.535,1
41.702,-87.645,1
41.702,-87.629,1
41.702,-87.626,1
41.702,-87.539,2
41.703,-87.65,1
41.703,-87.643,1
41.703,-87.638,1
41.703,-87.632,1
41.703,-87.629,1
41.703,-87.628,1
41.703,-87.622,1
41.703,-87.614,2
41.703,-87.563,1
41.703,-87.54,1
41.703,-87.536,3
41.703,-87.526,1
41.704,-87.683,1
41.704,-87.645,1
41.704,-87.631,1
41.704,-87.62,1
41.704,-87.605,1
41.704,-87.564,1
41.704,-87.535,1
41.705,-87.682,1
41.705,-87.646,1
41.705,-87.642,1
41.705,-87.636,2
41.705,-87.634,1
41.705,-87.628,1
41.705,-87.626,1
41.705,-87.623,1
41.705,-87.621,1
41.705,-87.619,1
41.705,-87.616,1
41.705,-87.607,1
41.705,-87.604,1
41.705,-87.603,1
41.705,-87.538,1
41.706,-87.703,1
41.706,-87.687,1
41.706,-87.682,1
41.706,-87.643,1
41.706,-87.64,1
41.706,-87.639,1
41.706,-87.634,1
41.706,-87.62,1
41.706,-87.604,1
41.706,-87.601,1
41.706,-87.566,1
41.706,-87.56,2
41.706,-87.54,1
41.707,-87.666,1
41.707,-87.657,1
41.707,-87.652,1
41.707,-87.644,1
41.707,-87.642,1
41.707,-87.632,1
41.707,-87.629,2
41.707,-87.625,1
41.707,-87.624,1
41.707,-87.62,6
41.707,-87.618,2
41.707,-87.617,1
41.707,-87.616,1
41.707,-87.613,2
41.707,-87.61,1
41.707,-87.606,2
41.707,-87.605,1
41.708,-87.653,1
41.708,-87.645,1
41.708,-87.64,1
41.708,-87.639,1
41.708,-87.634,2
41.708,-87.631,1
41.708,-87.624,1
41.708,-87.62,1
41.708,-87.619,1
41.708,-87.608,1
41.708,-87.563,1
41.708,-87.561,1
41.708,-87.534,1
41.709,-87.631,1
41.709,-87.624,1
41.709,-87.616,1
41.709,-87.613,2
41.709,-87.611,1
41.709,-87.609,1
41.709,-87.608,1
41.71,-87.682,1
41.71,-87.65,1
41.71,-87.64,2
41.71,-87.634,2
41.71,-87.631,1
41.71,-87.627,2
41.71,-87.619,1
41.71,-87.616,1
41.71,-87.611,1
41.71,-87.564,1
41.711,-87.686,1
41.711,-87.624,1
41.711,-87.598,1
41.711,-87.597,1
41.711,-87.566,1
41.711,-87.562,1
41.712,-87.671,1
41.712,-87.643,2
41.712,-87.63,1
41.712,-87.628,1
41.712,-87.62,5
41.713,-87.637,1
41.713,-87.634,1
41.713,-87.605,1
41.713,-87.569,1
41.713,-87.562,1
41.714,-87.675,1
41.714,-87.643,4
41.714,-87.628,1
41.714,-87.622,1
41.714,-87.605,1
41.715,-87.614,1
41.715,-87.604,1
41.715,-87.573,1
41.715,-87.569,1
41.715,-87.568,1
41.715,-87.563,1
41.715,-87.561,2
41.715,-87.535,1
41.716,-87.643,1
41.716,-87.641,1
41.716,-87.629,1
41.716,-87.62,1
41.716,-87.603,1
41.716,-87.571,1
41.717,-87.659,1
41.717,-87.634,1
41.717,-87.63,1
41.717,-87.62,1
41.717,-87.604,1
41.717,-87.576,1
41.717,-87.571,1
41.717,-87.538,1
41.717,-87.535,1
41.718,-87.658,1
41.718,-87.632,2
41.718,-87.568,1
41.718,-87.565,1
41.718,-87.527,1
41.719,-87.655,1
41.719,-87.654,1
41.719,-87.648,1
41.719,-87.637,1
41.719,-87.629,1
41.719,-87.625,1
41.719,-87.574,1
41.719,-87.551,3
41.719,-87.539,1
41.719,-87.536,2
41.719,-87.533,1
41.72,-87.643,2
41.72,-87.621,1
41.72,-87.575,1
41.72,-87.574,1
41.72,-87.55,2
41.721,-87.665,1
41.721,-87.664,1
41.721,-87.663,2
41.721,-87.662,1
41.721,-87.66,2
41.721,-87.659,1
41.721,-87.658,1
41.721,-87.657,2
41.721,-87.656,1
41.721,-87.654,2
41.721,-87.653,1
41.721,-87.652,1
41.721,-87.651,1
41.721,-87.649,1
41.721,-87.648,1
41.721,-87.643,3
41.721,-87.64,1
41.721,-87.634,1
41.721,-87.632,1
41.721,-87.63,1
41.721,-87.629,1
41.721,-87.627,2
41.721,-87.625,3
41.721,-87.624,3
41.721,-87.621,4
41.721,-87.614,3
41.721,-87.596,1
41.721,-87.572,1
41.721,-87.567,1
41.722,-87.677,1
41.722,-87.663,1
41.722,-87.661,2
41.722,-87.66,1
41.722,-87.657,1
41.722,-87.643,1
41.722,-87.64,1
41.722,-87.632,2
41.722,-87.63,1
41.722,-87.629,1
41.722,-87.627,7
41.722,-87.626,1
41.722,-87.625,26
41.722,-87.624,4
41.722,-87.623,1
41.722,-87.622,4
41.722,-87.621,1
41.722,-87.618,1
41.722,-87.617,2
41.722,-87.616,1
41.722,-87.615,1
41.722,-87.614,2
41.722,-87.611,1
41.722,-87.609,1
41.722,-87.606,1
41.722,-87.604,1
41.722,-87.599,1
41.722,-87.591,1
41.722,-87.585,1
41.722,-87.584,5
41.722,-87.582,1
41.722,-87.581,1
41.722,-87.579,1
41.722,-87.578,1
41.722,-87.577,2
41.722,-87.575,2
41.722,-87.574,2
41.722,-87.552,1
41.722,-87.551,1
41.722,-87.538,1
41.723,-87.663,2
41.723,-87.66,2
41.723,-87.658,1
41.723,-87.655,1
41.723,-87.63,1
41.723,-87.627,1
41.723,-87.625,2
41.723,-87.624,12
41.723,-87.622,1
41.723,-87.617,1
41.723,-87.614,1
41.723,-87.569,3
41.723,-87.567,3
41.723,-87.555,1
41.723,-87.546,1
41.724,-87.653,1
41.724,-87.629,1
41.724,-87.626,1
41.724,-87.625,1
41.724,-87.611,1
41.724,-87.605,1
41.724,-87.551,1
41.725,-87.652,1
41.725,-87.642,1
41.725,-87.636,1
41.725,-87.627,1
41.725,-87.624,1
41.725,-87.614,1
41.725,-87.605,1
41.725,-87.601,2
41.725,-87.597,4
41.725,-87.595,1
41.726,-87.682,1
41.726,-87.658,2
41.726,-87.657,1
41.726,-87.626,1
41.726,-87.609,1
41.726,-87.604,1
41.726,-87.602,3
41.726,-87.593,1
41.726,-87.592,1
41.726,-87.587,1
41.726,-87.585,1
41.726,-87.577,1
41.726,-87.575,2
41.726,-87.554,1
41.726,-87.546,1
41.727,-87.66,1
41.727,-87.636,1
41.727,-87.605,2
41.727,-87.6,2
41.727,-87.588,1
41.727,-87.587,1
41.727,-87.575,2
41.727,-87.572,1
41.727,-87.551,1
41.728,-87.669,1
41.728,-87.664,1
41.728,-87.659,1
41.728,-87.657,2
41.728,-87.652,1
41.728,-87.648,1
41.728,-87.64,1
41.728,-87.636,1
41.728,-87.606,2
41.728,-87.604,1
41.728,-87.589,1
41.728,-87.585,2
41.728,-87.582,1
41.728,-87.568,1
41.728,-87.553,1
41.728,-87.551,4
41.728,-87.55,4
41.728,-87.547,1
41.729,-87.662,1
41.729,-87.649,1
41.729,-87.624,2
41.729,-87.605,1
41.729,-87.603,1
41.729,-87.601,2
41.729,-87.599,1
41.729,-87.597,2
41.729,-87.596,3
41.729,-87.595,1
41.729,-87.56,1
41.729,-87.555,1
41.729,-87.551,3
41.73,-87.663,1
41.73,-87.662,1
41.73,-87.653,1
41.73,-87.652,1
41.73,-87.639,1
41.73,-87.619,1
41.73,-87.603,2
41.73,-87.554,1
41.73,-87.553,1
41.73,-87.551,8
41.73,-87.55,1
41.73,-87.547,2
41.731,-87.648,1
41.731,-87.611,2
41.731,-87.607,1
41.731,-87.589,1
41.731,-87.587,1
41.731,-87.585,2
41.731,-87.584,1
41.731,-87.576,1
41.731,-87.55,3
41.732,-87.663,1
41.732,-87.661,1
41.732,-87.656,1
41.732,-87.653,2
41.732,-87.639,1
41.732,-87.637,2
41.732,-87.625,2
41.732,-87.622,1
41.732,-87.617,1
41.732,-87.602,1
41.732,-87.595,1
41.732,-87.588,1
41.732,-87.586,1
41.732,-87.548,1
41.733,-87.652,1
41.733,-87.637,1
41.733,-87.62,1
41.733,-87.605,2
41.733,-87.604,1
41.733,-87.59,1
41.733,-87.588,1
41.733,-87.587,1
41.733,-87.586,1
41.733,-87.585,2
41.733,-87.576,1
41.733,-87.574,2
41.733,-87.568,1
41.733,-87.555,1
41.733,-87.551,2
41.733,-87.55,1
41.733,-87.547,1
41.734,-87.67,1
41.734,-87.668,2
41.734,-87.658,1
41.734,-87.652,1
41.734,-87.65,1
41.734,-87.614,1
41.734,-87.589,1
41.734,-87.561,1
41.735,-87.741,1
41.735,-87.713,1
41.735,-87.704,1
41.735,-87.703,1
41.735,-87.663,4
41.735,-87.658,1
41.735,-87.657,1
41.735,-87.656,2
41.735,-87.653,1
41.735,-87.651,1
41.735,-87.645,1
41.735,-87.644,2
41.735,-87.641,1
41.735,-87.632,1
41.735,-87.623,1
41.735,-87.601,1
41.735,-87.591,1
41.735,-87.554,1
41.735,-87.553,1
41.735,-87.551,1
41.736,-87.702,2
41.736,-87.673,1
41.736,-87.663,2
41.736,-87.662,1
41.736,-87.66,1
41.736,-87.659,3
41.736,-87.658,1
41.736,-87.657,1
41.736,-87.654,1
41.736,-87.65,1
41.736,-87.649,2
41.736,-87.648,2
41.736,-87.646,1
41.736,-87.645,1
41.736,-87.644,2
41.736,-87.638,1
41.736,-87.637,1
41.736,-87.63,1
41.736,-87.629,6
41.736,-87.628,15
41.736,-87.627,3
41.736,-87.625,5
41.736,-87.624,5
41.736,-87.623,3
41.736,-87.618,1
41.736,-87.615,2
41.736,-87.605,2
41.736,-87.586,2
41.736,-87.585,1
41.736,-87.561,1
41.736,-87.557,1
41.737,-87.719,1
41.737,-87.669,1
41.737,-87.666,1
41.737,-87.663,3
41.737,-87.657,1
41.737,-87.656,1
41.737,-87.649,3
41.737,-87.638,1
41.737,-87.623,1
41.737,-87.619,1
41.737,-87.608,1
41.737,-87.607,1
41.737,-87.605,3
41.737,-87.602,1
41.737,-87.601,1
41.737,-87.587,1
41.737,-87.584,2
41.737,-87.582,1
41.737,-87.578,1
41.737,-87.576,2
41.737,-87.575,1
41.737,-87.562,1
41.737,-87.557,2
41.737,-87.556,2
41.737,-87.553,1
41.737,-87.552,1
41.737,-87.551,5
41.737,-87.546,2
41.738,-87.728,1
41.738,-87.726,1
41.738,-87.663,1
41.738,-87.661,2
41.738,-87.642,1
41.738,-87.61,1
41.738,-87.609,1
41.738,-87.605,1
41.738,-87.585,2
41.738,-87.579,1
41.738,-87.551,2
41.739,-87.736,1
41.739,-87.722,2
41.739,-87.696,1
41.739,-87.692,1
41.739,-87.665,1
41.739,-87.664,1
41.739,-87.661,1
41.739,-87.653,1
41.739,-87.651,1
41.739,-87.649,1
41.739,-87.647,1
41.739,-87.641,1
41.739,-87.64,1
41.739,-87.639,1
41.739,-87.613,1
41.739,-87.61,1
41.739,-87.605,2
41.739,-87.593,1
41.739,-87.586,2
41.739,-87.554,1
41.739,-87.551,1
41.739,-87.549,1
41.74,-87.74,1
41.74,-87.728,1
41.74,-87.718,1
41.74,-87.713,1
41.74,-87.702,1
41.74,-87.647,2
41.74,-87.644,1
41.74,-87.638,1
41.74,-87.616,2
41.74,-87.615,1
41.74,-87.605,6
41.74,-87.596,1
41.74,-87.579,1
41.74,-87.566,1
41.74,-87.561,1
41.741,-87.722,2
41.741,-87.715,1
41.741,-87.714,1
41.741,-87.707,1
41.741,-87.705,1
41.741,-87.698,1
41.741,-87.677,1
41.741,-87.656,1
41.741,-87.652,1
41.741,-87.651,1
41.741,-87.649,1
41.741,-87.645,1
41.741,-87.638,1
41.741,-87.61,1
41.741,-87.586,1
41.741,-87.569,1
41.741,-87.545,1
41.742,-87.722,1
41.742,-87.703,1
41.742,-87.702,1
41.742,-87.698,1
41.742,-87.677,1
41.742,-87.641,1
41.742,-87.617,3
41.742,-87.607,1
41.742,-87.605,1
41.742,-87.604,1
41.742,-87.584,1
41.742,-87.581,1
41.742,-87.576,1
41.742,-87.569,1
41.742,-87.562,1
41.742,-87.559,1
41.743,-87.737,1
41.743,-87.72,1
41.743,-87.699,1
41.743,-87.688,1
41.743,-87.679,1
41.743,-87.664,2
41.743,-87.663,2
41.743,-87.66,1
41.743,-87.658,1
41.743,-87.657,1
41.743,-87.654,1
41.743,-87.649,1
41.743,-87.647,1
41.743,-87.646,1
41.743,-87.645,1
41.743,-87.644,2
41.743,-87.637,1
41.743,-87.634,6
41.743,-87.632,1
41.743,-87.624,1
41.743,-87.618,1
41.743,-87.615,2
41.743,-87.611,2
41.743,-87.605,5
41.743,-87.601,1
41.743,-87.572,1
41.743,-87.556,1
41.743,-87.548,1
41.744,-87.719,1
41.744,-87.702,1
41.744,-87.692,1
41.744,-87.69,1
41.744,-87.664,1
41.744,-87.663,2
41.744,-87.66,1
41.744,-87.646,1
41.744,-87.644,1
41.744,-87.634,1
41.744,-87.633,1
41.744,-87.632,3
41.744,-87.631,1
41.744,-87.605,2
41.744,-87.603,1
41.744,-87.601,1
41.744,-87.586,1
41.744,-87.576,1
41.744,-87.575,1
41.744,-87.566,1
41.744,-87.56,1
41.744,-87.553,1
41.744,-87.551,1
41.744,-87.545,1
41.745,-87.741,1
41.745,-87.735,2
41.745,-87.722,3
41.745,-87.702,2
41.745,-87.67,1
41.745,-87.665,1
41.745,-87.655,1
41.745,-87.654,1
41.745,-87.652,1
41.745,-87.648,1
41.745,-87.645,1
41.745,-87.629,3
41.745,-87.621,1
41.745,-87.615,1
41.745,-87.606,3
41.745,-87.605,3
41.745,-87.604,3
41.745,-87.603,4
41.745,-87.601,2
41.745,-87.6,3
41.745,-87.561,1
41.745,-87.556,1
41.745,-87.552,1
41.745,-87.55,1
41.746,-87.702,2
41.746,-87.691,2
41.746,-87.683,1
41.746,-87.667,1
41.746,-87.666,1
41.746,-87.665,1
41.746,-87.663,4
41.746,-87.662,2
41.746,-87.654,1
41.746,-87.644,3
41.746,-87.605,1
41.746,-87.604,3
41.746,-87.603,1
41.746,-87.602,1
41.746,-87.586,1
41.746,-87.575,1
41.746,-87.574,1
41.746,-87.571,1
41.746,-87.569,1
41.746,-87.562,1
41.746,-87.561,1
41.746,-87.554,1
41.746,-87.55,1
41.746,-87.548,1
41.747,-87.741,1
41.747,-87.695,1
41.747,-87.665,2
41.747,-87.659,1
41.747,-87.646,1
41.747,-87.644,1
41.747,-87.643,1
41.747,-87.63,1
41.747,-87.626,1
41.747,-87.624,2
41.747,-87.619,1
41.747,-87.616,1
41.747,-87.609,1
41.747,-87.608,1
41.747,-87.606,1
41.747,-87.605,6
41.747,-87.603,4
41.747,-87.601,2
41.747,-87.6,3
41.747,-87.594,1
41.747,-87.585,3
41.747,-87.572,1
41.747,-87.556,1
41.748,-87.741,3
41.748,-87.736,1
41.748,-87.702,1
41.748,-87.695,1
41.748,-87.685,1
41.748,-87.672,1
41.748,-87.666,1
41.748,-87.663,2
41.748,-87.661,1
41.748,-87.65,2
41.748,-87.648,1
41.748,-87.645,2
41.748,-87.644,4
41.748,-87.635,1
41.748,-87.634,1
41.748,-87.632,1
41.748,-87.631,1
41.748,-87.626,2
41.748,-87.605,1
41.748,-87.601,4
41.748,-87.597,1
41.748,-87.576,1
41.748,-87.573,1
41.748,-87.561,1
41.748,-87.558,1
41.748,-87.556,2
41.748,-87.555,3
41.748,-87.554,1
41.748,-87.548,1
41.749,-87.741,1
41.749,-87.737,1
41.749,-87.73,1
41.749,-87.724,1
41.749,-87.715,1
41.749,-87.707,1
41.749,-87.702,1
41.749,-87.697,1
41.749,-87.696,1
41.749,-87.694,1
41.749,-87.671,1
41.749,-87.665,1
41.749,-87.661,1
41.749,-87.659,1
41.749,-87.654,1
41.749,-87.652,1
41.749,-87.649,1
41.749,-87.646,1
41.749,-87.624,2
41.749,-87.622,1
41.749,-87.616,1
41.749,-87.612,1
41.749,-87.61,1
41.749,-87.608,1
41.749,-87.607,1
41.749,-87.605,3
41.749,-87.603,1
41.749,-87.6,1
41.749,-87.595,1
41.749,-87.594,1
41.749,-87.587,1
41.749,-87.58,1
41.749,-87.571,1
41.749,-87.565,1
41.749,-87.558,1
41.749,-87.555,1
41.749,-87.554,1
41.749,-87.552,1
41.75,-87.721,1
41.75,-87.718,2
41.75,-87.71,1
41.75,-87.703,2
41.75,-87.689,1
41.75,-87.687,1
41.75,-87.684,1
41.75,-87.683,3
41.75,-87.681,1
41.75,-87.675,1
41.75,-87.674,2
41.75,-87.673,2
41.75,-87.671,2
41.75,-87.667,4
41.75,-87.666,9
41.75,-87.665,6
41.75,-87.664,3
41.75,-87.663,11
41.75,-87.662,2
41.75,-87.661,1
41.75,-87.659,1
41.75,-87.658,1
41.75,-87.656,3
41.75,-87.654,2
41.75,-87.653,1
41.75,-87.651,3
41.75,-87.649,2
41.75,-87.646,3
41.75,-87.644,12
41.75,-87.643,1
41.75,-87.642,1
41.75,-87.639,1
41.75,-87.634,1
41.75,-87.633,1
41.75,-87.632,1
41.75,-87.629,2
41.75,-87.625,2
41.75,-87.62,1
41.75,-87.615,1
41.75,-87.614,1
41.75,-87.612,1
41.75,-87.61,1
41.75,-87.605,1
41.75,-87.601,1
41.75,-87.6,3
41.75,-87.595,1
41.75,-87.586,1
41.75,-87.57,1
41.75,-87.568,1
41.75,-87.566,1
41.75,-87.564,1
41.75,-87.56,1
41.75,-87.559,1
41.75,-87.554,2
41.751,-87.732,1
41.751,-87.71,1
41.751,-87.704,1
41.751,-87.683,8
41.751,-87.682,1
41.751,-87.676,1
41.751,-87.671,1
41.751,-87.663,2
41.751,-87.654,1
41.751,-87.651,1
41.751,-87.649,3
41.751,-87.647,1
41.751,-87.645,1
41.751,-87.644,2
41.751,-87.643,1
41.751,-87.642,1
41.751,-87.638,1
41.751,-87.635,1
41.751,-87.634,7
41.751,-87.631,1
41.751,-87.63,1
41.751,-87.629,1
41.751,-87.628,2
41.751,-87.626,5
41.751,-87.625,18
41.751,-87.624,1
41.751,-87.623,2
41.751,-87.622,1
41.751,-87.621,4
41.751,-87.617,1
41.751,-87.616,1
41.751,-87.615,6
41.751,-87.614,4
41.751,-87.613,1
41.751,-87.612,8
41.751,-87.611,1
41.751,-87.61,2
41.751,-87.609,2
41.751,-87.607,1
41.751,-87.606,3
41.751,-87.605,15
41.751,-87.604,2
41.751,-87.602,2
41.751,-87.6,1
41.751,-87.595,1
41.751,-87.586,2
41.751,-87.582,2
41.751,-87.576,5
41.751,-87.571,3
41.751,-87.57,1
41.751,-87.569,2
41.751,-87.566,2
41.751,-87.565,1
41.751,-87.564,1
41.751,-87.563,1
41.751,-87.561,2
41.751,-87.56,1
41.751,-87.559,1
41.751,-87.558,1
41.751,-87.555,1
41.751,-87.554,1
41.751,-87.553,6
41.752,-87.666,4
41.752,-87.665,3
41.752,-87.663,1
41.752,-87.662,1
41.752,-87.659,1
41.752,-87.657,3
41.752,-87.654,3
41.752,-87.65,1
41.752,-87.649,1
41.752,-87.644,1
41.752,-87.637,1
41.752,-87.634,1
41.752,-87.621,1
41.752,-87.618,1
41.752,-87.605,1
41.752,-87.604,2
41.752,-87.599,1
41.752,-87.594,1
41.752,-87.584,1
41.752,-87.583,1
41.752,-87.582,1
41.752,-87.578,1
41.752,-87.577,1
41.752,-87.575,2
41.752,-87.567,1
41.752,-87.566,1
41.752,-87.563,2
41.752,-87.562,2
41.752,-87.56,2
41.752,-87.559,1
41.752,-87.557,1
41.752,-87.551,1
41.752,-87.548,2
41.753,-87.723,2
41.753,-87.707,2
41.753,-87.704,1
41.753,-87.702,2
41.753,-87.664,1
41.753,-87.655,1
41.753,-87.653,1
41.753,-87.651,1
41.753,-87.648,1
41.753,-87.644,1
41.753,-87.637,1
41.753,-87.625,1
41.753,-87.619,1
41.753,-87.609,1
41.753,-87.605,1
41.753,-87.582,1
41.753,-87.58,1
41.753,-87.578,2
41.753,-87.576,3
41.753,-87.575,1
41.753,-87.574,1
41.753,-87.572,1
41.753,-87.566,2
41.753,-87.565,2
41.753,-87.564,1
41.753,-87.56,2
41.753,-87.558,1
41.753,-87.557,1
41.753,-87.556,1
41.753,-87.554,1
41.753,-87.553,1
41.753,-87.55,1
41.754,-87.717,1
41.754,-87.694,1
41.754,-87.667,1
41.754,-87.661,1
41.754,-87.654,1
41.754,-87.653,1
41.754,-87.651,1
41.754,-87.648,2
41.754,-87.647,1
41.754,-87.645,1
41.754,-87.644,1
41.754,-87.643,1
41.754,-87.642,4
41.754,-87.641,1
41.754,-87.633,1
41.754,-87.626,1
41.754,-87.615,1
41.754,-87.613,1
41.754,-87.604,1
41.754,-87.594,1
41.754,-87.582,1
41.754,-87.574,1
41.754,-87.569,1
41.754,-87.566,1
41.754,-87.565,1
41.754,-87.559,2
41.754,-87.555,1
41.754,-87.554,1
41.754,-87.55,1
41.755,-87.742,8
41.755,-87.725,1
41.755,-87.722,1
41.755,-87.715,1
41.755,-87.673,1
41.755,-87.667,1
41.755,-87.665,1
41.755,-87.664,3
41.755,-87.662,1
41.755,-87.66,1
41.755,-87.655,1
41.755,-87.654,1
41.755,-87.653,1
41.755,-87.649,1
41.755,-87.643,2
41.755,-87.582,1
41.755,-87.576,3
41.755,-87.565,2
41.755,-87.563,4
41.755,-87.562,1
41.755,-87.557,2
41.755,-87.553,1
41.755,-87.551,1
41.756,-87.719,1
41.756,-87.676,1
41.756,-87.675,1
41.756,-87.657,1
41.756,-87.655,1
41.756,-87.654,2
41.756,-87.649,1
41.756,-87.647,3
41.756,-87.645,3
41.756,-87.644,3
41.756,-87.643,2
41.756,-87.633,1
41.756,-87.626,1
41.756,-87.625,3
41.756,-87.624,2
41.756,-87.623,1
41.756,-87.617,1
41.756,-87.614,1
41.756,-87.609,1
41.756,-87.608,1
41.756,-87.605,2
41.756,-87.603,1
41.756,-87.599,1
41.756,-87.59,1
41.756,-87.588,1
41.756,-87.585,1
41.756,-87.576,1
41.756,-87.565,1
41.756,-87.564,1
41.756,-87.563,1
41.756,-87.561,1
41.756,-87.56,1
41.756,-87.554,1
41.757,-87.671,1
41.757,-87.664,4
41.757,-87.654,2
41.757,-87.653,1
41.757,-87.651,3
41.757,-87.65,1
41.757,-87.649,1
41.757,-87.645,1
41.757,-87.644,2
41.757,-87.643,1
41.757,-87.625,1
41.757,-87.606,1
41.757,-87.599,1
41.757,-87.594,1
41.757,-87.593,7
41.757,-87.588,2
41.757,-87.586,3
41.757,-87.58,1
41.757,-87.566,1
41.757,-87.563,4
41.757,-87.561,3
41.757,-87.558,1
41.757,-87.557,1
41.757,-87.556,1
41.757,-87.553,3
41.758,-87.646,1
41.758,-87.644,1
41.758,-87.638,1
41.758,-87.637,1
41.758,-87.636,1
41.758,-87.634,5
41.758,-87.627,1
41.758,-87.625,2
41.758,-87.624,1
41.758,-87.623,2
41.758,-87.622,4
41.758,-87.621,1
41.758,-87.62,1
41.758,-87.617,1
41.758,-87.611,2
41.758,-87.609,2
41.758,-87.607,1
41.758,-87.605,2
41.758,-87.604,1
41.758,-87.599,1
41.758,-87.598,1
41.758,-87.592,1
41.758,-87.59,2
41.758,-87.586,6
41.758,-87.583,1
41.758,-87.576,2
41.758,-87.575,1
41.758,-87.572,1
41.758,-87.566,1
41.758,-87.564,2
41.758,-87.55,1
41.759,-87.742,1
41.759,-87.664,1
41.759,-87.659,1
41.759,-87.652,1
41.759,-87.644,1
41.759,-87.637,2
41.759,-87.636,1
41.759,-87.635,2
41.759,-87.622,2
41.759,-87.609,1
41.759,-87.607,1
41.759,-87.605,3
41.759,-87.604,1
41.759,-87.603,1
41.759,-87.601,1
41.759,-87.6,1
41.759,-87.596,1
41.759,-87.59,1
41.759,-87.588,1
41.759,-87.587,2
41.759,-87.586,7
41.759,-87.585,3
41.759,-87.582,1
41.759,-87.576,1
41.759,-87.569,1
41.759,-87.567,2
41.759,-87.566,2
41.759,-87.563,1
41.759,-87.56,9
41.759,-87.559,1
41.759,-87.557,1
41.76,-87.689,1
41.76,-87.681,1
41.76,-87.673,1
41.76,-87.67,1
41.76,-87.664,3
41.76,-87.662,1
41.76,-87.655,2
41.76,-87.654,1
41.76,-87.653,1
41.76,-87.649,1
41.76,-87.638,1
41.76,-87.623,1
41.76,-87.622,1
41.76,-87.62,1
41.76,-87.617,1
41.76,-87.614,1
41.76,-87.612,1
41.76,-87.603,2
41.76,-87.592,1
41.76,-87.588,1
41.76,-87.587,1
41.76,-87.585,1
41.76,-87.571,1
41.76,-87.566,2
41.76,-87.565,1
41.76,-87.562,1
41.76,-87.559,1
41.76,-87.558,1
41.761,-87.708,1
41.761,-87.704,1
41.761,-87.687,1
41.761,-87.682,1
41.761,-87.681,1
41.761,-87.675,1
41.761,-87.668,1
41.761,-87.667,1
41.761,-87.666,1
41.761,-87.663,1
41.761,-87.662,1
41.761,-87.658,1
41.761,-87.652,1
41.761,-87.646,1
41.761,-87.644,4
41.761,-87.643,2
41.761,-87.63,1
41.761,-87.628,1
41.761,-87.626,1
41.761,-87.625,1
41.761,-87.623,1
41.761,-87.609,1
41.761,-87.591,1
41.761,-87.586,1
41.761,-87.579,1
41.761,-87.566,1
41.761,-87.565,1
41.761,-87.563,1
41.761,-87.56,2
41.762,-87.704,2
41.762,-87.702,1
41.762,-87.695,1
41.762,-87.686,1
41.762,-87.683,3
41.762,-87.675,1
41.762,-87.665,2
41.762,-87.659,1
41.762,-87.644,1
41.762,-87.643,1
41.762,-87.641,1
41.762,-87.631,1
41.762,-87.615,1
41.762,-87.614,1
41.762,-87.603,2
41.762,-87.6,1
41.762,-87.593,1
41.762,-87.591,1
41.762,-87.588,1
41.762,-87.586,1
41.762,-87.583,1
41.762,-87.58,1
41.762,-87.579,1
41.762,-87.577,1
41.762,-87.576,3
41.762,-87.563,1
41.762,-87.558,1
41.763,-87.722,1
41.763,-87.654,1
41.763,-87.644,1
41.763,-87.643,3
41.763,-87.641,2
41.763,-87.638,1
41.763,-87.635,1
41.763,-87.63,2
41.763,-87.627,1
41.763,-87.625,1
41.763,-87.622,1
41.763,-87.612,1
41.763,-87.61,3
41.763,-87.608,4
41.763,-87.588,1
41.763,-87.586,5
41.763,-87.582,1
41.763,-87.575,1
41.763,-87.573,1
41.763,-87.568,1
41.763,-87.566,1
41.763,-87.564,1
41.764,-87.722,4
41.764,-87.72,1
41.764,-87.704,1
41.764,-87.703,3
41.764,-87.702,1
41.764,-87.7,3
41.764,-87.695,1
41.764,-87.694,1
41.764,-87.693,2
41.764,-87.689,3
41.764,-87.687,1
41.764,-87.683,3
41.764,-87.682,1
41.764,-87.676,1
41.764,-87.675,1
41.764,-87.674,1
41.764,-87.672,1
41.764,-87.671,1
41.764,-87.664,1
41.764,-87.663,1
41.764,-87.66,1
41.764,-87.653,2
41.764,-87.65,1
41.764,-87.649,1
41.764,-87.631,1
41.764,-87.63,1
41.764,-87.629,1
41.764,-87.628,1
41.764,-87.627,1
41.764,-87.609,1
41.764,-87.585,1
41.764,-87.582,1
41.764,-87.576,1
41.764,-87.573,1
41.764,-87.568,1
41.764,-87.566,1
41.764,-87.565,2
41.765,-87.693,3
41.765,-87.692,1
41.765,-87.69,1
41.765,-87.686,1
41.765,-87.674,1
41.765,-87.667,1
41.765,-87.664,4
41.765,-87.662,1
41.765,-87.657,2
41.765,-87.656,1
41.765,-87.654,1
41.765,-87.648,3
41.765,-87.644,6
41.765,-87.64,1
41.765,-87.638,1
41.765,-87.63,2
41.765,-87.628,4
41.765,-87.627,1
41.765,-87.625,8
41.765,-87.624,1
41.765,-87.623,4
41.765,-87.62,2
41.765,-87.615,1
41.765,-87.613,1
41.765,-87.61,1
41.765,-87.609,1
41.765,-87.605,1
41.765,-87.59,1
41.765,-87.588,1
41.765,-87.581,1
41.765,-87.579,1
41.765,-87.577,2
41.765,-87.576,4
41.765,-87.566,1
41.765,-87.565,1
41.765,-87.561,1
41.766,-87.722,1
41.766,-87.689,3
41.766,-87.687,1
41.766,-87.684,5
41.766,-87.683,2
41.766,-87.674,1
41.766,-87.67,1
41.766,-87.666,1
41.766,-87.665,1
41.766,-87.664,9
41.766,-87.661,1
41.766,-87.653,1
41.766,-87.652,1
41.766,-87.648,1
41.766,-87.644,1
41.766,-87.643,1
41.766,-87.638,1
41.766,-87.637,1
41.766,-87.63,1
41.766,-87.625,1
41.766,-87.623,3
41.766,-87.621,1
41.766,-87.62,2
41.766,-87.615,1
41.766,-87.607,1
41.766,-87.592,1
41.766,-87.591,1
41.766,-87.59,2
41.766,-87.587,1
41.766,-87.586,3
41.766,-87.582,4
41.766,-87.58,1
41.766,-87.579,1
41.766,-87.578,4
41.766,-87.576,11
41.766,-87.575,2
41.766,-87.574,3
41.766,-87.572,1
41.766,-87.571,2
41.766,-87.566,2
41.767,-87.689,1
41.767,-87.688,1
41.767,-87.684,1
41.767,-87.681,1
41.767,-87.657,1
41.767,-87.653,1
41.767,-87.649,1
41.767,-87.641,1
41.767,-87.639,1
41.767,-87.638,2
41.767,-87.637,1
41.767,-87.635,1
41.767,-87.631,1
41.767,-87.63,1
41.767,-87.627,4
41.767,-87.625,1
41.767,-87.623,2
41.767,-87.622,1
41.767,-87.62,2
41.767,-87.613,1
41.767,-87.606,2
41.767,-87.589,1
41.767,-87.586,3
41.767,-87.583,1
41.767,-87.581,1
41.767,-87.576,2
41.767,-87.575,2
41.767,-87.573,1
41.767,-87.57,1
41.768,-87.696,1
41.768,-87.693,1
41.768,-87.689,1
41.768,-87.688,1
41.768,-87.687,3
41.768,-87.686,2
41.768,-87.685,4
41.768,-87.683,6
41.768,-87.677,1
41.768,-87.672,1
41.768,-87.671,1
41.768,-87.668,1
41.768,-87.664,10
41.768,-87.659,2
41.768,-87.658,1
41.768,-87.652,1
41.768,-87.651,1
41.768,-87.648,1
41.768,-87.646,1
41.768,-87.644,3
41.768,-87.643,1
41.768,-87.641,2
41.768,-87.63,1
41.768,-87.628,1
41.768,-87.623,2
41.768,-87.616,1
41.768,-87.59,2
41.768,-87.576,1
41.768,-87.573,1
41.768,-87.572,1
41.768,-87.568,1
41.769,-87.689,2
41.769,-87.686,1
41.769,-87.683,1
41.769,-87.676,1
41.769,-87.67,1
41.769,-87.668,1
41.769,-87.667,1
41.769,-87.666,1
41.769,-87.664,2
41.769,-87.663,1
41.769,-87.662,1
41.769,-87.661,1
41.769,-87.659,2
41.769,-87.658,1
41.769,-87.649,1
41.769,-87.648,1
41.769,-87.631,1
41.769,-87.63,3
41.769,-87.628,1
41.769,-87.627,5
41.769,-87.626,20
41.769,-87.625,2
41.769,-87.623,2
41.769,-87.622,2
41.769,-87.621,1
41.769,-87.62,1
41.769,-87.615,1
41.769,-87.61,1
41.769,-87.606,1
41.769,-87.594,1
41.769,-87.59,1
41.769,-87.586,1
41.769,-87.583,1
41.769,-87.581,1
41.769,-87.579,1
41.769,-87.575,1
41.769,-87.574,1
41.769,-87.571,2
41.769,-87.57,2
41.769,-87.567,2
41.77,-87.725,1
41.77,-87.723,1
41.77,-87.721,1
41.77,-87.716,1
41.77,-87.691,1
41.77,-87.686,1
41.77,-87.685,1
41.77,-87.683,1
41.77,-87.668,1
41.77,-87.665,1
41.77,-87.664,3
41.77,-87.663,1
41.77,-87.659,1
41.77,-87.658,1
41.77,-87.654,1
41.77,-87.653,1
41.77,-87.646,1
41.77,-87.645,1
41.77,-87.642,1
41.77,-87.637,1
41.77,-87.63,1
41.77,-87.627,1
41.77,-87.623,1
41.77,-87.615,1
41.77,-87.585,1
41.77,-87.584,1
41.77,-87.573,2
41.771,-87.732,2
41.771,-87.723,1
41.771,-87.72,1
41.771,-87.703,1
41.771,-87.693,1
41.771,-87.686,1
41.771,-87.683,3
41.771,-87.682,1
41.771,-87.681,1
41.771,-87.664,1
41.771,-87.663,2
41.771,-87.659,3
41.771,-87.649,1
41.771,-87.637,2
41.771,-87.636,1
41.771,-87.621,1
41.771,-87.62,1
41.771,-87.612,1
41.771,-87.611,1
41.771,-87.609,1
41.771,-87.591,3
41.771,-87.59,1
41.771,-87.588,1
41.771,-87.586,2
41.771,-87.584,3
41.771,-87.579,1
41.772,-87.704,1
41.772,-87.703,1
41.772,-87.694,1
41.772,-87.683,2
41.772,-87.68,1
41.772,-87.67,1
41.772,-87.665,1
41.772,-87.664,2
41.772,-87.663,1
41.772,-87.662,1
41.772,-87.66,1
41.772,-87.657,1
41.772,-87.654,1
41.772,-87.651,1
41.772,-87.649,1
41.772,-87.648,1
41.772,-87.645,3
41.772,-87.642,1
41.772,-87.639,1
41.772,-87.635,1
41.772,-87.625,1
41.772,-87.62,1
41.772,-87.587,2
41.772,-87.586,1
41.772,-87.577,1
41.772,-87.572,1
41.773,-87.732,1
41.773,-87.718,1
41.773,-87.709,1
41.773,-87.706,1
41.773,-87.704,1
41.773,-87.701,1
41.773,-87.693,2
41.773,-87.692,3
41.773,-87.687,1
41.773,-87.683,1
41.773,-87.681,1
41.773,-87.676,1
41.773,-87.665,2
41.773,-87.662,1
41.773,-87.645,2
41.773,-87.643,1
41.773,-87.642,1
41.773,-87.633,1
41.773,-87.624,1
41.773,-87.621,1
41.773,-87.613,1
41.773,-87.609,1
41.773,-87.608,1
41.773,-87.607,1
41.773,-87.606,6
41.773,-87.605,1
41.773,-87.6,1
41.773,-87.593,1
41.773,-87.592,2
41.773,-87.591,1
41.773,-87.59,1
41.773,-87.587,1
41.773,-87.586,6
41.773,-87.585,3
41.773,-87.584,2
41.773,-87.583,4
41.773,-87.582,2
41.773,-87.58,1
41.773,-87.576,7
41.773,-87.575,1
41.773,-87.572,2
41.773,-87.57,3
41.773,-87.567,1
41.774,-87.742,1
41.774,-87.725,1
41.774,-87.723,1
41.774,-87.718,1
41.774,-87.702,1
41.774,-87.693,1
41.774,-87.692,1
41.774,-87.664,1
41.774,-87.651,1
41.774,-87.649,1
41.774,-87.646,1
41.774,-87.645,3
41.774,-87.644,1
41.774,-87.636,2
41.774,-87.632,1
41.774,-87.628,1
41.774,-87.615,2
41.774,-87.614,1
41.774,-87.611,1
41.774,-87.606,1
41.774,-87.605,1
41.774,-87.6,2
41.774,-87.597,1
41.774,-87.596,1
41.774,-87.59,1
41.774,-87.586,4
41.775,-87.753,1
41.775,-87.729,1
41.775,-87.728,1
41.775,-87.723,1
41.775,-87.702,1
41.775,-87.701,1
41.775,-87.698,2
41.775,-87.694,1
41.775,-87.693,1
41.775,-87.692,1
41.775,-87.688,1
41.775,-87.684,1
41.775,-87.676,1
41.775,-87.667,1
41.775,-87.663,1
41.775,-87.654,1
41.775,-87.652,1
41.775,-87.65,1
41.775,-87.647,2
41.775,-87.636,1
41.775,-87.635,1
41.775,-87.633,1
41.775,-87.632,1
41.775,-87.625,2
41.775,-87.61,4
41.775,-87.603,1
41.775,-87.596,1
41.775,-87.586,3
41.776,-87.742,2
41.776,-87.724,1
41.776,-87.723,1
41.776,-87.704,1
41.776,-87.703,2
41.776,-87.692,1
41.776,-87.691,1
41.776,-87.69,1
41.776,-87.686,1
41.776,-87.683,1
41.776,-87.646,1
41.776,-87.645,2
41.776,-87.638,1
41.776,-87.637,1
41.776,-87.616,1
41.776,-87.614,1
41.776,-87.609,1
41.776,-87.607,1
41.776,-87.606,2
41.776,-87.599,1
41.776,-87.595,1
41.776,-87.59,1
41.776,-87.586,2
41.776,-87.57,1
41.777,-87.797,1
41.777,-87.76,1
41.777,-87.732,1
41.777,-87.717,1
41.777,-87.703,1
41.777,-87.696,1
41.777,-87.693,1
41.777,-87.692,1
41.777,-87.69,2
41.777,-87.688,6
41.777,-87.686,1
41.777,-87.684,2
41.777,-87.675,1
41.777,-87.671,2
41.777,-87.668,1
41.777,-87.667,1
41.777,-87.664,2
41.777,-87.663,1
41.777,-87.654,1
41.777,-87.651,1
41.777,-87.641,2
41.777,-87.615,1
41.777,-87.605,1
41.777,-87.604,1
41.778,-87.783,1
41.778,-87.779,1
41.778,-87.776,1
41.778,-87.775,1
41.778,-87.762,1
41.778,-87.742,2
41.778,-87.74,1
41.778,-87.728,1
41.778,-87.702,1
41.778,-87.701,3
41.778,-87.699,1
41.778,-87.698,1
41.778,-87.696,2
41.778,-87.692,2
41.778,-87.689,2
41.778,-87.684,1
41.778,-87.673,1
41.778,-87.667,2
41.778,-87.662,1
41.778,-87.658,1
41.778,-87.657,1
41.778,-87.644,1
41.778,-87.634,2
41.778,-87.632,1
41.778,-87.616,8
41.778,-87.611,1
41.778,-87.603,2
41.778,-87.6,1
41.778,-87.599,4
41.778,-87.586,3
41.779,-87.733,1
41.779,-87.73,1
41.779,-87.726,1
41.779,-87.724,2
41.779,-87.721,1
41.779,-87.71,1
41.779,-87.706,2
41.779,-87.704,2
41.779,-87.703,1
41.779,-87.701,3
41.779,-87.699,1
41.779,-87.698,2
41.779,-87.697,1
41.779,-87.696,2
41.779,-87.695,4
41.779,-87.694,1
41.779,-87.693,4
41.779,-87.691,1
41.779,-87.69,3
41.779,-87.689,4
41.779,-87.688,5
41.779,-87.686,2
41.779,-87.685,2
41.779,-87.684,6
41.779,-87.683,1
41.779,-87.682,1
41.779,-87.678,1
41.779,-87.677,2
41.779,-87.676,2
41.779,-87.675,2
41.779,-87.674,4
41.779,-87.673,2
41.779,-87.671,2
41.779,-87.668,1
41.779,-87.666,1
41.779,-87.665,1
41.779,-87.664,23
41.779,-87.663,2
41.779,-87.662,1
41.779,-87.654,4
41.779,-87.653,1
41.779,-87.65,3
41.779,-87.645,3
41.779,-87.641,2
41.779,-87.617,3
41.779,-87.616,4
41.779,-87.606,1
41.779,-87.604,1
41.779,-87.596,1
41.78,-87.741,1
41.78,-87.706,1
41.78,-87.703,3
41.78,-87.702,2
41.78,-87.701,2
41.78,-87.698,1
41.78,-87.696,1
41.78,-87.693,1
41.78,-87.692,1
41.78,-87.691,1
41.78,-87.69,1
41.78,-87.689,3
41.78,-87.685,1
41.78,-87.684,4
41.78,-87.664,4
41.78,-87.657,1
41.78,-87.655,1
41.78,-87.654,2
41.78,-87.651,1
41.78,-87.65,1
41.78,-87.649,1
41.78,-87.646,1
41.78,-87.645,3
41.78,-87.642,2
41.78,-87.641,7
41.78,-87.639,1
41.78,-87.635,1
41.78,-87.632,5
41.78,-87.631,12
41.78,-87.63,1
41.78,-87.629,3
41.78,-87.627,1
41.78,-87.626,1
41.78,-87.616,9
41.78,-87.615,2
41.78,-87.614,1
41.78,-87.613,3
41.78,-87.611,3
41.78,-87.609,1
41.78,-87.608,1
41.78,-87.606,7
41.78,-87.605,1
41.78,-87.603,4
41.78,-87.596,1
41.78,-87.591,1
41.78,-87.586,2
41.781,-87.703,1
41.781,-87.691,1
41.781,-87.689,3
41.781,-87.687,2
41.781,-87.686,1
41.781,-87.674,1
41.781,-87.672,1
41.781,-87.67,2
41.781,-87.667,1
41.781,-87.665,1
41.781,-87.664,3
41.781,-87.663,2
41.781,-87.659,2
41.781,-87.658,1
41.781,-87.653,4
41.781,-87.652,1
41.781,-87.645,1
41.781,-87.643,3
41.781,-87.641,1
41.781,-87.625,1
41.781,-87.624,1
41.781,-87.617,1
41.781,-87.616,2
41.781,-87.613,2
41.781,-87.606,3
41.781,-87.601,1
41.781,-87.594,1
41.781,-87.587,1
41.782,-87.789,1
41.782,-87.739,1
41.782,-87.729,1
41.782,-87.719,1
41.782,-87.718,1
41.782,-87.714,1
41.782,-87.713,1
41.782,-87.703,1
41.782,-87.702,1
41.782,-87.701,2
41.782,-87.7,1
41.782,-87.698,1
41.782,-87.697,1
41.782,-87.695,1
41.782,-87.693,2
41.782,-87.692,1
41.782,-87.691,5
41.782,-87.69,1
41.782,-87.687,1
41.782,-87.686,3
41.782,-87.685,1
41.782,-87.684,1
41.782,-87.669,1
41.782,-87.664,2
41.782,-87.663,1
41.782,-87.662,1
41.782,-87.661,1
41.782,-87.657,1
41.782,-87.651,1
41.782,-87.65,1
41.782,-87.649,1
41.782,-87.641,1
41.782,-87.635,1
41.782,-87.621,1
41.782,-87.616,1
41.782,-87.614,2
41.782,-87.613,3
41.782,-87.606,1
41.782,-87.604,1
41.782,-87.601,1
41.782,-87.598,1
41.783,-87.719,1
41.783,-87.703,2
41.783,-87.701,1
41.783,-87.7,1
41.783,-87.689,1
41.783,-87.686,1
41.783,-87.664,4
41.783,-87.661,1
41.783,-87.658,1
41.783,-87.655,1
41.783,-87.653,1
41.783,-87.651,2
41.783,-87.65,2
41.783,-87.646,1
41.783,-87.639,1
41.783,-87.638,1
41.783,-87.624,4
41.783,-87.622,4
41.783,-87.621,2
41.783,-87.619,1
41.783,-87.616,3
41.783,-87.614,2
41.783,-87.613,2
41.783,-87.598,1
41.783,-87.595,2
41.784,-87.736,1
41.784,-87.725,1
41.784,-87.723,1
41.784,-87.709,1
41.784,-87.703,3
41.784,-87.701,1
41.784,-87.7,1
41.784,-87.697,1
41.784,-87.695,1
41.784,-87.694,1
41.784,-87.692,1
41.784,-87.69,1
41.784,-87.687,1
41.784,-87.686,1
41.784,-87.684,1
41.784,-87.674,1
41.784,-87.672,2
41.784,-87.67,1
41.784,-87.663,1
41.784,-87.661,1
41.784,-87.659,1
41.784,-87.653,1
41.784,-87.651,1
41.784,-87.644,1
41.784,-87.629,1
41.784,-87.613,1
41.784,-87.606,1
41.784,-87.604,1
41.784,-87.593,1
41.784,-87.588,1
41.785,-87.762,1
41.785,-87.694,1
41.785,-87.662,1
41.785,-87.661,1
41.785,-87.655,1
41.785,-87.654,1
41.785,-87.65,1
41.785,-87.625,1
41.785,-87.624,1
41.785,-87.621,2
41.785,-87.617,1
41.785,-87.613,2
41.785,-87.612,1
41.785,-87.609,1
41.785,-87.606,1
41.785,-87.604,1
41.786,-87.739,6
41.786,-87.737,1
41.786,-87.733,1
41.786,-87.726,1
41.786,-87.723,2
41.786,-87.721,1
41.786,-87.716,1
41.786,-87.703,2
41.786,-87.698,2
41.786,-87.695,1
41.786,-87.694,2
41.786,-87.693,1
41.786,-87.692,1
41.786,-87.691,3
41.786,-87.69,1
41.786,-87.689,5
41.786,-87.688,1
41.786,-87.687,1
41.786,-87.686,1
41.786,-87.684,3
41.786,-87.673,2
41.786,-87.67,1
41.786,-87.666,1
41.786,-87.664,3
41.786,-87.662,1
41.786,-87.657,2
41.786,-87.655,1
41.786,-87.653,1
41.786,-87.652,1
41.786,-87.65,3
41.786,-87.649,1
41.786,-87.621,1
41.786,-87.62,1
41.786,-87.613,1
41.786,-87.607,1
41.787,-87.734,1
41.787,-87.717,1
41.787,-87.703,1
41.787,-87.687,1
41.787,-87.684,1
41.787,-87.679,1
41.787,-87.677,1
41.787,-87.669,2
41.787,-87.666,2
41.787,-87.665,3
41.787,-87.664,2
41.787,-87.66,1
41.787,-87.659,1
41.787,-87.656,1
41.787,-87.655,1
41.787,-87.652,1
41.787,-87.647,2
41.787,-87.646,1
41.787,-87.629,1
41.787,-87.626,1
41.787,-87.625,1
41.787,-87.616,2
41.788,-87.715,1
41.788,-87.699,2
41.788,-87.692,1
41.788,-87.689,1
41.788,-87.684,1
41.788,-87.682,1
41.788,-87.67,1
41.788,-87.667,1
41.788,-87.662,1
41.788,-87.647,1
41.788,-87.643,1
41.788,-87.622,2
41.788,-87.619,1
41.788,-87.616,1
41.788,-87.606,1
41.788,-87.588,1
41.789,-87.741,7
41.789,-87.703,2
41.789,-87.701,1
41.789,-87.686,1
41.789,-87.668,1
41.789,-87.666,1
41.789,-87.657,1
41.789,-87.651,1
41.789,-87.647,2
41.789,-87.626,1
41.789,-87.625,1
41.789,-87.622,2
41.789,-87.62,1
41.789,-87.616,1
41.789,-87.606,1
41.789,-87.59,1
41.79,-87.712,1
41.79,-87.71,1
41.79,-87.702,1
41.79,-87.699,2
41.79,-87.697,1
41.79,-87.695,1
41.79,-87.694,1
41.79,-87.671,1
41.79,-87.668,1
41.79,-87.662,1
41.79,-87.656,1
41.79,-87.65,1
41.79,-87.649,1
41.79,-87.647,1
41.79,-87.621,1
41.79,-87.616,1
41.791,-87.732,1
41.791,-87.711,3
41.791,-87.706,1
41.791,-87.702,1
41.791,-87.695,1
41.791,-87.693,1
41.791,-87.689,2
41.791,-87.673,1
41.791,-87.671,2
41.791,-87.663,1
41.791,-87.641,1
41.791,-87.626,3
41.791,-87.625,1
41.791,-87.624,1
41.791,-87.62,1
41.791,-87.608,1
41.791,-87.605,1
41.791,-87.595,1
41.791,-87.593,1
41.791,-87.59,1
41.791,-87.587,1
41.791,-87.58,1
41.792,-87.801,2
41.792,-87.785,1
41.792,-87.728,1
41.792,-87.697,1
41.792,-87.687,1
41.792,-87.685,1
41.792,-87.675,1
41.792,-87.673,1
41.792,-87.672,1
41.792,-87.671,1
41.792,-87.669,1
41.792,-87.668,1
41.792,-87.662,1
41.792,-87.661,1
41.792,-87.654,2
41.792,-87.645,1
41.792,-87.644,1
41.792,-87.633,1
41.792,-87.628,1
41.792,-87.624,4
41.792,-87.622,3
41.792,-87.619,1
41.792,-87.614,1
41.793,-87.74,1
41.793,-87.732,3
41.793,-87.731,1
41.793,-87.718,1
41.793,-87.716,1
41.793,-87.711,1
41.793,-87.706,1
41.793,-87.705,1
41.793,-87.702,1
41.793,-87.701,1
41.793,-87.7,1
41.793,-87.684,1
41.793,-87.677,2
41.793,-87.675,1
41.793,-87.666,2
41.793,-87.665,4
41.793,-87.657,1
41.793,-87.655,2
41.793,-87.629,1
41.793,-87.596,1
41.793,-87.593,1
41.793,-87.59,2
41.793,-87.588,1
41.793,-87.586,1
41.794,-87.775,1
41.794,-87.705,1
41.794,-87.704,2
41.794,-87.7,1
41.794,-87.694,1
41.794,-87.693,1
41.794,-87.685,1
41.794,-87.682,1
41.794,-87.68,1
41.794,-87.678,1
41.794,-87.677,1
41.794,-87.676,1
41.794,-87.675,1
41.794,-87.674,1
41.794,-87.673,1
41.794,-87.669,1
41.794,-87.667,1
41.794,-87.666,1
41.794,-87.665,1
41.794,-87.664,3
41.794,-87.663,2
41.794,-87.662,1
41.794,-87.659,1
41.794,-87.656,1
41.794,-87.649,1
41.794,-87.646,3
41.794,-87.645,2
41.794,-87.643,1
41.794,-87.632,1
41.794,-87.631,1
41.794,-87.63,1
41.794,-87.627,1
41.794,-87.626,3
41.794,-87.625,2
41.794,-87.624,2
41.794,-87.622,1
41.794,-87.621,2
41.794,-87.62,1
41.794,-87.618,3
41.794,-87.616,3
41.794,-87.613,1
41.794,-87.604,1
41.794,-87.601,1
41.794,-87.59,2
41.794,-87.585,1
41.795,-87.765,1
41.795,-87.756,1
41.795,-87.73,1
41.795,-87.727,1
41.795,-87.723,1
41.795,-87.718,1
41.795,-87.709,2
41.795,-87.704,1
41.795,-87.696,1
41.795,-87.674,1
41.795,-87.672,2
41.795,-87.667,2
41.795,-87.666,1
41.795,-87.665,1
41.795,-87.663,1
41.795,-87.662,1
41.795,-87.661,1
41.795,-87.66,1
41.795,-87.655,1
41.795,-87.652,1
41.795,-87.645,4
41.795,-87.633,2
41.795,-87.632,5
41.795,-87.631,14
41.795,-87.629,2
41.795,-87.628,1
41.795,-87.62,1
41.795,-87.618,2
41.795,-87.617,2
41.795,-87.616,1
41.795,-87.606,1
41.795,-87.597,3
41.795,-87.593,1
41.795,-87.588,2
41.795,-87.584,2
41.795,-87.583,2
41.796,-87.763,2
41.796,-87.762,1
41.796,-87.759,1
41.796,-87.723,2
41.796,-87.702,2
41.796,-87.699,1
41.796,-87.648,1
41.796,-87.645,2
41.796,-87.633,1
41.796,-87.631,3
41.796,-87.621,1
41.796,-87.603,1
41.796,-87.591,1
41.796,-87.585,2
41.796,-87.584,2
41.797,-87.795,1
41.797,-87.757,2
41.797,-87.753,1
41.797,-87.752,1
41.797,-87.706,1
41.797,-87.701,1
41.797,-87.689,1
41.797,-87.687,1
41.797,-87.684,2
41.797,-87.665,3
41.797,-87.661,3
41.797,-87.645,1
41.797,-87.644,1
41.797,-87.603,1
41.797,-87.6,1
41.797,-87.597,2
41.797,-87.595,2
41.797,-87.593,4
41.797,-87.589,2
41.797,-87.587,1
41.797,-87.585,1
41.798,-87.749,1
41.798,-87.733,1
41.798,-87.729,1
41.798,-87.728,1
41.798,-87.709,1
41.798,-87.684,1
41.798,-87.677,1
41.798,-87.665,1
41.798,-87.64,1
41.798,-87.632,1
41.798,-87.625,1
41.798,-87.623,1
41.798,-87.618,2
41.798,-87.606,1
41.798,-87.605,1
41.798,-87.601,1
41.798,-87.599,1
41.798,-87.598,1
41.798,-87.596,2
41.798,-87.593,1
41.798,-87.59,1
41.798,-87.589,1
41.798,-87.585,1
41.799,-87.793,1
41.799,-87.775,1
41.799,-87.732,1
41.799,-87.723,1
41.799,-87.698,1
41.799,-87.694,1
41.799,-87.685,1
41.799,-87.665,2
41.799,-87.663,1
41.799,-87.662,1
41.799,-87.66,1
41.799,-87.654,1
41.799,-87.653,1
41.799,-87.651,1
41.799,-87.648,1
41.799,-87.618,1
41.799,-87.604,1
41.799,-87.603,4
41.799,-87.601,1
41.799,-87.6,1
41.799,-87.597,1
41.799,-87.596,2
41.799,-87.593,2
41.799,-87.592,1
41.799,-87.589,2
41.799,-87.588,2
41.799,-87.587,1
41.799,-87.586,1
41.8,-87.745,1
41.8,-87.743,2
41.8,-87.731,1
41.8,-87.723,8
41.8,-87.694,1
41.8,-87.689,2
41.8,-87.688,1
41.8,-87.674,1
41.8,-87.668,1
41.8,-87.657,1
41.8,-87.621,1
41.8,-87.619,1
41.8,-87.603,1
41.8,-87.598,1
41.8,-87.592,1
41.8,-87.588,3
41.8,-87.587,4
41.801,-87.73,1
41.801,-87.729,1
41.801,-87.727,1
41.801,-87.703,1
41.801,-87.692,3
41.801,-87.689,1
41.801,-87.684,2
41.801,-87.676,2
41.801,-87.675,2
41.801,-87.67,2
41.801,-87.668,1
41.801,-87.666,2
41.801,-87.665,3
41.801,-87.664,1
41.801,-87.662,1
41.801,-87.659,1
41.801,-87.654,1
41.801,-87.652,1
41.801,-87.648,1
41.801,-87.644,2
41.801,-87.643,1
41.801,-87.623,3
41.801,-87.618,2
41.801,-87.604,1
41.801,-87.599,1
41.801,-87.598,1
41.801,-87.597,2
41.801,-87.596,1
41.801,-87.595,1
41.801,-87.594,1
41.801,-87.59,3
41.801,-87.587,1
41.801,-87.585,2
41.802,-87.744,1
41.802,-87.728,2
41.802,-87.677,1
41.802,-87.673,1
41.802,-87.668,1
41.802,-87.667,2
41.802,-87.665,1
41.802,-87.66,1
41.802,-87.651,1
41.802,-87.628,1
41.802,-87.622,3
41.802,-87.621,1
41.802,-87.619,4
41.802,-87.616,4
41.802,-87.611,1
41.802,-87.61,1
41.802,-87.606,3
41.802,-87.603,1
41.802,-87.601,1
41.802,-87.598,1
41.802,-87.597,1
41.802,-87.596,3
41.802,-87.595,1
41.802,-87.593,1
41.802,-87.592,2
41.802,-87.59,1
41.802,-87.588,4
41.802,-87.587,1
41.802,-87.582,1
41.803,-87.686,1
41.803,-87.676,1
41.803,-87.67,1
41.803,-87.668,2
41.803,-87.667,2
41.803,-87.666,1
41.803,-87.665,1
41.803,-87.656,2
41.803,-87.649,2
41.803,-87.621,2
41.803,-87.619,1
41.803,-87.608,1
41.803,-87.606,2
41.803,-87.602,1
41.803,-87.597,1
41.803,-87.594,1
41.803,-87.593,2
41.803,-87.586,2
41.804,-87.743,1
41.804,-87.726,1
41.804,-87.704,3
41.804,-87.668,1
41.804,-87.667,3
41.804,-87.666,1
41.804,-87.665,1
41.804,-87.664,2
41.804,-87.661,1
41.804,-87.656,1
41.804,-87.655,1
41.804,-87.62,1
41.804,-87.615,1
41.804,-87.606,1
41.804,-87.602,1
41.804,-87.598,1
41.804,-87.594,2
41.804,-87.592,1
41.804,-87.591,1
41.804,-87.586,1
41.804,-87.584,1
41.804,-87.582,1
41.805,-87.746,1
41.805,-87.684,2
41.805,-87.669,1
41.805,-87.665,1
41.805,-87.632,1
41.805,-87.624,1
41.805,-87.618,1
41.805,-87.616,2
41.805,-87.613,1
41.805,-87.61,1
41.805,-87.604,1
41.805,-87.595,3
41.805,-87.589,1
41.806,-87.735,1
41.806,-87.684,1
41.806,-87.671,1
41.806,-87.67,1
41.806,-87.667,1
41.806,-87.665,2
41.806,-87.664,1
41.806,-87.656,2
41.806,-87.655,1
41.806,-87.654,1
41.806,-87.623,1
41.806,-87.618,1
41.806,-87.601,1
41.806,-87.591,1
41.806,-87.585,1
41.807,-87.743,2
41.807,-87.728,1
41.807,-87.726,1
41.807,-87.719,1
41.807,-87.705,1
41.807,-87.704,3
41.807,-87.688,1
41.807,-87.661,1
41.807,-87.653,1
41.807,-87.623,2
41.807,-87.62,1
41.807,-87.617,2
41.807,-87.613,1
41.807,-87.61,2
41.807,-87.608,2
41.807,-87.607,1
41.807,-87.604,3
41.807,-87.597,1
41.807,-87.594,1
41.807,-87.59,3
41.808,-87.752,1
41.808,-87.731,1
41.808,-87.73,1
41.808,-87.723,2
41.808,-87.722,1
41.808,-87.72,2
41.808,-87.708,2
41.808,-87.705,1
41.808,-87.704,2
41.808,-87.703,2
41.808,-87.701,1
41.808,-87.691,1
41.808,-87.686,2
41.808,-87.684,3
41.808,-87.677,1
41.808,-87.675,2
41.808,-87.669,1
41.808,-87.666,1
41.808,-87.665,2
41.808,-87.623,2
41.808,-87.618,1
41.808,-87.615,1
41.809,-87.749,1
41.809,-87.743,1
41.809,-87.725,2
41.809,-87.724,1
41.809,-87.709,1
41.809,-87.704,5
41.809,-87.699,1
41.809,-87.691,1
41.809,-87.684,2
41.809,-87.676,1
41.809,-87.675,2
41.809,-87.674,2
41.809,-87.672,1
41.809,-87.671,1
41.809,-87.669,1
41.809,-87.668,1
41.809,-87.667,1
41.809,-87.666,1
41.809,-87.662,1
41.809,-87.661,1
41.809,-87.659,1
41.809,-87.655,1
41.809,-87.652,1
41.809,-87.646,4
41.809,-87.632,11
41.809,-87.631,4
41.809,-87.628,1
41.809,-87.626,1
41.809,-87.623,2
41.809,-87.621,3
41.809,-87.62,3
41.809,-87.619,4
41.809,-87.618,2
41.809,-87.617,5
41.809,-87.615,2
41.809,-87.614,5
41.809,-87.613,2
41.809,-87.611,1
41.809,-87.609,2
41.809,-87.607,7
41.809,-87.604,2
41.809,-87.603,2
41.809,-87.599,1
41.809,-87.597,1
41.809,-87.592,1
41.809,-87.588,1
41.81,-87.749,2
41.81,-87.743,1
41.81,-87.719,1
41.81,-87.698,1
41.81,-87.693,1
41.81,-87.671,1
41.81,-87.667,1
41.81,-87.666,1
41.81,-87.665,2
41.81,-87.646,2
41.81,-87.623,2
41.81,-87.621,3
41.81,-87.618,1
41.81,-87.616,1
41.81,-87.611,1
41.81,-87.608,1
41.81,-87.607,4
41.81,-87.599,1
41.81,-87.598,3
41.81,-87.594,3
41.811,-87.708,1
41.811,-87.699,1
41.811,-87.698,1
41.811,-87.697,2
41.811,-87.694,1
41.811,-87.675,3
41.811,-87.663,1
41.811,-87.625,1
41.811,-87.623,1
41.811,-87.621,1
41.811,-87.62,1
41.811,-87.618,2
41.811,-87.614,1
41.811,-87.611,1
41.811,-87.607,1
41.811,-87.606,1
41.811,-87.597,1
41.811,-87.594,1
41.812,-87.748,1
41.812,-87.724,1
41.812,-87.696,1
41.812,-87.692,1
41.812,-87.688,1
41.812,-87.67,1
41.812,-87.666,1
41.812,-87.646,1
41.812,-87.643,1
41.812,-87.623,1
41.812,-87.621,1
41.812,-87.614,1
41.812,-87.61,1
41.812,-87.602,1
41.813,-87.724,1
41.813,-87.706,1
41.813,-87.704,2
41.813,-87.702,2
41.813,-87.699,1
41.813,-87.694,2
41.813,-87.635,1
41.813,-87.632,1
41.813,-87.621,1
41.813,-87.617,1
41.813,-87.614,1
41.813,-87.607,1
41.813,-87.606,1
41.813,-87.604,1
41.813,-87.599,1
41.814,-87.705,3
41.814,-87.689,1
41.814,-87.688,1
41.814,-87.666,1
41.814,-87.635,1
41.814,-87.623,1
41.814,-87.621,1
41.814,-87.607,1
41.814,-87.599,1
41.815,-87.704,1
41.815,-87.703,3
41.815,-87.702,1
41.815,-87.701,1
41.815,-87.699,1
41.815,-87.698,1
41.815,-87.694,1
41.815,-87.688,1
41.815,-87.687,1
41.815,-87.665,1
41.815,-87.659,1
41.815,-87.632,1
41.815,-87.607,1
41.815,-87.601,1
41.816,-87.704,1
41.816,-87.7,1
41.816,-87.67,1
41.816,-87.645,1
41.816,-87.643,1
41.816,-87.627,1
41.816,-87.626,1
41.816,-87.625,1
41.816,-87.621,1
41.816,-87.62,3
41.816,-87.618,1
41.816,-87.617,3
41.816,-87.609,1
41.816,-87.607,2
41.816,-87.605,1
41.816,-87.602,1
41.816,-87.601,1
41.816,-87.599,1
41.817,-87.699,1
41.817,-87.692,1
41.817,-87.685,1
41.817,-87.643,1
41.817,-87.636,1
41.817,-87.632,1
41.817,-87.631,1
41.817,-87.619,3
41.817,-87.616,2
41.817,-87.615,1
41.817,-87.613,1
41.817,-87.61,1
41.817,-87.608,2
41.817,-87.603,1
41.817,-87.599,1
41.818,-87.724,2
41.818,-87.626,1
41.818,-87.623,4
41.818,-87.612,1
41.818,-87.609,1
41.818,-87.607,1
41.819,-87.724,1
41.819,-87.7,2
41.819,-87.641,1
41.819,-87.634,1
41.819,-87.625,1
41.819,-87.623,3
41.819,-87.621,1
41.819,-87.611,2
41.819,-87.609,1
41.82,-87.703,1
41.82,-87.702,1
41.82,-87.701,1
41.82,-87.7,1
41.82,-87.698,1
41.82,-87.69,1
41.82,-87.664,1
41.82,-87.646,2
41.82,-87.633,1
41.82,-87.625,1
41.82,-87.623,1
41.82,-87.621,1
41.82,-87.617,2
41.82,-87.615,1
41.82,-87.607,1
41.82,-87.597,2
41.821,-87.704,2
41.821,-87.698,1
41.821,-87.69,1
41.821,-87.687,1
41.821,-87.629,1
41.821,-87.626,1
41.821,-87.625,1
41.821,-87.622,3
41.821,-87.618,1
41.821,-87.613,1
41.821,-87.601,1
41.822,-87.703,2
41.822,-87.7,1
41.822,-87.688,1
41.822,-87.628,1
41.822,-87.624,1
41.822,-87.622,2
41.822,-87.621,1
41.822,-87.618,1
41.822,-87.617,1
41.822,-87.605,1
41.823,-87.698,1
41.823,-87.685,1
41.823,-87.683,1
41.823,-87.674,1
41.823,-87.672,1
41.823,-87.666,1
41.823,-87.622,2
41.823,-87.619,1
41.824,-87.696,1
41.824,-87.693,2
41.824,-87.688,1
41.824,-87.671,1
41.824,-87.634,2
41.824,-87.631,1
41.824,-87.629,1
41.824,-87.623,2
41.824,-87.615,1
41.824,-87.614,1
41.824,-87.609,1
41.824,-87.607,1
41.824,-87.603,1
41.825,-87.633,2
41.825,-87.631,1
41.825,-87.626,1
41.825,-87.622,1
41.825,-87.62,1
41.825,-87.617,4
41.825,-87.613,1
41.825,-87.609,1
41.825,-87.607,1
41.825,-87.606,1
41.825,-87.604,1
41.826,-87.69,1
41.826,-87.685,1
41.826,-87.638,1
41.826,-87.633,1
41.826,-87.622,1
41.826,-87.612,1
41.826,-87.608,1
41.826,-87.606,3
41.826,-87.601,1
41.827,-87.705,1
41.827,-87.696,1
41.827,-87.683,1
41.827,-87.641,1
41.827,-87.631,1
41.827,-87.624,1
41.827,-87.622,3
41.827,-87.619,1
41.827,-87.608,1
41.828,-87.705,1
41.828,-87.687,1
41.828,-87.678,1
41.828,-87.674,1
41.828,-87.623,1
41.828,-87.622,5
41.828,-87.62,1
41.828,-87.617,1
41.828,-87.609,1
41.828,-87.608,1
41.829,-87.689,1
41.829,-87.678,2
41.829,-87.631,1
41.829,-87.625,1
41.829,-87.624,1
41.829,-87.623,1
41.829,-87.622,2
41.829,-87.619,1
41.829,-87.617,1
41.829,-87.607,1
41.829,-87.604,1
41.83,-87.686,1
41.83,-87.683,1
41.83,-87.68,1
41.83,-87.679,1
41.83,-87.674,1
41.83,-87.64,1
41.83,-87.627,1
41.83,-87.619,1
41.83,-87.614,1
41.83,-87.61,1
41.831,-87.686,2
41.831,-87.676,1
41.831,-87.646,1
41.831,-87.639,1
41.831,-87.636,1
41.831,-87.635,1
41.831,-87.631,8
41.831,-87.627,5
41.831,-87.626,1
41.831,-87.624,1
41.831,-87.623,3
41.831,-87.622,1
41.831,-87.621,2
41.831,-87.62,2
41.831,-87.619,1
41.831,-87.618,4
41.831,-87.617,5
41.831,-87.614,4
41.831,-87.613,1
41.831,-87.61,1
41.831,-87.608,2
41.832,-87.695,1
41.832,-87.681,1
41.832,-87.675,1
41.832,-87.649,1
41.832,-87.646,2
41.832,-87.622,2
41.832,-87.617,6
41.833,-87.72,1
41.833,-87.626,1
41.833,-87.615,2
41.834,-87.718,1
41.834,-87.705,1
41.834,-87.679,1
41.834,-87.675,1
41.834,-87.674,2
41.834,-87.641,1
41.834,-87.627,1
41.834,-87.626,2
41.834,-87.623,1
41.834,-87.622,1
41.834,-87.613,1
41.835,-87.728,1
41.835,-87.72,1
41.835,-87.718,1
41.835,-87.705,1
41.835,-87.652,1
41.835,-87.638,1
41.835,-87.634,1
41.835,-87.623,1
41.835,-87.617,2
41.835,-87.613,1
41.836,-87.729,1
41.836,-87.726,1
41.836,-87.724,2
41.836,-87.718,2
41.836,-87.666,1
41.836,-87.655,1
41.836,-87.646,1
41.836,-87.634,2
41.836,-87.633,1
41.836,-87.627,3
41.836,-87.621,1
41.836,-87.618,1
41.836,-87.613,1
41.837,-87.731,2
41.837,-87.73,1
41.837,-87.728,1
41.837,-87.726,1
41.837,-87.725,1
41.837,-87.724,2
41.837,-87.711,1
41.837,-87.645,1
41.837,-87.617,2
41.837,-87.615,1
41.838,-87.737,1
41.838,-87.733,1
41.838,-87.73,1
41.838,-87.723,1
41.838,-87.722,1
41.838,-87.719,1
41.838,-87.713,1
41.838,-87.666,1
41.838,-87.652,1
41.838,-87.646,1
41.838,-87.645,1
41.838,-87.644,1
41.838,-87.632,1
41.838,-87.627,1
41.838,-87.623,1
41.838,-87.62,1
41.838,-87.618,1
41.838,-87.617,1
41.838,-87.608,1
41.839,-87.733,1
41.839,-87.728,1
41.839,-87.704,1
41.839,-87.666,2
41.839,-87.659,1
41.839,-87.654,1
41.839,-87.651,1
41.839,-87.646,2
41.839,-87.645,1
41.839,-87.641,2
41.839,-87.623,1
41.839,-87.608,1
41.84,-87.733,2
41.84,-87.724,1
41.84,-87.722,2
41.84,-87.716,1
41.84,-87.715,1
41.84,-87.707,1
41.84,-87.662,2
41.84,-87.661,1
41.84,-87.644,1
41.84,-87.635,1
41.84,-87.628,2
41.84,-87.616,1
41.841,-87.734,1
41.841,-87.719,1
41.841,-87.659,1
41.841,-87.654,1
41.841,-87.638,1
41.841,-87.635,1
41.841,-87.633,1
41.841,-87.632,3
41.841,-87.629,1
41.841,-87.627,3
41.841,-87.625,1
41.841,-87.624,1
41.841,-87.622,1
41.842,-87.733,1
41.842,-87.731,1
41.842,-87.724,1
41.842,-87.722,2
41.842,-87.721,1
41.842,-87.712,1
41.842,-87.71,1
41.842,-87.658,1
41.842,-87.657,1
41.842,-87.64,1
41.842,-87.625,1
41.842,-87.624,1
41.842,-87.623,2
41.842,-87.617,1
41.842,-87.616,1
41.843,-87.726,1
41.843,-87.725,1
41.843,-87.709,1
41.843,-87.708,1
41.843,-87.646,1
41.843,-87.636,1
41.843,-87.623,1
41.843,-87.622,1
41.843,-87.62,1
41.843,-87.617,1
41.844,-87.731,2
41.844,-87.73,2
41.844,-87.728,2
41.844,-87.727,1
41.844,-87.726,1
41.844,-87.725,7
41.844,-87.724,1
41.844,-87.722,2
41.844,-87.721,2
41.844,-87.72,4
41.844,-87.718,2
41.844,-87.716,3
41.844,-87.715,1
41.844,-87.714,1
41.844,-87.713,1
41.844,-87.711,1
41.844,-87.71,3
41.844,-87.709,3
41.844,-87.707,1
41.844,-87.706,1
41.844,-87.705,1
41.844,-87.695,2
41.844,-87.646,1
41.844,-87.633,1
41.844,-87.627,1
41.844,-87.622,1
41.844,-87.62,2
41.845,-87.727,1
41.845,-87.725,1
41.845,-87.723,1
41.845,-87.722,1
41.845,-87.712,1
41.845,-87.71,1
41.845,-87.706,1
41.845,-87.704,1
41.845,-87.703,4
41.845,-87.702,1
41.845,-87.696,1
41.845,-87.695,2
41.845,-87.646,1
41.845,-87.637,1
41.845,-87.634,1
41.845,-87.633,1
41.845,-87.632,1
41.845,-87.622,1
41.845,-87.62,1
41.845,-87.618,1
41.846,-87.728,2
41.846,-87.727,3
41.846,-87.725,5
41.846,-87.724,1
41.846,-87.721,1
41.846,-87.72,1
41.846,-87.711,2
41.846,-87.709,1
41.846,-87.703,1
41.846,-87.701,2
41.846,-87.695,1
41.846,-87.685,1
41.846,-87.64,1
41.846,-87.635,2
41.846,-87.633,1
41.846,-87.627,3
41.846,-87.626,2
41.846,-87.623,1
41.846,-87.618,1
41.847,-87.728,1
41.847,-87.725,1
41.847,-87.722,4
41.847,-87.72,1
41.847,-87.715,1
41.847,-87.714,1
41.847,-87.711,1
41.847,-87.695,1
41.847,-87.689,1
41.847,-87.684,1
41.847,-87.683,1
41.848,-87.736,2
41.848,-87.725,1
41.848,-87.72,1
41.848,-87.717,1
41.848,-87.716,1
41.848,-87.711,1
41.848,-87.71,1
41.848,-87.709,1
41.848,-87.706,1
41.848,-87.694,1
41.848,-87.69,1
41.848,-87.679,1
41.848,-87.677,1
41.848,-87.646,1
41.848,-87.633,1
41.849,-87.716,1
41.849,-87.714,1
41.849,-87.71,1
41.849,-87.703,1
41.849,-87.693,1
41.849,-87.686,2
41.849,-87.681,1
41.849,-87.642,1
41.849,-87.632,1
41.849,-87.622,1
41.85,-87.72,1
41.85,-87.714,1
41.85,-87.69,1
41.85,-87.686,2
41.85,-87.684,1
41.85,-87.635,2
41.85,-87.625,1
41.85,-87.624,2
41.851,-87.735,1
41.851,-87.734,3
41.851,-87.732,1
41.851,-87.73,2
41.851,-87.729,1
41.851,-87.725,1
41.851,-87.724,3
41.851,-87.716,1
41.851,-87.715,1
41.851,-87.714,1
41.851,-87.711,1
41.851,-87.705,1
41.851,-87.704,1
41.851,-87.703,2
41.851,-87.699,1
41.851,-87.686,2
41.851,-87.671,1
41.851,-87.635,3
41.851,-87.633,1
41.851,-87.632,1
41.851,-87.625,1
41.851,-87.624,1
41.851,-87.622,2
41.851,-87.619,3
41.852,-87.735,1
41.852,-87.732,1
41.852,-87.727,1
41.852,-87.725,1
41.852,-87.724,2
41.852,-87.718,1
41.852,-87.717,2
41.852,-87.716,1
41.852,-87.715,8
41.852,-87.714,1
41.852,-87.711,2
41.852,-87.708,1
41.852,-87.707,1
41.852,-87.706,3
41.852,-87.704,1
41.852,-87.703,3
41.852,-87.702,1
41.852,-87.697,1
41.852,-87.696,1
41.852,-87.695,2
41.852,-87.694,1
41.852,-87.691,1
41.852,-87.69,1
41.852,-87.689,9
41.852,-87.685,2
41.852,-87.684,2
41.852,-87.683,1
41.852,-87.679,3
41.852,-87.676,1
41.852,-87.674,2
41.852,-87.67,1
41.852,-87.667,1
41.852,-87.662,1
41.852,-87.659,1
41.852,-87.646,1
41.852,-87.636,2
41.852,-87.635,3
41.852,-87.627,2
41.852,-87.625,1
41.852,-87.624,2
41.852,-87.619,2
41.853,-87.735,3
41.853,-87.733,1
41.853,-87.73,1
41.853,-87.728,1
41.853,-87.726,1
41.853,-87.725,2
41.853,-87.721,1
41.853,-87.716,2
41.853,-87.712,1
41.853,-87.711,4
41.853,-87.709,1
41.853,-87.705,2
41.853,-87.703,2
41.853,-87.702,1
41.853,-87.701,1
41.853,-87.699,1
41.853,-87.695,1
41.853,-87.676,1
41.853,-87.659,1
41.853,-87.636,2
41.853,-87.633,3
41.853,-87.632,1
41.853,-87.631,7
41.853,-87.63,1
41.853,-87.628,1
41.853,-87.626,3
41.853,-87.622,2
41.853,-87.619,1
41.854,-87.735,5
41.854,-87.728,3
41.854,-87.725,6
41.854,-87.717,2
41.854,-87.716,2
41.854,-87.715,12
41.854,-87.714,1
41.854,-87.706,2
41.854,-87.704,1
41.854,-87.696,2
41.854,-87.695,1
41.854,-87.693,1
41.854,-87.686,1
41.854,-87.681,1
41.854,-87.676,1
41.854,-87.673,1
41.854,-87.671,1
41.854,-87.669,1
41.854,-87.666,1
41.854,-87.662,1
41.854,-87.653,1
41.854,-87.633,1
41.854,-87.626,2
41.854,-87.625,2
41.854,-87.621,1
41.854,-87.619,1
41.855,-87.732,2
41.855,-87.725,2
41.855,-87.722,1
41.855,-87.721,1
41.855,-87.718,1
41.855,-87.716,1
41.855,-87.715,1
41.855,-87.714,1
41.855,-87.713,2
41.855,-87.712,2
41.855,-87.711,2
41.855,-87.71,2
41.855,-87.708,1
41.855,-87.707,1
41.855,-87.706,1
41.855,-87.705,8
41.855,-87.704,1
41.855,-87.686,1
41.855,-87.684,1
41.855,-87.676,3
41.855,-87.667,1
41.855,-87.66,1
41.855,-87.654,1
41.855,-87.652,1
41.855,-87.651,1
41.855,-87.647,1
41.855,-87.635,1
41.855,-87.632,2
41.855,-87.627,1
41.855,-87.624,1
41.855,-87.622,1
41.856,-87.727,3
41.856,-87.726,1
41.856,-87.725,1
41.856,-87.724,2
41.856,-87.721,1
41.856,-87.72,1
41.856,-87.719,1
41.856,-87.718,1
41.856,-87.715,3
41.856,-87.714,2
41.856,-87.705,1
41.856,-87.7,1
41.856,-87.697,1
41.856,-87.686,1
41.856,-87.679,2
41.856,-87.671,1
41.856,-87.67,1
41.856,-87.666,1
41.856,-87.657,1
41.856,-87.633,1
41.856,-87.632,1
41.856,-87.63,1
41.857,-87.735,1
41.857,-87.733,1
41.857,-87.72,1
41.857,-87.693,1
41.857,-87.684,1
41.857,-87.676,1
41.857,-87.667,1
41.857,-87.666,2
41.857,-87.664,1
41.857,-87.662,3
41.857,-87.659,1
41.857,-87.658,1
41.857,-87.656,1
41.857,-87.654,1
41.857,-87.649,1
41.857,-87.647,1
41.857,-87.633,1
41.857,-87.621,1
41.858,-87.737,1
41.858,-87.733,1
41.858,-87.725,1
41.858,-87.724,3
41.858,-87.722,2
41.858,-87.719,1
41.858,-87.716,1
41.858,-87.714,3
41.858,-87.713,1
41.858,-87.709,1
41.858,-87.705,3
41.858,-87.703,1
41.858,-87.677,1
41.858,-87.672,1
41.858,-87.67,2
41.858,-87.669,2
41.858,-87.666,2
41.858,-87.665,1
41.858,-87.662,2
41.858,-87.661,3
41.858,-87.653,2
41.858,-87.647,1
41.858,-87.644,2
41.858,-87.643,1
41.858,-87.642,2
41.858,-87.624,2
41.858,-87.622,1
41.858,-87.621,1
41.859,-87.736,1
41.859,-87.735,1
41.859,-87.725,2
41.859,-87.719,2
41.859,-87.717,1
41.859,-87.713,2
41.859,-87.71,1
41.859,-87.694,1
41.859,-87.672,1
41.859,-87.669,1
41.859,-87.661,1
41.859,-87.651,1
41.859,-87.645,1
41.86,-87.734,2
41.86,-87.729,1
41.86,-87.727,3
41.86,-87.726,1
41.86,-87.725,2
41.86,-87.724,2
41.86,-87.72,3
41.86,-87.718,2
41.86,-87.716,4
41.86,-87.715,2
41.86,-87.714,1
41.86,-87.713,1
41.86,-87.708,2
41.86,-87.707,1
41.86,-87.624,2
41.861,-87.731,1
41.861,-87.726,1
41.861,-87.72,1
41.861,-87.719,1
41.861,-87.716,1
41.861,-87.713,1
41.861,-87.706,2
41.861,-87.665,1
41.862,-87.736,2
41.862,-87.731,1
41.862,-87.726,1
41.862,-87.721,2
41.862,-87.717,4
41.862,-87.715,1
41.862,-87.713,1
41.862,-87.71,2
41.862,-87.703,1
41.862,-87.696,1
41.862,-87.666,2
41.862,-87.664,3
41.862,-87.66,1
41.862,-87.651,1
41.862,-87.648,1
41.862,-87.639,3
41.862,-87.63,1
41.862,-87.629,1
41.862,-87.627,1
41.863,-87.729,1
41.863,-87.716,2
41.863,-87.713,1
41.863,-87.711,1
41.863,-87.704,1
41.863,-87.702,5
41.863,-87.696,1
41.863,-87.686,2
41.863,-87.661,1
41.863,-87.66,25
41.863,-87.651,1
41.863,-87.641,1
41.863,-87.639,2
41.863,-87.63,1
41.863,-87.624,2
41.863,-87.621,1
41.864,-87.732,1
41.864,-87.729,3
41.864,-87.728,2
41.864,-87.726,1
41.864,-87.725,1
41.864,-87.722,1
41.864,-87.719,1
41.864,-87.718,4
41.864,-87.711,1
41.864,-87.71,1
41.864,-87.708,4
41.864,-87.707,2
41.864,-87.703,1
41.864,-87.696,1
41.864,-87.695,1
41.864,-87.641,1
41.864,-87.639,3
41.864,-87.629,1
41.864,-87.622,1
41.865,-87.773,2
41.865,-87.772,1
41.865,-87.735,2
41.865,-87.734,1
41.865,-87.73,2
41.865,-87.729,1
41.865,-87.728,1
41.865,-87.726,1
41.865,-87.725,1
41.865,-87.721,1
41.865,-87.718,1
41.865,-87.717,1
41.865,-87.711,1
41.865,-87.709,1
41.865,-87.695,2
41.865,-87.686,1
41.865,-87.666,2
41.865,-87.658,1
41.865,-87.642,1
41.865,-87.641,1
41.865,-87.639,1
41.866,-87.774,2
41.866,-87.773,4
41.866,-87.77,1
41.866,-87.766,3
41.866,-87.764,1
41.866,-87.763,1
41.866,-87.745,1
41.866,-87.73,2
41.866,-87.729,1
41.866,-87.728,2
41.866,-87.727,1
41.866,-87.725,7
41.866,-87.724,7
41.866,-87.722,2
41.866,-87.721,3
41.866,-87.72,5
41.866,-87.719,4
41.866,-87.718,5
41.866,-87.716,1
41.866,-87.715,1
41.866,-87.712,1
41.866,-87.711,6
41.866,-87.71,1
41.866,-87.709,1
41.866,-87.708,1
41.866,-87.706,5
41.866,-87.705,1
41.866,-87.704,3
41.866,-87.701,4
41.866,-87.7,1
41.866,-87.698,1
41.866,-87.686,1
41.866,-87.671,1
41.866,-87.666,4
41.866,-87.662,1
41.866,-87.645,1
41.866,-87.639,3
41.867,-87.772,1
41.867,-87.745,2
41.867,-87.736,2
41.867,-87.731,1
41.867,-87.73,1
41.867,-87.728,1
41.867,-87.726,2
41.867,-87.721,3
41.867,-87.72,2
41.867,-87.717,3
41.867,-87.716,1
41.867,-87.715,2
41.867,-87.714,1
41.867,-87.712,2
41.867,-87.706,1
41.867,-87.702,1
41.867,-87.701,1
41.867,-87.697,1
41.867,-87.696,5
41.867,-87.695,1
41.867,-87.694,1
41.867,-87.688,1
41.867,-87.687,2
41.867,-87.686,2
41.867,-87.685,3
41.867,-87.676,1
41.867,-87.672,1
41.867,-87.667,3
41.867,-87.666,1
41.867,-87.665,1
41.867,-87.66,2
41.867,-87.657,5
41.867,-87.656,1
41.867,-87.654,1
41.867,-87.652,1
41.867,-87.651,1
41.867,-87.646,1
41.867,-87.641,1
41.867,-87.64,1
41.867,-87.639,2
41.867,-87.632,2
41.867,-87.63,1
41.867,-87.629,1
41.867,-87.628,1
41.867,-87.627,6
41.867,-87.626,23
41.867,-87.624,2
41.867,-87.62,1
41.867,-87.619,2
41.868,-87.774,1
41.868,-87.769,1
41.868,-87.731,2
41.868,-87.729,1
41.868,-87.725,1
41.868,-87.724,3
41.868,-87.723,1
41.868,-87.722,1
41.868,-87.721,6
41.868,-87.72,2
41.868,-87.705,2
41.868,-87.7,5
41.868,-87.698,2
41.868,-87.697,2
41.868,-87.687,1
41.868,-87.666,2
41.868,-87.66,1
41.868,-87.659,1
41.868,-87.642,2
41.868,-87.641,1
41.868,-87.639,1
41.868,-87.63,1
41.868,-87.627,23
41.868,-87.626,2
41.868,-87.624,3
41.868,-87.621,1
41.869,-87.774,1
41.869,-87.771,1
41.869,-87.745,1
41.869,-87.725,1
41.869,-87.723,1
41.869,-87.706,3
41.869,-87.704,1
41.869,-87.701,2
41.869,-87.696,1
41.869,-87.687,1
41.869,-87.684,2
41.869,-87.683,1
41.869,-87.667,1
41.869,-87.665,2
41.869,-87.663,1
41.869,-87.662,2
41.869,-87.66,1
41.869,-87.659,2
41.869,-87.658,2
41.869,-87.657,1
41.869,-87.656,2
41.869,-87.644,1
41.869,-87.639,12
41.869,-87.632,2
41.869,-87.629,1
41.869,-87.624,2
41.87,-87.773,1
41.87,-87.764,1
41.87,-87.748,1
41.87,-87.745,2
41.87,-87.744,1
41.87,-87.742,2
41.87,-87.739,2
41.87,-87.735,1
41.87,-87.725,1
41.87,-87.724,1
41.87,-87.723,2
41.87,-87.72,3
41.87,-87.719,1
41.87,-87.718,1
41.87,-87.716,3
41.87,-87.714,1
41.87,-87.711,1
41.87,-87.709,3
41.87,-87.708,3
41.87,-87.702,1
41.87,-87.698,1
41.87,-87.686,2
41.87,-87.682,1
41.87,-87.676,1
41.87,-87.664,1
41.87,-87.66,1
41.87,-87.64,2
41.87,-87.629,1
41.87,-87.624,5
41.87,-87.621,1
41.871,-87.765,1
41.871,-87.764,1
41.871,-87.758,1
41.871,-87.756,1
41.871,-87.75,1
41.871,-87.749,1
41.871,-87.746,1
41.871,-87.745,5
41.871,-87.735,1
41.871,-87.732,1
41.871,-87.73,1
41.871,-87.729,1
41.871,-87.723,1
41.871,-87.721,2
41.871,-87.72,3
41.871,-87.719,2
41.871,-87.718,1
41.871,-87.716,3
41.871,-87.714,3
41.871,-87.712,2
41.871,-87.711,3
41.871,-87.709,2
41.871,-87.707,3
41.871,-87.706,1
41.871,-87.705,1
41.871,-87.704,4
41.871,-87.702,1
41.871,-87.698,1
41.871,-87.696,1
41.871,-87.686,2
41.871,-87.683,1
41.871,-87.675,1
41.871,-87.664,1
41.871,-87.662,1
41.871,-87.659,1
41.871,-87.653,1
41.871,-87.631,1
41.871,-87.629,1
41.871,-87.628,2
41.871,-87.627,1
41.871,-87.626,3
41.872,-87.774,1
41.872,-87.765,1
41.872,-87.748,1
41.872,-87.746,1
41.872,-87.745,13
41.872,-87.739,1
41.872,-87.738,1
41.872,-87.735,2
41.872,-87.73,1
41.872,-87.728,1
41.872,-87.727,1
41.872,-87.725,1
41.872,-87.724,2
41.872,-87.722,3
41.872,-87.721,2
41.872,-87.72,1
41.872,-87.715,1
41.872,-87.714,1
41.872,-87.713,1
41.872,-87.711,4
41.872,-87.71,1
41.872,-87.709,1
41.872,-87.707,4
41.872,-87.706,2
41.872,-87.702,2
41.872,-87.7,2
41.872,-87.699,2
41.872,-87.696,2
41.872,-87.694,1
41.872,-87.669,1
41.872,-87.662,4
41.872,-87.657,1
41.872,-87.655,1
41.872,-87.653,2
41.872,-87.633,1
41.872,-87.629,3
41.872,-87.628,3
41.872,-87.627,1
41.873,-87.765,3
41.873,-87.76,1
41.873,-87.758,1
41.873,-87.754,2
41.873,-87.749,1
41.873,-87.746,2
41.873,-87.745,2
41.873,-87.744,5
41.873,-87.743,2
41.873,-87.741,1
41.873,-87.735,5
41.873,-87.73,1
41.873,-87.726,7
41.873,-87.725,11
41.873,-87.724,1
41.873,-87.723,1
41.873,-87.721,1
41.873,-87.72,3
41.873,-87.716,1
41.873,-87.714,3
41.873,-87.712,6
41.873,-87.711,1
41.873,-87.71,1
41.873,-87.706,1
41.873,-87.704,2
41.873,-87.701,1
41.873,-87.697,1
41.873,-87.695,1
41.873,-87.694,1
41.873,-87.684,1
41.873,-87.676,1
41.873,-87.669,1
41.873,-87.664,1
41.873,-87.663,1
41.873,-87.662,2
41.873,-87.66,2
41.873,-87.629,1
41.873,-87.628,3
41.873,-87.624,5
41.873,-87.621,1
41.874,-87.765,1
41.874,-87.763,1
41.874,-87.762,6
41.874,-87.757,1
41.874,-87.754,1
41.874,-87.749,1
41.874,-87.748,2
41.874,-87.745,3
41.874,-87.739,1
41.874,-87.738,1
41.874,-87.736,3
41.874,-87.735,3
41.874,-87.726,8
41.874,-87.725,25
41.874,-87.724,2
41.874,-87.721,3
41.874,-87.716,1
41.874,-87.714,2
41.874,-87.713,2
41.874,-87.711,9
41.874,-87.71,1
41.874,-87.707,1
41.874,-87.706,9
41.874,-87.705,2
41.874,-87.703,1
41.874,-87.701,2
41.874,-87.7,1
41.874,-87.697,1
41.874,-87.694,8
41.874,-87.69,1
41.874,-87.686,2
41.874,-87.672,1
41.874,-87.671,1
41.874,-87.662,1
41.874,-87.648,1
41.874,-87.647,1
41.874,-87.643,6
41.874,-87.642,1
41.874,-87.64,2
41.874,-87.639,2
41.874,-87.637,1
41.874,-87.631,2
41.874,-87.629,2
41.874,-87.628,7
41.874,-87.627,2
41.874,-87.626,3
41.875,-87.763,1
41.875,-87.762,1
41.875,-87.756,2
41.875,-87.755,2
41.875,-87.748,1
41.875,-87.745,1
41.875,-87.744,2
41.875,-87.743,2
41.875,-87.741,1
41.875,-87.738,3
41.875,-87.736,4
41.875,-87.735,6
41.875,-87.733,2
41.875,-87.73,1
41.875,-87.727,1
41.875,-87.726,3
41.875,-87.725,6
41.875,-87.724,2
41.875,-87.723,1
41.875,-87.72,1
41.875,-87.714,1
41.875,-87.711,3
41.875,-87.706,10
41.875,-87.69,1
41.875,-87.688,1
41.875,-87.687,1
41.875,-87.686,9
41.875,-87.676,9
41.875,-87.669,1
41.875,-87.644,1
41.875,-87.641,1
41.875,-87.633,1
41.875,-87.632,1
41.875,-87.629,4
41.875,-87.628,7
41.875,-87.624,2
41.875,-87.621,1
41.876,-87.763,1
41.876,-87.76,2
41.876,-87.759,1
41.876,-87.758,2
41.876,-87.756,2
41.876,-87.751,1
41.876,-87.749,1
41.876,-87.745,7
41.876,-87.741,1
41.876,-87.739,1
41.876,-87.736,5
41.876,-87.735,1
41.876,-87.729,1
41.876,-87.727,1
41.876,-87.726,3
41.876,-87.724,3
41.876,-87.711,1
41.876,-87.706,1
41.876,-87.705,1
41.876,-87.704,1
41.876,-87.703,1
41.876,-87.699,1
41.876,-87.696,4
41.876,-87.692,1
41.876,-87.686,1
41.876,-87.677,1
41.876,-87.676,1
41.876,-87.669,1
41.876,-87.667,2
41.876,-87.657,4
41.876,-87.652,1
41.876,-87.65,2
41.876,-87.647,9
41.876,-87.643,1
41.876,-87.641,6
41.876,-87.64,1
41.876,-87.633,1
41.876,-87.632,9
41.876,-87.631,3
41.876,-87.629,2
41.876,-87.628,1
41.876,-87.626,1
41.876,-87.624,1
41.877,-87.765,1
41.877,-87.763,1
41.877,-87.762,2
41.877,-87.756,4
41.877,-87.75,2
41.877,-87.749,1
41.877,-87.748,1
41.877,-87.746,1
41.877,-87.745,3
41.877,-87.744,3
41.877,-87.743,1
41.877,-87.742,2
41.877,-87.741,3
41.877,-87.74,1
41.877,-87.739,1
41.877,-87.738,4
41.877,-87.737,1
41.877,-87.733,1
41.877,-87.732,1
41.877,-87.731,5
41.877,-87.727,1
41.877,-87.726,8
41.877,-87.725,2
41.877,-87.724,6
41.877,-87.722,1
41.877,-87.721,1
41.877,-87.72,1
41.877,-87.716,1
41.877,-87.714,1
41.877,-87.712,1
41.877,-87.711,1
41.877,-87.709,2
41.877,-87.708,1
41.877,-87.707,2
41.877,-87.705,1
41.877,-87.704,2
41.877,-87.703,2
41.877,-87.702,1
41.877,-87.701,3
41.877,-87.7,1
41.877,-87.697,2
41.877,-87.692,1
41.877,-87.686,2
41.877,-87.684,2
41.877,-87.681,1
41.877,-87.68,1
41.877,-87.679,1
41.877,-87.678,2
41.877,-87.657,1
41.877,-87.656,1
41.877,-87.65,1
41.877,-87.641,2
41.877,-87.633,1
41.877,-87.631,1
41.877,-87.63,2
41.877,-87.629,2
41.877,-87.628,5
41.877,-87.624,4
41.878,-87.765,1
41.878,-87.763,1
41.878,-87.762,4
41.878,-87.758,1
41.878,-87.756,2
41.878,-87.752,1
41.878,-87.751,1
41.878,-87.749,1
41.878,-87.748,1
41.878,-87.745,2
41.878,-87.743,5
41.878,-87.741,2
41.878,-87.74,1
41.878,-87.739,1
41.878,-87.738,2
41.878,-87.735,2
41.878,-87.734,1
41.878,-87.731,2
41.878,-87.729,1
41.878,-87.728,1
41.878,-87.726,2
41.878,-87.724,1
41.878,-87.721,2
41.878,-87.714,2
41.878,-87.71,1
41.878,-87.709,2
41.878,-87.706,1
41.878,-87.704,1
41.878,-87.701,1
41.878,-87.696,1
41.878,-87.695,1
41.878,-87.686,2
41.878,-87.685,2
41.878,-87.679,1
41.878,-87.672,2
41.878,-87.667,1
41.878,-87.658,1
41.878,-87.655,2
41.878,-87.65,1
41.878,-87.649,1
41.878,-87.648,1
41.878,-87.644,1
41.878,-87.643,3
41.878,-87.64,1
41.878,-87.639,1
41.878,-87.636,2
41.878,-87.635,2
41.878,-87.634,2
41.878,-87.631,2
41.878,-87.63,1
41.878,-87.629,37
41.878,-87.628,21
41.878,-87.627,7
41.878,-87.626,1
41.878,-87.625,3
41.878,-87.624,2
41.878,-87.623,1
41.878,-87.621,2
41.879,-87.773,1
41.879,-87.766,1
41.879,-87.765,2
41.879,-87.763,1
41.879,-87.762,2
41.879,-87.76,2
41.879,-87.758,1
41.879,-87.756,1
41.879,-87.754,2
41.879,-87.752,1
41.879,-87.751,1
41.879,-87.746,3
41.879,-87.745,2
41.879,-87.741,2
41.879,-87.738,1
41.879,-87.733,1
41.879,-87.732,6
41.879,-87.731,1
41.879,-87.727,1
41.879,-87.726,5
41.879,-87.723,1
41.879,-87.721,2
41.879,-87.716,1
41.879,-87.714,1
41.879,-87.711,2
41.879,-87.704,1
41.879,-87.702,1
41.879,-87.699,1
41.879,-87.696,2
41.879,-87.695,1
41.879,-87.685,1
41.879,-87.657,1
41.879,-87.651,1
41.879,-87.649,1
41.879,-87.648,1
41.879,-87.643,1
41.879,-87.642,1
41.879,-87.64,13
41.879,-87.639,1
41.879,-87.637,2
41.879,-87.636,1
41.879,-87.634,2
41.879,-87.632,3
41.879,-87.63,2
41.879,-87.629,5
41.879,-87.628,28
41.879,-87.627,3
41.879,-87.626,6
41.879,-87.624,2
41.879,-87.621,1
41.88,-87.775,1
41.88,-87.774,1
41.88,-87.772,1
41.88,-87.771,2
41.88,-87.77,1
41.88,-87.766,1
41.88,-87.765,3
41.88,-87.764,1
41.88,-87.762,3
41.88,-87.761,2
41.88,-87.76,1
41.88,-87.758,2
41.88,-87.757,2
41.88,-87.756,3
41.88,-87.755,2
41.88,-87.754,3
41.88,-87.753,2
41.88,-87.752,1
41.88,-87.751,2
41.88,-87.75,1
41.88,-87.746,6
41.88,-87.738,1
41.88,-87.737,1
41.88,-87.736,2
41.88,-87.735,2
41.88,-87.733,1
41.88,-87.731,2
41.88,-87.729,1
41.88,-87.727,1
41.88,-87.726,8
41.88,-87.724,1
41.88,-87.716,1
41.88,-87.715,1
41.88,-87.714,1
41.88,-87.713,1
41.88,-87.712,1
41.88,-87.711,2
41.88,-87.709,1
41.88,-87.699,1
41.88,-87.696,2
41.88,-87.693,1
41.88,-87.686,3
41.88,-87.685,1
41.88,-87.681,1
41.88,-87.68,1
41.88,-87.668,1
41.88,-87.667,2
41.88,-87.66,1
41.88,-87.651,1
41.88,-87.648,1
41.88,-87.647,5
41.88,-87.641,1
41.88,-87.639,1
41.88,-87.637,1
41.88,-87.631,2
41.88,-87.629,23
41.88,-87.628,11
41.88,-87.627,7
41.88,-87.626,7
41.88,-87.625,5
41.88,-87.624,2
41.881,-87.775,2
41.881,-87.772,2
41.881,-87.77,2
41.881,-87.768,1
41.881,-87.765,1
41.881,-87.763,3
41.881,-87.762,2
41.881,-87.76,1
41.881,-87.759,2
41.881,-87.756,2
41.881,-87.755,1
41.881,-87.75,1
41.881,-87.745,1
41.881,-87.743,4
41.881,-87.742,2
41.881,-87.741,1
41.881,-87.739,1
41.881,-87.738,3
41.881,-87.736,3
41.881,-87.734,3
41.881,-87.733,1
41.881,-87.732,2
41.881,-87.731,6
41.881,-87.729,1
41.881,-87.727,3
41.881,-87.726,11
41.881,-87.725,1
41.881,-87.724,10
41.881,-87.722,1
41.881,-87.721,4
41.881,-87.72,1
41.881,-87.712,7
41.881,-87.711,2
41.881,-87.709,2
41.881,-87.707,8
41.881,-87.706,5
41.881,-87.704,1
41.881,-87.702,3
41.881,-87.701,1
41.881,-87.7,1
41.881,-87.699,3
41.881,-87.697,3
41.881,-87.686,1
41.881,-87.685,5
41.881,-87.682,1
41.881,-87.68,3
41.881,-87.677,1
41.881,-87.675,1
41.881,-87.672,1
41.881,-87.665,1
41.881,-87.657,1
41.881,-87.652,1
41.881,-87.647,2
41.881,-87.643,1
41.881,-87.636,1
41.881,-87.634,2
41.881,-87.631,4
41.881,-87.63,1
41.881,-87.629,10
41.881,-87.628,10
41.881,-87.627,8
41.881,-87.626,7
41.881,-87.625,2
41.881,-87.624,7
41.881,-87.621,1
41.881,-87.62,1
41.881,-87.619,1
41.882,-87.771,1
41.882,-87.769,2
41.882,-87.766,1
41.882,-87.765,1
41.882,-87.758,1
41.882,-87.755,2
41.882,-87.753,1
41.882,-87.751,4
41.882,-87.749,1
41.882,-87.745,1
41.882,-87.744,1
41.882,-87.743,3
41.882,-87.74,2
41.882,-87.739,1
41.882,-87.738,1
41.882,-87.736,2
41.882,-87.731,1
41.882,-87.729,4
41.882,-87.726,4
41.882,-87.721,1
41.882,-87.711,7
41.882,-87.71,1
41.882,-87.708,1
41.882,-87.706,1
41.882,-87.705,1
41.882,-87.704,1
41.882,-87.702,1
41.882,-87.7,1
41.882,-87.695,2
41.882,-87.693,1
41.882,-87.686,2
41.882,-87.685,2
41.882,-87.682,1
41.882,-87.679,1
41.882,-87.667,1
41.882,-87.662,1
41.882,-87.661,2
41.882,-87.657,1
41.882,-87.651,2
41.882,-87.65,1
41.882,-87.647,2
41.882,-87.641,1
41.882,-87.64,12
41.882,-87.639,1
41.882,-87.637,1
41.882,-87.635,1
41.882,-87.634,2
41.882,-87.633,2
41.882,-87.632,6
41.882,-87.631,1
41.882,-87.63,3
41.882,-87.629,89
41.882,-87.628,63
41.882,-87.627,2
41.882,-87.626,18
41.882,-87.625,2
41.882,-87.624,12
41.883,-87.773,3
41.883,-87.772,1
41.883,-87.77,1
41.883,-87.768,2
41.883,-87.767,4
41.883,-87.765,6
41.883,-87.763,2
41.883,-87.762,1
41.883,-87.76,1
41.883,-87.759,1
41.883,-87.758,1
41.883,-87.755,2
41.883,-87.754,1
41.883,-87.751,1
41.883,-87.75,2
41.883,-87.749,1
41.883,-87.742,2
41.883,-87.741,1
41.883,-87.74,1
41.883,-87.736,1
41.883,-87.722,2
41.883,-87.711,1
41.883,-87.707,1
41.883,-87.706,2
41.883,-87.705,1
41.883,-87.702,3
41.883,-87.7,1
41.883,-87.698,3
41.883,-87.695,1
41.883,-87.686,1
41.883,-87.684,1
41.883,-87.68,1
41.883,-87.679,1
41.883,-87.672,1
41.883,-87.669,2
41.883,-87.668,1
41.883,-87.657,1
41.883,-87.65,1
41.883,-87.648,1
41.883,-87.642,1
41.883,-87.641,1
41.883,-87.64,1
41.883,-87.634,10
41.883,-87.633,6
41.883,-87.632,2
41.883,-87.631,3
41.883,-87.63,14
41.883,-87.629,15
41.883,-87.628,10
41.883,-87.626,12
41.883,-87.625,4
41.883,-87.624,5
41.884,-87.775,2
41.884,-87.772,1
41.884,-87.771,1
41.884,-87.769,1
41.884,-87.766,1
41.884,-87.765,1
41.884,-87.762,1
41.884,-87.761,1
41.884,-87.759,1
41.884,-87.754,1
41.884,-87.749,2
41.884,-87.748,1
41.884,-87.747,1
41.884,-87.742,1
41.884,-87.731,1
41.884,-87.728,1
41.884,-87.726,2
41.884,-87.725,1
41.884,-87.722,1
41.884,-87.714,1
41.884,-87.709,2
41.884,-87.708,1
41.884,-87.707,10
41.884,-87.706,3
41.884,-87.704,1
41.884,-87.697,4
41.884,-87.696,3
41.884,-87.695,1
41.884,-87.687,2
41.884,-87.684,1
41.884,-87.683,3
41.884,-87.682,2
41.884,-87.68,1
41.884,-87.677,1
41.884,-87.675,1
41.884,-87.673,4
41.884,-87.672,2
41.884,-87.668,1
41.884,-87.664,2
41.884,-87.66,1
41.884,-87.658,1
41.884,-87.652,1
41.884,-87.651,2
41.884,-87.649,1
41.884,-87.645,1
41.884,-87.643,1
41.884,-87.642,1
41.884,-87.637,1
41.884,-87.634,3
41.884,-87.633,4
41.884,-87.632,3
41.884,-87.631,9
41.884,-87.629,13
41.884,-87.628,23
41.884,-87.627,9
41.884,-87.626,6
41.884,-87.625,2
41.884,-87.624,7
41.884,-87.623,4
41.884,-87.622,19
41.884,-87.619,62
41.884,-87.614,1
41.885,-87.775,1
41.885,-87.773,1
41.885,-87.768,1
41.885,-87.767,3
41.885,-87.765,6
41.885,-87.763,2
41.885,-87.76,1
41.885,-87.756,1
41.885,-87.755,1
41.885,-87.754,1
41.885,-87.753,1
41.885,-87.75,1
41.885,-87.749,1
41.885,-87.748,1
41.885,-87.745,3
41.885,-87.744,1
41.885,-87.736,2
41.885,-87.735,1
41.885,-87.734,1
41.885,-87.731,1
41.885,-87.729,1
41.885,-87.726,11
41.885,-87.721,1
41.885,-87.72,1
41.885,-87.717,2
41.885,-87.716,4
41.885,-87.714,1
41.885,-87.712,3
41.885,-87.711,2
41.885,-87.708,1
41.885,-87.706,2
41.885,-87.703,1
41.885,-87.696,2
41.885,-87.69,1
41.885,-87.685,1
41.885,-87.682,4
41.885,-87.678,2
41.885,-87.672,1
41.885,-87.671,1
41.885,-87.67,2
41.885,-87.668,3
41.885,-87.667,3
41.885,-87.666,1
41.885,-87.665,3
41.885,-87.664,3
41.885,-87.652,2
41.885,-87.648,3
41.885,-87.647,1
41.885,-87.641,1
41.885,-87.64,1
41.885,-87.637,1
41.885,-87.635,3
41.885,-87.634,2
41.885,-87.631,20
41.885,-87.629,7
41.885,-87.628,52
41.885,-87.626,1
41.885,-87.625,1
41.885,-87.624,16
41.885,-87.623,2
41.885,-87.62,2
41.885,-87.617,1
41.886,-87.775,1
41.886,-87.773,1
41.886,-87.77,1
41.886,-87.767,2
41.886,-87.765,1
41.886,-87.764,1
41.886,-87.762,2
41.886,-87.761,3
41.886,-87.757,2
41.886,-87.756,1
41.886,-87.755,3
41.886,-87.754,1
41.886,-87.753,1
41.886,-87.75,2
41.886,-87.749,1
41.886,-87.746,2
41.886,-87.744,2
41.886,-87.743,1
41.886,-87.736,1
41.886,-87.732,1
41.886,-87.727,1
41.886,-87.726,2
41.886,-87.721,4
41.886,-87.716,1
41.886,-87.714,1
41.886,-87.712,1
41.886,-87.711,1
41.886,-87.71,1
41.886,-87.707,1
41.886,-87.706,3
41.886,-87.702,1
41.886,-87.701,1
41.886,-87.679,1
41.886,-87.654,1
41.886,-87.653,2
41.886,-87.652,3
41.886,-87.651,1
41.886,-87.649,1
41.886,-87.644,1
41.886,-87.643,1
41.886,-87.642,3
41.886,-87.64,2
41.886,-87.635,4
41.886,-87.634,9
41.886,-87.632,114
41.886,-87.631,37
41.886,-87.63,2
41.886,-87.629,3
41.886,-87.628,25
41.886,-87.627,5
41.886,-87.626,9
41.886,-87.625,2
41.886,-87.624,2
41.886,-87.621,2
41.887,-87.773,1
41.887,-87.771,1
41.887,-87.77,1
41.887,-87.768,1
41.887,-87.766,2
41.887,-87.765,7
41.887,-87.764,2
41.887,-87.758,1
41.887,-87.757,4
41.887,-87.756,6
41.887,-87.755,4
41.887,-87.754,4
41.887,-87.752,1
41.887,-87.751,1
41.887,-87.746,9
41.887,-87.745,2
41.887,-87.744,7
41.887,-87.737,1
41.887,-87.731,1
41.887,-87.729,1
41.887,-87.721,1
41.887,-87.716,1
41.887,-87.711,1
41.887,-87.706,2
41.887,-87.699,1
41.887,-87.693,1
41.887,-87.691,1
41.887,-87.688,1
41.887,-87.686,1
41.887,-87.681,1
41.887,-87.676,1
41.887,-87.667,2
41.887,-87.662,1
41.887,-87.661,1
41.887,-87.657,2
41.887,-87.655,1
41.887,-87.651,1
41.887,-87.649,2
41.887,-87.648,2
41.887,-87.647,1
41.887,-87.645,1
41.887,-87.644,1
41.887,-87.635,2
41.887,-87.633,1
41.887,-87.631,1
41.887,-87.63,1
41.887,-87.629,1
41.887,-87.628,2
41.887,-87.627,3
41.887,-87.626,1
41.887,-87.625,6
41.887,-87.621,1
41.888,-87.775,2
41.888,-87.773,3
41.888,-87.767,2
41.888,-87.765,4
41.888,-87.764,1
41.888,-87.763,4
41.888,-87.762,2
41.888,-87.76,1
41.888,-87.758,1
41.888,-87.755,4
41.888,-87.754,1
41.888,-87.753,2
41.888,-87.752,1
41.888,-87.751,1
41.888,-87.747,1
41.888,-87.701,1
41.888,-87.7,1
41.888,-87.672,2
41.888,-87.663,4
41.888,-87.644,1
41.888,-87.635,2
41.888,-87.631,1
41.888,-87.63,2
41.888,-87.628,3
41.888,-87.626,5
41.888,-87.625,4
41.888,-87.624,1
41.888,-87.623,5
41.888,-87.619,2
41.889,-87.775,1
41.889,-87.762,1
41.889,-87.759,1
41.889,-87.758,2
41.889,-87.757,1
41.889,-87.756,2
41.889,-87.749,1
41.889,-87.747,1
41.889,-87.72,1
41.889,-87.717,1
41.889,-87.716,1
41.889,-87.715,1
41.889,-87.687,1
41.889,-87.683,1
41.889,-87.672,2
41.889,-87.67,1
41.889,-87.657,1
41.889,-87.651,1
41.889,-87.644,3
41.889,-87.643,1
41.889,-87.637,1
41.889,-87.634,3
41.889,-87.633,3
41.889,-87.632,5
41.889,-87.631,2
41.889,-87.63,1
41.889,-87.629,1
41.889,-87.628,2
41.889,-87.627,2
41.889,-87.626,1
41.889,-87.624,5
41.89,-87.775,1
41.89,-87.765,2
41.89,-87.763,4
41.89,-87.76,1
41.89,-87.755,1
41.89,-87.754,1
41.89,-87.726,1
41.89,-87.721,1
41.89,-87.715,2
41.89,-87.714,1
41.89,-87.709,1
41.89,-87.68,2
41.89,-87.677,1
41.89,-87.676,1
41.89,-87.673,1
41.89,-87.666,2
41.89,-87.662,2
41.89,-87.659,1
41.89,-87.656,1
41.89,-87.655,1
41.89,-87.653,1
41.89,-87.649,1
41.89,-87.648,2
41.89,-87.647,1
41.89,-87.646,2
41.89,-87.645,1
41.89,-87.637,1
41.89,-87.636,1
41.89,-87.634,2
41.89,-87.633,3
41.89,-87.632,20
41.89,-87.631,14
41.89,-87.63,11
41.89,-87.629,20
41.89,-87.628,7
41.89,-87.627,5
41.89,-87.626,1
41.89,-87.625,2
41.89,-87.624,7
41.89,-87.622,1
41.89,-87.62,1
41.89,-87.617,2
41.891,-87.773,1
41.891,-87.765,1
41.891,-87.762,1
41.891,-87.76,1
41.891,-87.755,2
41.891,-87.751,1
41.891,-87.749,1
41.891,-87.746,2
41.891,-87.744,1
41.891,-87.724,1
41.891,-87.721,1
41.891,-87.714,1
41.891,-87.711,1
41.891,-87.708,1
41.891,-87.706,1
41.891,-87.685,1
41.891,-87.68,1
41.891,-87.675,1
41.891,-87.673,1
41.891,-87.67,1
41.891,-87.666,1
41.891,-87.648,22
41.891,-87.647,1
41.891,-87.643,1
41.891,-87.64,1
41.891,-87.636,2
41.891,-87.634,2
41.891,-87.633,2
41.891,-87.632,1
41.891,-87.631,2
41.891,-87.63,7
41.891,-87.629,3
41.891,-87.628,45
41.891,-87.625,3
41.891,-87.624,4
41.891,-87.622,1
41.891,-87.62,2
41.891,-87.619,2
41.891,-87.618,1
41.891,-87.617,3
41.891,-87.616,1
41.892,-87.763,4
41.892,-87.762,2
41.892,-87.754,1
41.892,-87.752,1
41.892,-87.751,1
41.892,-87.749,2
41.892,-87.746,2
41.892,-87.745,2
41.892,-87.744,3
41.892,-87.743,2
41.892,-87.722,1
41.892,-87.721,2
41.892,-87.718,2
41.892,-87.715,1
41.892,-87.714,1
41.892,-87.711,1
41.892,-87.71,1
41.892,-87.704,1
41.892,-87.688,1
41.892,-87.687,1
41.892,-87.684,1
41.892,-87.683,1
41.892,-87.682,1
41.892,-87.678,1
41.892,-87.673,1
41.892,-87.672,2
41.892,-87.67,2
41.892,-87.667,1
41.892,-87.656,1
41.892,-87.649,1
41.892,-87.648,1
41.892,-87.647,1
41.892,-87.635,2
41.892,-87.632,2
41.892,-87.63,3
41.892,-87.629,4
41.892,-87.628,17
41.892,-87.627,6
41.892,-87.626,6
41.892,-87.624,9
41.892,-87.621,2
41.892,-87.62,2
41.892,-87.613,1
41.892,-87.611,4
41.892,-87.608,2
41.892,-87.606,1
41.893,-87.772,2
41.893,-87.771,1
41.893,-87.77,1
41.893,-87.769,2
41.893,-87.767,1
41.893,-87.765,1
41.893,-87.764,3
41.893,-87.758,1
41.893,-87.753,3
41.893,-87.743,1
41.893,-87.742,1
41.893,-87.719,1
41.893,-87.716,1
41.893,-87.714,2
41.893,-87.713,1
41.893,-87.706,2
41.893,-87.704,1
41.893,-87.692,1
41.893,-87.682,1
41.893,-87.673,1
41.893,-87.662,1
41.893,-87.661,1
41.893,-87.66,1
41.893,-87.659,1
41.893,-87.658,1
41.893,-87.641,2
41.893,-87.639,1
41.893,-87.637,1
41.893,-87.636,5
41.893,-87.635,15
41.893,-87.634,3
41.893,-87.633,2
41.893,-87.632,4
41.893,-87.631,3
41.893,-87.63,1
41.893,-87.629,3
41.893,-87.628,6
41.893,-87.626,7
41.893,-87.625,1
41.893,-87.624,15
41.893,-87.622,2
41.893,-87.621,3
41.893,-87.62,2
41.893,-87.618,2
41.893,-87.617,1
41.894,-87.775,4
41.894,-87.774,1
41.894,-87.773,2
41.894,-87.772,1
41.894,-87.77,2
41.894,-87.767,2
41.894,-87.765,3
41.894,-87.764,1
41.894,-87.757,1
41.894,-87.756,4
41.894,-87.753,1
41.894,-87.752,1
41.894,-87.751,1
41.894,-87.749,1
41.894,-87.746,4
41.894,-87.725,2
41.894,-87.724,1
41.894,-87.722,2
41.894,-87.721,2
41.894,-87.72,4
41.894,-87.718,1
41.894,-87.715,1
41.894,-87.713,1
41.894,-87.71,1
41.894,-87.709,3
41.894,-87.685,1
41.894,-87.682,2
41.894,-87.681,1
41.894,-87.678,1
41.894,-87.675,1
41.894,-87.667,1
41.894,-87.666,2
41.894,-87.665,2
41.894,-87.661,2
41.894,-87.656,1
41.894,-87.636,20
41.894,-87.635,3
41.894,-87.634,1
41.894,-87.633,1
41.894,-87.631,3
41.894,-87.63,1
41.894,-87.628,3
41.894,-87.627,1
41.894,-87.625,2
41.894,-87.624,2
41.894,-87.623,1
41.894,-87.621,3
41.894,-87.62,1
41.894,-87.617,1
41.894,-87.615,1
41.895,-87.774,2
41.895,-87.771,1
41.895,-87.77,2
41.895,-87.769,1
41.895,-87.768,1
41.895,-87.766,4
41.895,-87.765,3
41.895,-87.764,2
41.895,-87.763,1
41.895,-87.761,1
41.895,-87.76,4
41.895,-87.759,1
41.895,-87.758,1
41.895,-87.756,4
41.895,-87.755,4
41.895,-87.754,1
41.895,-87.752,1
41.895,-87.747,2
41.895,-87.746,4
41.895,-87.745,1
41.895,-87.742,3
41.895,-87.739,1
41.895,-87.737,1
41.895,-87.733,1
41.895,-87.726,3
41.895,-87.725,3
41.895,-87.724,6
41.895,-87.723,2
41.895,-87.722,3
41.895,-87.721,7
41.895,-87.72,2
41.895,-87.719,1
41.895,-87.717,1
41.895,-87.714,2
41.895,-87.713,1
41.895,-87.711,1
41.895,-87.684,2
41.895,-87.683,1
41.895,-87.677,1
41.895,-87.664,1
41.895,-87.663,1
41.895,-87.661,1
41.895,-87.66,1
41.895,-87.654,1
41.895,-87.653,1
41.895,-87.643,1
41.895,-87.642,1
41.895,-87.64,1
41.895,-87.637,2
41.895,-87.636,1
41.895,-87.635,1
41.895,-87.634,1
41.895,-87.633,1
41.895,-87.632,1
41.895,-87.631,1
41.895,-87.63,1
41.895,-87.629,1
41.895,-87.628,1
41.895,-87.627,4
41.895,-87.625,1
41.895,-87.624,4
41.895,-87.623,1
41.895,-87.622,4
41.895,-87.616,1
41.896,-87.765,1
41.896,-87.762,2
41.896,-87.761,2
41.896,-87.756,1
41.896,-87.753,2
41.896,-87.748,1
41.896,-87.747,1
41.896,-87.746,1
41.896,-87.734,2
41.896,-87.731,1
41.896,-87.73,1
41.896,-87.729,1
41.896,-87.726,3
41.896,-87.722,5
41.896,-87.721,1
41.896,-87.72,3
41.896,-87.719,2
41.896,-87.716,1
41.896,-87.715,1
41.896,-87.714,1
41.896,-87.713,1
41.896,-87.712,5
41.896,-87.711,4
41.896,-87.71,1
41.896,-87.709,1
41.896,-87.707,7
41.896,-87.706,4
41.896,-87.702,1
41.896,-87.699,2
41.896,-87.697,1
41.896,-87.695,2
41.896,-87.691,1
41.896,-87.688,1
41.896,-87.687,1
41.896,-87.686,1
41.896,-87.678,5
41.896,-87.677,1
41.896,-87.675,1
41.896,-87.67,1
41.896,-87.668,1
41.896,-87.667,1
41.896,-87.663,1
41.896,-87.661,1
41.896,-87.66,1
41.896,-87.656,22
41.896,-87.655,2
41.896,-87.654,1
41.896,-87.651,1
41.896,-87.643,2
41.896,-87.639,1
41.896,-87.637,1
41.896,-87.636,2
41.896,-87.634,2
41.896,-87.633,2
41.896,-87.632,1
41.896,-87.631,3
41.896,-87.63,1
41.896,-87.628,1
41.896,-87.626,1
41.896,-87.625,1
41.896,-87.624,9
41.897,-87.772,1
41.897,-87.77,1
41.897,-87.769,2
41.897,-87.768,1
41.897,-87.767,1
41.897,-87.761,1
41.897,-87.758,1
41.897,-87.757,1
41.897,-87.756,1
41.897,-87.752,2
41.897,-87.747,1
41.897,-87.736,1
41.897,-87.722,1
41.897,-87.711,3
41.897,-87.698,1
41.897,-87.697,2
41.897,-87.692,1
41.897,-87.691,1
41.897,-87.682,1
41.897,-87.676,1
41.897,-87.671,1
41.897,-87.648,1
41.897,-87.643,1
41.897,-87.64,1
41.897,-87.639,2
41.897,-87.638,2
41.897,-87.637,2
41.897,-87.636,2
41.897,-87.635,1
41.897,-87.634,2
41.897,-87.631,1
41.897,-87.628,32
41.897,-87.627,4
41.897,-87.626,8
41.897,-87.625,1
41.897,-87.624,3
41.897,-87.621,1
41.898,-87.771,1
41.898,-87.769,3
41.898,-87.751,2
41.898,-87.734,2
41.898,-87.732,1
41.898,-87.731,1
41.898,-87.73,1
41.898,-87.726,2
41.898,-87.725,1
41.898,-87.722,2
41.898,-87.719,2
41.898,-87.718,1
41.898,-87.716,1
41.898,-87.705,1
41.898,-87.696,1
41.898,-87.693,2
41.898,-87.69,1
41.898,-87.68,1
41.898,-87.678,1
41.898,-87.676,2
41.898,-87.673,1
41.898,-87.64,1
41.898,-87.636,1
41.898,-87.633,1
41.898,-87.632,2
41.898,-87.63,1
41.898,-87.628,1
41.898,-87.627,1
41.898,-87.625,1
41.898,-87.624,29
41.898,-87.623,1
41.898,-87.619,1
41.899,-87.773,1
41.899,-87.77,2
41.899,-87.769,1
41.899,-87.767,1
41.899,-87.766,1
41.899,-87.765,1
41.899,-87.764,1
41.899,-87.762,1
41.899,-87.761,1
41.899,-87.76,1
41.899,-87.758,1
41.899,-87.754,1
41.899,-87.749,1
41.899,-87.74,1
41.899,-87.734,1
41.899,-87.732,1
41.899,-87.731,1
41.899,-87.723,1
41.899,-87.721,1
41.899,-87.718,2
41.899,-87.717,1
41.899,-87.716,1
41.899,-87.712,2
41.899,-87.709,1
41.899,-87.707,1
41.899,-87.7,1
41.899,-87.697,1
41.899,-87.696,1
41.899,-87.692,1
41.899,-87.691,1
41.899,-87.685,1
41.899,-87.683,1
41.899,-87.671,1
41.899,-87.658,1
41.899,-87.637,1
41.899,-87.632,1
41.899,-87.631,2
41.899,-87.63,1
41.899,-87.629,1
41.899,-87.628,1
41.899,-87.627,1
41.899,-87.625,1
41.899,-87.624,8
41.899,-87.621,2
41.9,-87.764,1
41.9,-87.763,1
41.9,-87.759,1
41.9,-87.757,1
41.9,-87.752,1
41.9,-87.75,1
41.9,-87.747,1
41.9,-87.736,2
41.9,-87.734,1
41.9,-87.732,1
41.9,-87.726,1
41.9,-87.725,1
41.9,-87.723,1
41.9,-87.721,3
41.9,-87.719,1
41.9,-87.718,3
41.9,-87.716,1
41.9,-87.715,1
41.9,-87.713,1
41.9,-87.709,1
41.9,-87.708,1
41.9,-87.699,1
41.9,-87.691,1
41.9,-87.69,2
41.9,-87.688,2
41.9,-87.676,1
41.9,-87.674,1
41.9,-87.667,1
41.9,-87.642,1
41.9,-87.637,1
41.9,-87.628,5
41.9,-87.627,1
41.9,-87.625,1
41.9,-87.619,1
41.901,-87.775,1
41.901,-87.768,1
41.901,-87.766,1
41.901,-87.753,1
41.901,-87.752,1
41.901,-87.751,4
41.901,-87.739,1
41.901,-87.734,1
41.901,-87.727,1
41.901,-87.725,1
41.901,-87.724,1
41.901,-87.722,2
41.901,-87.721,2
41.901,-87.719,2
41.901,-87.717,1
41.901,-87.716,1
41.901,-87.715,1
41.901,-87.714,1
41.901,-87.707,1
41.901,-87.69,1
41.901,-87.687,1
41.901,-87.671,1
41.901,-87.663,1
41.901,-87.633,1
41.901,-87.632,1
41.901,-87.631,3
41.901,-87.628,3
41.901,-87.627,3
41.901,-87.624,1
41.901,-87.623,1
41.902,-87.775,1
41.902,-87.774,1
41.902,-87.771,1
41.902,-87.767,1
41.902,-87.766,9
41.902,-87.765,2
41.902,-87.764,1
41.902,-87.762,1
41.902,-87.76,1
41.902,-87.759,2
41.902,-87.756,2
41.902,-87.755,2
41.902,-87.754,2
41.902,-87.751,1
41.902,-87.75,1
41.902,-87.749,1
41.902,-87.746,2
41.902,-87.74,1
41.902,-87.734,1
41.902,-87.727,1
41.902,-87.726,3
41.902,-87.724,1
41.902,-87.72,2
41.902,-87.719,1
41.902,-87.717,3
41.902,-87.716,1
41.902,-87.709,1
41.902,-87.698,1
41.902,-87.695,1
41.902,-87.693,3
41.902,-87.692,1
41.902,-87.687,1
41.902,-87.675,3
41.902,-87.673,1
41.902,-87.671,1
41.902,-87.668,1
41.902,-87.665,2
41.902,-87.641,1
41.902,-87.633,1
41.902,-87.629,1
41.902,-87.628,2
41.902,-87.627,1
41.903,-87.774,1
41.903,-87.773,1
41.903,-87.768,1
41.903,-87.765,1
41.903,-87.764,1
41.903,-87.759,2
41.903,-87.757,1
41.903,-87.754,2
41.903,-87.752,1
41.903,-87.746,1
41.903,-87.736,1
41.903,-87.735,1
41.903,-87.732,4
41.903,-87.731,1
41.903,-87.729,1
41.903,-87.727,2
41.903,-87.726,5
41.903,-87.723,5
41.903,-87.722,1
41.903,-87.719,1
41.903,-87.718,3
41.903,-87.71,1
41.903,-87.707,2
41.903,-87.706,1
41.903,-87.701,1
41.903,-87.7,1
41.903,-87.698,1
41.903,-87.697,4
41.903,-87.696,1
41.903,-87.695,2
41.903,-87.694,1
41.903,-87.693,1
41.903,-87.687,1
41.903,-87.681,1
41.903,-87.678,3
41.903,-87.677,1
41.903,-87.673,1
41.903,-87.672,2
41.903,-87.67,1
41.903,-87.669,1
41.903,-87.668,2
41.903,-87.667,1
41.903,-87.666,2
41.903,-87.634,1
41.903,-87.633,1
41.903,-87.631,10
41.903,-87.63,1
41.903,-87.629,17
41.903,-87.628,1
41.903,-87.625,1
41.904,-87.775,1
41.904,-87.773,1
41.904,-87.759,1
41.904,-87.747,2
41.904,-87.734,1
41.904,-87.732,1
41.904,-87.726,3
41.904,-87.724,1
41.904,-87.722,1
41.904,-87.708,1
41.904,-87.697,1
41.904,-87.695,1
41.904,-87.692,1
41.904,-87.676,1
41.904,-87.67,1
41.904,-87.668,5
41.904,-87.667,20
41.904,-87.658,1
41.904,-87.654,1
41.904,-87.648,1
41.904,-87.644,1
41.904,-87.643,3
41.904,-87.639,7
41.904,-87.633,3
41.904,-87.632,8
41.904,-87.631,49
41.904,-87.63,5
41.904,-87.629,9
41.905,-87.766,1
41.905,-87.761,1
41.905,-87.756,1
41.905,-87.749,1
41.905,-87.736,2
41.905,-87.735,1
41.905,-87.734,2
41.905,-87.732,2
41.905,-87.731,1
41.905,-87.729,1
41.905,-87.727,1
41.905,-87.723,3
41.905,-87.722,1
41.905,-87.707,1
41.905,-87.693,1
41.905,-87.689,1
41.905,-87.669,1
41.905,-87.664,1
41.905,-87.65,1
41.905,-87.641,3
41.905,-87.635,2
41.905,-87.633,3
41.905,-87.631,1
41.906,-87.768,1
41.906,-87.756,1
41.906,-87.753,1
41.906,-87.747,1
41.906,-87.731,1
41.906,-87.728,1
41.906,-87.727,1
41.906,-87.726,3
41.906,-87.724,1
41.906,-87.715,1
41.906,-87.713,1
41.906,-87.697,1
41.906,-87.687,1
41.906,-87.683,1
41.906,-87.681,1
41.906,-87.68,1
41.906,-87.67,3
41.906,-87.666,1
41.906,-87.641,1
41.906,-87.638,4
41.906,-87.637,1
41.906,-87.635,1
41.906,-87.629,2
41.906,-87.627,1
41.906,-87.626,1
41.907,-87.776,1
41.907,-87.763,1
41.907,-87.76,1
41.907,-87.746,1
41.907,-87.733,1
41.907,-87.73,1
41.907,-87.729,2
41.907,-87.726,1
41.907,-87.725,2
41.907,-87.723,1
41.907,-87.72,1
41.907,-87.717,1
41.907,-87.715,1
41.907,-87.71,1
41.907,-87.692,1
41.907,-87.691,1
41.907,-87.681,3
41.907,-87.677,1
41.907,-87.673,1
41.907,-87.67,1
41.907,-87.667,1
41.907,-87.649,1
41.907,-87.648,1
41.907,-87.644,1
41.907,-87.641,1
41.907,-87.64,5
41.907,-87.639,2
41.907,-87.635,2
41.907,-87.633,1
41.907,-87.632,3
41.907,-87.626,1
41.908,-87.776,1
41.908,-87.774,3
41.908,-87.773,2
41.908,-87.767,1
41.908,-87.766,2
41.908,-87.765,1
41.908,-87.764,1
41.908,-87.761,1
41.908,-87.755,1
41.908,-87.752,1
41.908,-87.751,1
41.908,-87.75,1
41.908,-87.749,1
41.908,-87.747,1
41.908,-87.746,4
41.908,-87.744,1
41.908,-87.734,1
41.908,-87.73,1
41.908,-87.722,1
41.908,-87.72,1
41.908,-87.718,1
41.908,-87.69,1
41.908,-87.689,1
41.908,-87.679,1
41.908,-87.678,1
41.908,-87.675,1
41.908,-87.674,3
41.908,-87.651,1
41.908,-87.648,1
41.908,-87.64,1
41.908,-87.639,3
41.908,-87.638,2
41.908,-87.635,3
41.908,-87.629,2
41.909,-87.804,1
41.909,-87.803,2
41.909,-87.797,1
41.909,-87.795,1
41.909,-87.791,1
41.909,-87.789,3
41.909,-87.778,1
41.909,-87.776,1
41.909,-87.775,1
41.909,-87.774,3
41.909,-87.766,3
41.909,-87.765,3
41.909,-87.764,1
41.909,-87.763,2
41.909,-87.762,1
41.909,-87.761,1
41.909,-87.76,2
41.909,-87.759,2
41.909,-87.758,2
41.909,-87.757,3
41.909,-87.756,4
41.909,-87.745,1
41.909,-87.736,2
41.909,-87.734,1
41.909,-87.729,1
41.909,-87.725,1
41.909,-87.712,2
41.909,-87.693,1
41.909,-87.687,2
41.909,-87.685,1
41.909,-87.677,2
41.909,-87.676,2
41.909,-87.675,1
41.909,-87.673,1
41.909,-87.667,1
41.909,-87.653,10
41.909,-87.652,1
41.909,-87.647,2
41.909,-87.632,3
41.909,-87.631,1
41.909,-87.63,3
41.91,-87.782,1
41.91,-87.775,4
41.91,-87.774,2
41.91,-87.773,1
41.91,-87.766,1
41.91,-87.764,2
41.91,-87.761,1
41.91,-87.757,1
41.91,-87.756,1
41.91,-87.754,2
41.91,-87.753,2
41.91,-87.752,2
41.91,-87.751,1
41.91,-87.75,2
41.91,-87.749,1
41.91,-87.747,3
41.91,-87.746,1
41.91,-87.745,4
41.91,-87.744,2
41.91,-87.743,3
41.91,-87.74,2
41.91,-87.737,5
41.91,-87.735,1
41.91,-87.734,2
41.91,-87.731,3
41.91,-87.73,1
41.91,-87.729,1
41.91,-87.728,2
41.91,-87.727,3
41.91,-87.724,1
41.91,-87.722,1
41.91,-87.721,1
41.91,-87.72,2
41.91,-87.719,1
41.91,-87.717,1
41.91,-87.716,2
41.91,-87.715,1
41.91,-87.712,1
41.91,-87.711,2
41.91,-87.71,2
41.91,-87.708,4
41.91,-87.707,2
41.91,-87.706,1
41.91,-87.704,1
41.91,-87.699,1
41.91,-87.698,1
41.91,-87.697,1
41.91,-87.695,1
41.91,-87.694,1
41.91,-87.691,2
41.91,-87.69,1
41.91,-87.689,1
41.91,-87.684,1
41.91,-87.683,2
41.91,-87.679,2
41.91,-87.678,4
41.91,-87.677,21
41.91,-87.674,1
41.91,-87.67,1
41.91,-87.652,1
41.91,-87.648,1
41.91,-87.639,6
41.91,-87.636,1
41.91,-87.635,12
41.91,-87.632,1
41.911,-87.761,1
41.911,-87.75,1
41.911,-87.749,2
41.911,-87.747,1
41.911,-87.736,1
41.911,-87.735,1
41.911,-87.732,1
41.911,-87.731,1
41.911,-87.723,1
41.911,-87.72,1
41.911,-87.719,1
41.911,-87.712,1
41.911,-87.71,1
41.911,-87.695,1
41.911,-87.69,1
41.911,-87.688,1
41.911,-87.679,2
41.911,-87.678,2
41.911,-87.677,5
41.911,-87.676,2
41.911,-87.674,1
41.911,-87.673,1
41.911,-87.67,1
41.911,-87.669,1
41.911,-87.668,2
41.911,-87.663,1
41.911,-87.662,1
41.911,-87.661,1
41.911,-87.658,1
41.911,-87.653,2
41.911,-87.652,3
41.911,-87.65,5
41.911,-87.649,15
41.911,-87.648,1
41.911,-87.647,2
41.911,-87.639,2
41.911,-87.638,7
41.911,-87.637,1
41.911,-87.635,1
41.911,-87.633,2
41.911,-87.626,1
41.912,-87.802,1
41.912,-87.782,1
41.912,-87.775,1
41.912,-87.774,1
41.912,-87.773,1
41.912,-87.772,1
41.912,-87.764,1
41.912,-87.763,1
41.912,-87.761,1
41.912,-87.759,1
41.912,-87.756,2
41.912,-87.754,1
41.912,-87.752,1
41.912,-87.745,2
41.912,-87.736,2
41.912,-87.73,1
41.912,-87.727,1
41.912,-87.724,1
41.912,-87.722,1
41.912,-87.718,1
41.912,-87.716,1
41.912,-87.701,1
41.912,-87.686,1
41.912,-87.682,1
41.912,-87.681,1
41.912,-87.679,2
41.912,-87.637,1
41.912,-87.633,1
41.912,-87.632,2
41.912,-87.627,1
41.913,-87.794,1
41.913,-87.781,1
41.913,-87.78,1
41.913,-87.768,1
41.913,-87.762,1
41.913,-87.759,1
41.913,-87.756,1
41.913,-87.754,1
41.913,-87.752,1
41.913,-87.747,1
41.913,-87.746,1
41.913,-87.717,1
41.913,-87.715,1
41.913,-87.712,1
41.913,-87.707,1
41.913,-87.706,1
41.913,-87.7,1
41.913,-87.695,1
41.913,-87.693,2
41.913,-87.692,1
41.913,-87.69,1
41.913,-87.675,1
41.913,-87.65,1
41.913,-87.648,1
41.913,-87.643,1
41.913,-87.64,3
41.913,-87.635,2
41.913,-87.634,1
41.913,-87.633,4
41.914,-87.795,1
41.914,-87.791,1
41.914,-87.747,1
41.914,-87.735,2
41.914,-87.733,1
41.914,-87.73,1
41.914,-87.728,1
41.914,-87.726,1
41.914,-87.72,2
41.914,-87.718,1
41.914,-87.714,1
41.914,-87.712,1
41.914,-87.71,1
41.914,-87.709,1
41.914,-87.704,1
41.914,-87.703,1
41.914,-87.701,1
41.914,-87.687,2
41.914,-87.678,1
41.914,-87.654,1
41.914,-87.649,1
41.914,-87.648,1
41.914,-87.635,2
41.915,-87.785,1
41.915,-87.749,1
41.915,-87.748,1
41.915,-87.746,2
41.915,-87.738,1
41.915,-87.726,2
41.915,-87.721,1
41.915,-87.713,2
41.915,-87.709,1
41.915,-87.702,1
41.915,-87.678,2
41.915,-87.648,1
41.915,-87.642,1
41.915,-87.639,2
41.915,-87.636,1
41.916,-87.799,1
41.916,-87.748,2
41.916,-87.746,1
41.916,-87.736,2
41.916,-87.733,1
41.916,-87.729,1
41.916,-87.724,1
41.916,-87.72,1
41.916,-87.719,1
41.916,-87.717,1
41.916,-87.715,1
41.916,-87.712,1
41.916,-87.703,1
41.916,-87.7,1
41.916,-87.687,6
41.916,-87.682,1
41.916,-87.678,1
41.916,-87.676,1
41.916,-87.67,1
41.916,-87.642,1
41.917,-87.786,1
41.917,-87.775,1
41.917,-87.755,1
41.917,-87.753,1
41.917,-87.749,1
41.917,-87.746,1
41.917,-87.745,1
41.917,-87.741,1
41.917,-87.739,2
41.917,-87.736,1
41.917,-87.733,1
41.917,-87.732,1
41.917,-87.727,2
41.917,-87.721,1
41.917,-87.717,2
41.917,-87.716,3
41.917,-87.711,1
41.917,-87.69,1
41.917,-87.688,1
41.917,-87.687,5
41.917,-87.675,1
41.917,-87.667,1
41.917,-87.654,1
41.917,-87.648,1
41.917,-87.639,2
41.917,-87.637,1
41.918,-87.759,1
41.918,-87.751,1
41.918,-87.749,1
41.918,-87.746,1
41.918,-87.739,1
41.918,-87.738,1
41.918,-87.733,1
41.918,-87.727,1
41.918,-87.723,1
41.918,-87.72,1
41.918,-87.715,1
41.918,-87.69,6
41.918,-87.689,1
41.918,-87.678,1
41.918,-87.673,1
41.918,-87.669,1
41.918,-87.668,1
41.918,-87.659,1
41.918,-87.658,1
41.918,-87.653,2
41.918,-87.65,1
41.918,-87.647,1
41.918,-87.644,1
41.918,-87.638,2
41.919,-87.785,1
41.919,-87.784,1
41.919,-87.782,1
41.919,-87.768,2
41.919,-87.749,1
41.919,-87.715,1
41.919,-87.707,1
41.919,-87.69,2
41.919,-87.689,1
41.919,-87.653,2
41.919,-87.649,5
41.919,-87.647,4
41.919,-87.646,1
41.919,-87.636,2
41.919,-87.635,1
41.92,-87.775,1
41.92,-87.769,2
41.92,-87.768,3
41.92,-87.761,1
41.92,-87.754,1
41.92,-87.75,1
41.92,-87.732,1
41.92,-87.724,1
41.92,-87.718,1
41.92,-87.714,1
41.92,-87.707,1
41.92,-87.697,1
41.92,-87.695,1
41.92,-87.687,2
41.92,-87.678,1
41.92,-87.668,1
41.92,-87.656,1
41.92,-87.65,1
41.921,-87.776,2
41.921,-87.771,1
41.921,-87.77,1
41.921,-87.767,1
41.921,-87.759,1
41.921,-87.757,1
41.921,-87.756,1
41.921,-87.752,1
41.921,-87.751,1
41.921,-87.747,2
41.921,-87.746,1
41.921,-87.738,1
41.921,-87.73,1
41.921,-87.729,1
41.921,-87.724,1
41.921,-87.719,1
41.921,-87.706,1
41.921,-87.684,1
41.921,-87.68,1
41.921,-87.664,2
41.921,-87.663,1
41.921,-87.65,1
41.921,-87.649,1
41.921,-87.636,1
41.922,-87.784,1
41.922,-87.783,1
41.922,-87.776,1
41.922,-87.739,2
41.922,-87.735,1
41.922,-87.714,1
41.922,-87.697,5
41.922,-87.696,1
41.922,-87.688,1
41.922,-87.666,1
41.922,-87.663,3
41.922,-87.662,1
41.922,-87.659,1
41.922,-87.658,1
41.922,-87.656,1
41.922,-87.653,1
41.922,-87.651,1
41.922,-87.645,1
41.923,-87.806,1
41.923,-87.804,1
41.923,-87.786,1
41.923,-87.778,1
41.923,-87.776,1
41.923,-87.772,1
41.923,-87.771,1
41.923,-87.768,3
41.923,-87.766,2
41.923,-87.756,1
41.923,-87.751,1
41.923,-87.737,1
41.923,-87.733,1
41.923,-87.73,1
41.923,-87.728,1
41.923,-87.727,1
41.923,-87.726,1
41.923,-87.722,2
41.923,-87.711,1
41.923,-87.699,1
41.923,-87.697,2
41.923,-87.668,1
41.923,-87.651,1
41.923,-87.647,1
41.923,-87.646,1
41.923,-87.645,20
41.923,-87.64,1
41.924,-87.803,1
41.924,-87.802,1
41.924,-87.795,1
41.924,-87.791,1
41.924,-87.79,1
41.924,-87.776,1
41.924,-87.775,1
41.924,-87.766,3
41.924,-87.765,1
41.924,-87.756,2
41.924,-87.752,1
41.924,-87.747,3
41.924,-87.746,2
41.924,-87.736,1
41.924,-87.733,1
41.924,-87.728,1
41.924,-87.727,2
41.924,-87.726,1
41.924,-87.709,1
41.924,-87.7,2
41.924,-87.699,11
41.924,-87.696,1
41.924,-87.685,1
41.924,-87.668,1
41.924,-87.667,1
41.924,-87.654,1
41.924,-87.651,2
41.924,-87.65,1
41.924,-87.646,1
41.924,-87.644,2
41.925,-87.772,1
41.925,-87.766,1
41.925,-87.761,2
41.925,-87.76,1
41.925,-87.755,1
41.925,-87.754,2
41.925,-87.746,1
41.925,-87.727,1
41.925,-87.724,1
41.925,-87.723,1
41.925,-87.722,1
41.925,-87.716,1
41.925,-87.715,1
41.925,-87.71,1
41.925,-87.709,2
41.925,-87.701,1
41.925,-87.697,1
41.925,-87.692,1
41.925,-87.684,2
41.925,-87.678,1
41.925,-87.676,1
41.925,-87.674,2
41.925,-87.672,1
41.925,-87.67,1
41.925,-87.669,1
41.925,-87.668,1
41.925,-87.663,4
41.925,-87.66,1
41.925,-87.659,1
41.925,-87.653,1
41.925,-87.652,19
41.925,-87.65,2
41.925,-87.648,1
41.925,-87.647,1
41.925,-87.638,1
41.926,-87.798,1
41.926,-87.794,1
41.926,-87.786,2
41.926,-87.775,1
41.926,-87.766,1
41.926,-87.759,1
41.926,-87.739,1
41.926,-87.722,1
41.926,-87.719,1
41.926,-87.703,1
41.926,-87.693,1
41.926,-87.691,1
41.926,-87.685,1
41.926,-87.666,1
41.926,-87.649,3
41.926,-87.645,1
41.926,-87.642,1
41.927,-87.781,1
41.927,-87.749,1
41.927,-87.746,1
41.927,-87.738,1
41.927,-87.733,1
41.927,-87.727,1
41.927,-87.722,1
41.927,-87.716,1
41.927,-87.712,1
41.927,-87.709,1
41.927,-87.704,2
41.927,-87.702,1
41.927,-87.688,2
41.927,-87.669,1
41.927,-87.667,1
41.927,-87.654,1
41.927,-87.651,1
41.927,-87.646,1
41.927,-87.645,2
41.927,-87.642,1
41.927,-87.638,1
41.928,-87.775,1
41.928,-87.764,1
41.928,-87.749,1
41.928,-87.719,1
41.928,-87.711,1
41.928,-87.703,1
41.928,-87.698,1
41.928,-87.688,1
41.928,-87.682,1
41.928,-87.673,2
41.928,-87.668,1
41.928,-87.644,1
41.928,-87.642,3
41.929,-87.77,1
41.929,-87.767,1
41.929,-87.748,1
41.929,-87.734,1
41.929,-87.724,1
41.929,-87.723,1
41.929,-87.711,1
41.929,-87.708,6
41.929,-87.706,1
41.929,-87.699,1
41.929,-87.688,1
41.929,-87.673,1
41.929,-87.667,1
41.929,-87.662,2
41.929,-87.65,1
41.929,-87.649,3
41.93,-87.806,1
41.93,-87.786,1
41.93,-87.782,1
41.93,-87.777,1
41.93,-87.757,1
41.93,-87.715,1
41.93,-87.713,1
41.93,-87.711,5
41.93,-87.707,1
41.93,-87.703,1
41.93,-87.686,1
41.93,-87.684,4
41.93,-87.666,1
41.93,-87.649,1
41.93,-87.648,1
41.93,-87.646,1
41.93,-87.644,2
41.93,-87.641,1
41.931,-87.789,1
41.931,-87.787,3
41.931,-87.779,1
41.931,-87.776,1
41.931,-87.775,1
41.931,-87.774,1
41.931,-87.767,1
41.931,-87.76,2
41.931,-87.756,1
41.931,-87.755,1
41.931,-87.75,1
41.931,-87.728,1
41.931,-87.727,1
41.931,-87.722,1
41.931,-87.716,1
41.931,-87.71,1
41.931,-87.708,1
41.931,-87.702,1
41.931,-87.698,3
41.931,-87.68,2
41.931,-87.679,1
41.931,-87.666,1
41.931,-87.654,1
41.931,-87.652,1
41.931,-87.649,1
41.931,-87.647,1
41.931,-87.642,1
41.932,-87.776,1
41.932,-87.771,1
41.932,-87.766,1
41.932,-87.748,1
41.932,-87.743,4
41.932,-87.742,1
41.932,-87.74,1
41.932,-87.737,1
41.932,-87.728,4
41.932,-87.727,1
41.932,-87.725,1
41.932,-87.723,1
41.932,-87.722,1
41.932,-87.719,1
41.932,-87.718,1
41.932,-87.716,1
41.932,-87.713,3
41.932,-87.712,2
41.932,-87.709,1
41.932,-87.708,1
41.932,-87.699,1
41.932,-87.692,1
41.932,-87.664,1
41.932,-87.661,1
41.932,-87.656,1
41.932,-87.655,1
41.932,-87.644,2
41.932,-87.642,1
41.932,-87.641,1
41.932,-87.637,1
41.933,-87.796,1
41.933,-87.777,1
41.933,-87.761,1
41.933,-87.76,1
41.933,-87.759,1
41.933,-87.758,2
41.933,-87.755,1
41.933,-87.721,3
41.933,-87.715,2
41.933,-87.714,2
41.933,-87.713,1
41.933,-87.71,2
41.933,-87.707,1
41.933,-87.661,1
41.933,-87.658,1
41.933,-87.657,1
41.933,-87.656,1
41.933,-87.653,1
41.933,-87.652,1
41.933,-87.651,2
41.933,-87.65,1
41.933,-87.649,1
41.933,-87.647,1
41.933,-87.645,1
41.933,-87.644,1
41.934,-87.786,1
41.934,-87.78,1
41.934,-87.776,1
41.934,-87.774,2
41.934,-87.769,1
41.934,-87.764,1
41.934,-87.753,1
41.934,-87.726,1
41.934,-87.725,2
41.934,-87.724,1
41.934,-87.716,4
41.934,-87.715,5
41.934,-87.703,1
41.934,-87.701,1
41.934,-87.667,1
41.934,-87.666,1
41.934,-87.652,2
41.934,-87.648,1
41.934,-87.646,1
41.934,-87.645,3
41.935,-87.786,1
41.935,-87.784,1
41.935,-87.783,1
41.935,-87.776,1
41.935,-87.771,1
41.935,-87.752,1
41.935,-87.75,1
41.935,-87.747,1
41.935,-87.746,1
41.935,-87.73,1
41.935,-87.727,1
41.935,-87.725,2
41.935,-87.716,1
41.935,-87.71,1
41.935,-87.705,1
41.935,-87.672,1
41.935,-87.671,1
41.935,-87.669,2
41.935,-87.664,1
41.935,-87.652,1
41.935,-87.65,1
41.936,-87.766,1
41.936,-87.754,1
41.936,-87.749,1
41.936,-87.748,2
41.936,-87.746,1
41.936,-87.727,3
41.936,-87.723,1
41.936,-87.722,1
41.936,-87.718,1
41.936,-87.712,1
41.936,-87.709,1
41.936,-87.703,1
41.936,-87.699,1
41.936,-87.667,1
41.936,-87.662,1
41.936,-87.659,1
41.936,-87.654,1
41.936,-87.653,1
41.936,-87.647,1
41.936,-87.646,1
41.936,-87.645,2
41.936,-87.64,1
41.937,-87.815,1
41.937,-87.796,1
41.937,-87.757,1
41.937,-87.749,1
41.937,-87.746,1
41.937,-87.739,1
41.937,-87.727,2
41.937,-87.721,1
41.937,-87.72,1
41.937,-87.714,1
41.937,-87.711,1
41.937,-87.681,1
41.937,-87.671,1
41.937,-87.666,1
41.937,-87.664,1
41.937,-87.662,1
41.937,-87.656,1
41.937,-87.648,3
41.937,-87.644,2
41.937,-87.642,1
41.938,-87.834,1
41.938,-87.812,1
41.938,-87.807,2
41.938,-87.796,1
41.938,-87.79,1
41.938,-87.783,1
41.938,-87.782,1
41.938,-87.776,1
41.938,-87.763,1
41.938,-87.738,1
41.938,-87.724,1
41.938,-87.714,1
41.938,-87.711,1
41.938,-87.708,1
41.938,-87.701,1
41.938,-87.678,1
41.938,-87.676,1
41.938,-87.67,1
41.938,-87.664,1
41.938,-87.66,1
41.938,-87.657,1
41.938,-87.653,1
41.938,-87.644,1
41.939,-87.807,1
41.939,-87.771,1
41.939,-87.768,2
41.939,-87.767,4
41.939,-87.765,1
41.939,-87.762,2
41.939,-87.76,1
41.939,-87.758,2
41.939,-87.757,2
41.939,-87.755,5
41.939,-87.747,1
41.939,-87.746,2
41.939,-87.744,1
41.939,-87.743,1
41.939,-87.741,1
41.939,-87.739,1
41.939,-87.731,1
41.939,-87.728,1
41.939,-87.727,2
41.939,-87.723,3
41.939,-87.719,1
41.939,-87.718,4
41.939,-87.716,1
41.939,-87.713,2
41.939,-87.712,5
41.939,-87.711,1
41.939,-87.702,1
41.939,-87.7,1
41.939,-87.699,1
41.939,-87.668,1
41.939,-87.655,1
41.939,-87.653,2
41.939,-87.65,1
41.939,-87.649,3
41.939,-87.645,1
41.939,-87.644,1
41.939,-87.643,1
41.939,-87.642,1
41.939,-87.641,1
41.939,-87.638,1
41.94,-87.779,1
41.94,-87.765,3
41.94,-87.761,1
41.94,-87.757,1
41.94,-87.74,1
41.94,-87.727,2
41.94,-87.725,3
41.94,-87.721,1
41.94,-87.719,1
41.94,-87.713,1
41.94,-87.708,1
41.94,-87.707,1
41.94,-87.684,1
41.94,-87.67,2
41.94,-87.669,2
41.94,-87.661,1
41.94,-87.66,1
41.94,-87.658,1
41.94,-87.654,4
41.94,-87.653,21
41.94,-87.652,2
41.94,-87.651,2
41.94,-87.649,6
41.94,-87.645,1
41.94,-87.644,5
41.941,-87.827,1
41.941,-87.757,1
41.941,-87.754,1
41.941,-87.753,1
41.941,-87.748,1
41.941,-87.733,1
41.941,-87.727,1
41.941,-87.724,2
41.941,-87.72,1
41.941,-87.672,2
41.941,-87.67,1
41.941,-87.667,1
41.941,-87.655,1
41.941,-87.654,1
41.941,-87.649,4
41.941,-87.648,1
41.941,-87.641,1
41.941,-87.638,1
41.942,-87.756,1
41.942,-87.749,1
41.942,-87.748,2
41.942,-87.731,1
41.942,-87.719,1
41.942,-87.705,1
41.942,-87.699,1
41.942,-87.684,2
41.942,-87.66,1
41.942,-87.654,2
41.942,-87.653,1
41.942,-87.649,7
41.942,-87.643,1
41.943,-87.806,1
41.943,-87.787,1
41.943,-87.757,1
41.943,-87.752,1
41.943,-87.733,1
41.943,-87.731,1
41.943,-87.674,2
41.943,-87.669,2
41.943,-87.664,1
41.943,-87.655,1
41.943,-87.653,1
41.943,-87.649,9
41.943,-87.648,1
41.943,-87.645,1
41.943,-87.644,1
41.943,-87.641,1
41.943,-87.64,1
41.944,-87.767,1
41.944,-87.765,1
41.944,-87.704,1
41.944,-87.688,1
41.944,-87.664,1
41.944,-87.657,1
41.944,-87.653,2
41.944,-87.65,2
41.944,-87.649,5
41.944,-87.648,1
41.945,-87.823,1
41.945,-87.802,1
41.945,-87.776,1
41.945,-87.767,1
41.945,-87.762,1
41.945,-87.76,1
41.945,-87.753,1
41.945,-87.74,1
41.945,-87.727,1
41.945,-87.722,1
41.945,-87.703,2
41.945,-87.683,1
41.945,-87.669,1
41.945,-87.664,1
41.945,-87.656,1
41.945,-87.655,2
41.945,-87.65,2
41.945,-87.649,6
41.945,-87.646,1
41.946,-87.826,1
41.946,-87.807,1
41.946,-87.772,1
41.946,-87.728,1
41.946,-87.721,1
41.946,-87.719,3
41.946,-87.713,1
41.946,-87.688,1
41.946,-87.687,1
41.946,-87.664,1
41.946,-87.657,2
41.946,-87.656,8
41.946,-87.655,4
41.946,-87.654,1
41.946,-87.653,1
41.946,-87.649,3
41.946,-87.647,2
41.946,-87.646,1
41.947,-87.763,1
41.947,-87.748,1
41.947,-87.744,1
41.947,-87.727,1
41.947,-87.709,2
41.947,-87.707,1
41.947,-87.703,1
41.947,-87.701,1
41.947,-87.698,1
41.947,-87.697,1
41.947,-87.692,2
41.947,-87.688,1
41.947,-87.684,1
41.947,-87.683,1
41.947,-87.679,1
41.947,-87.677,1
41.947,-87.675,2
41.947,-87.661,1
41.947,-87.659,2
41.947,-87.658,1
41.947,-87.656,19
41.947,-87.654,11
41.947,-87.653,2
41.947,-87.652,1
41.947,-87.651,1
41.947,-87.647,2
41.947,-87.644,1
41.948,-87.797,1
41.948,-87.78,1
41.948,-87.669,1
41.948,-87.668,1
41.948,-87.666,1
41.948,-87.659,1
41.948,-87.653,1
41.948,-87.65,4
41.948,-87.647,2
41.949,-87.783,1
41.949,-87.778,1
41.949,-87.775,1
41.949,-87.755,1
41.949,-87.745,1
41.949,-87.744,1
41.949,-87.709,1
41.949,-87.708,1
41.949,-87.687,1
41.949,-87.676,1
41.949,-87.671,1
41.949,-87.67,2
41.949,-87.664,1
41.949,-87.662,1
41.949,-87.658,1
41.949,-87.649,1
41.949,-87.648,1
41.949,-87.647,1
41.949,-87.644,1
41.95,-87.752,1
41.95,-87.745,1
41.95,-87.713,1
41.95,-87.702,1
41.95,-87.676,1
41.95,-87.664,1
41.95,-87.659,3
41.95,-87.658,2
41.95,-87.653,1
41.95,-87.65,1
41.95,-87.649,3
41.95,-87.644,1
41.95,-87.643,1
41.951,-87.797,1
41.951,-87.768,1
41.951,-87.766,1
41.951,-87.761,1
41.951,-87.747,2
41.951,-87.732,1
41.951,-87.688,1
41.951,-87.675,1
41.951,-87.67,1
41.951,-87.664,1
41.951,-87.651,1
41.951,-87.65,2
41.952,-87.837,1
41.952,-87.764,1
41.952,-87.762,1
41.952,-87.749,1
41.952,-87.728,1
41.952,-87.711,1
41.952,-87.681,1
41.952,-87.679,1
41.952,-87.669,1
41.952,-87.66,1
41.952,-87.656,1
41.952,-87.648,2
41.953,-87.788,2
41.953,-87.778,1
41.953,-87.77,1
41.953,-87.749,1
41.953,-87.748,1
41.953,-87.745,4
41.953,-87.744,3
41.953,-87.713,2
41.953,-87.708,1
41.953,-87.675,1
41.953,-87.669,1
41.953,-87.665,1
41.953,-87.65,1
41.954,-87.757,1
41.954,-87.752,1
41.954,-87.75,1
41.954,-87.747,1
41.954,-87.736,1
41.954,-87.733,1
41.954,-87.732,2
41.954,-87.731,1
41.954,-87.73,1
41.954,-87.728,1
41.954,-87.727,1
41.954,-87.72,1
41.954,-87.718,1
41.954,-87.714,2
41.954,-87.713,3
41.954,-87.71,1
41.954,-87.708,2
41.954,-87.707,1
41.954,-87.706,2
41.954,-87.705,1
41.954,-87.696,1
41.954,-87.683,1
41.954,-87.682,1
41.954,-87.678,2
41.954,-87.675,1
41.954,-87.664,2
41.954,-87.655,7
41.954,-87.654,1
41.954,-87.653,1
41.954,-87.65,1
41.955,-87.833,1
41.955,-87.771,1
41.955,-87.721,1
41.955,-87.72,1
41.955,-87.708,5
41.955,-87.68,2
41.955,-87.679,1
41.955,-87.656,2
41.955,-87.653,1
41.955,-87.651,2
41.955,-87.65,1
41.955,-87.646,1
41.956,-87.75,1
41.956,-87.729,2
41.956,-87.728,1
41.956,-87.718,1
41.956,-87.716,1
41.956,-87.715,1
41.956,-87.682,1
41.956,-87.666,1
41.956,-87.656,1
41.956,-87.65,1
41.956,-87.648,1
41.957,-87.758,1
41.957,-87.728,1
41.957,-87.703,1
41.957,-87.656,1
41.957,-87.651,1
41.958,-87.76,1
41.958,-87.753,1
41.958,-87.752,1
41.958,-87.731,1
41.958,-87.728,1
41.958,-87.714,1
41.958,-87.712,1
41.958,-87.702,1
41.958,-87.692,1
41.958,-87.655,1
41.958,-87.653,2
41.959,-87.787,1
41.959,-87.777,1
41.959,-87.776,1
41.959,-87.756,1
41.959,-87.753,1
41.959,-87.739,1
41.959,-87.73,1
41.959,-87.713,2
41.959,-87.711,1
41.959,-87.705,1
41.959,-87.701,1
41.959,-87.687,1
41.959,-87.656,3
41.959,-87.653,1
41.959,-87.652,2
41.959,-87.651,1
41.96,-87.786,1
41.96,-87.775,1
41.96,-87.767,1
41.96,-87.752,1
41.96,-87.714,1
41.96,-87.713,1
41.96,-87.712,1
41.96,-87.708,3
41.96,-87.686,1
41.96,-87.652,1
41.961,-87.786,1
41.961,-87.779,1
41.961,-87.748,1
41.961,-87.747,1
41.961,-87.744,1
41.961,-87.743,1
41.961,-87.738,1
41.961,-87.728,2
41.961,-87.725,2
41.961,-87.724,1
41.961,-87.718,1
41.961,-87.716,1
41.961,-87.715,2
41.961,-87.713,6
41.961,-87.712,2
41.961,-87.707,1
41.961,-87.701,2
41.961,-87.689,2
41.961,-87.679,1
41.961,-87.676,1
41.961,-87.655,2
41.962,-87.764,1
41.962,-87.756,1
41.962,-87.725,1
41.962,-87.723,1
41.962,-87.721,2
41.962,-87.716,1
41.962,-87.713,2
41.962,-87.711,1
41.962,-87.705,1
41.962,-87.694,1
41.962,-87.691,1
41.962,-87.668,2
41.962,-87.664,1
41.962,-87.656,2
41.962,-87.655,1
41.962,-87.653,1
41.962,-87.647,1
41.962,-87.646,1
41.963,-87.761,1
41.963,-87.744,1
41.963,-87.742,1
41.963,-87.74,1
41.963,-87.728,1
41.963,-87.727,1
41.963,-87.723,1
41.963,-87.716,1
41.963,-87.715,2
41.963,-87.712,2
41.963,-87.666,1
41.963,-87.664,1
41.963,-87.656,3
41.963,-87.65,1
41.963,-87.647,1
41.964,-87.768,1
41.964,-87.757,1
41.964,-87.723,1
41.964,-87.718,1
41.964,-87.716,1
41.964,-87.712,1
41.964,-87.708,1
41.964,-87.686,1
41.964,-87.684,1
41.964,-87.675,1
41.964,-87.669,1
41.964,-87.661,2
41.964,-87.657,2
41.964,-87.655,1
41.964,-87.654,1
41.964,-87.652,1
41.965,-87.745,1
41.965,-87.734,1
41.965,-87.727,1
41.965,-87.726,1
41.965,-87.718,1
41.965,-87.714,2
41.965,-87.713,2
41.965,-87.708,1
41.965,-87.701,2
41.965,-87.689,2
41.965,-87.679,2
41.965,-87.659,2
41.965,-87.658,1
41.965,-87.657,2
41.965,-87.656,1
41.965,-87.655,2
41.965,-87.653,1
41.965,-87.639,1
41.966,-87.768,1
41.966,-87.758,1
41.966,-87.738,1
41.966,-87.737,1
41.966,-87.722,2
41.966,-87.721,1
41.966,-87.711,1
41.966,-87.706,2
41.966,-87.701,1
41.966,-87.694,1
41.966,-87.688,1
41.966,-87.687,1
41.966,-87.685,1
41.966,-87.669,1
41.966,-87.667,2
41.966,-87.658,8
41.966,-87.655,1
41.966,-87.649,1
41.967,-87.776,1
41.967,-87.767,1
41.967,-87.751,1
41.967,-87.739,1
41.967,-87.728,1
41.967,-87.726,2
41.967,-87.722,1
41.967,-87.721,5
41.967,-87.718,4
41.967,-87.716,1
41.967,-87.715,1
41.967,-87.713,2
41.967,-87.71,1
41.967,-87.709,1
41.967,-87.708,2
41.967,-87.695,2
41.967,-87.69,1
41.967,-87.689,1
41.967,-87.688,1
41.967,-87.673,1
41.967,-87.666,1
41.967,-87.66,2
41.967,-87.658,2
41.967,-87.657,1
41.967,-87.656,1
41.967,-87.651,1
41.968,-87.786,1
41.968,-87.785,1
41.968,-87.731,1
41.968,-87.73,1
41.968,-87.729,1
41.968,-87.725,1
41.968,-87.723,1
41.968,-87.722,1
41.968,-87.721,1
41.968,-87.72,2
41.968,-87.719,2
41.968,-87.717,4
41.968,-87.716,5
41.968,-87.715,4
41.968,-87.714,1
41.968,-87.713,6
41.968,-87.712,2
41.968,-87.711,2
41.968,-87.71,1
41.968,-87.709,3
41.968,-87.708,2
41.968,-87.705,1
41.968,-87.689,1
41.968,-87.688,1
41.968,-87.681,1
41.968,-87.667,2
41.968,-87.658,2
41.968,-87.65,1
41.969,-87.762,1
41.969,-87.727,1
41.969,-87.723,1
41.969,-87.722,1
41.969,-87.716,3
41.969,-87.713,2
41.969,-87.709,1
41.969,-87.708,1
41.969,-87.699,1
41.969,-87.692,2
41.969,-87.689,1
41.969,-87.675,3
41.969,-87.66,2
41.969,-87.658,6
41.969,-87.653,1
41.97,-87.763,10
41.97,-87.755,1
41.97,-87.753,1
41.97,-87.73,1
41.97,-87.727,1
41.97,-87.726,1
41.97,-87.722,1
41.97,-87.721,1
41.97,-87.72,1
41.97,-87.718,1
41.97,-87.711,1
41.97,-87.709,1
41.97,-87.707,1
41.97,-87.695,1
41.97,-87.66,3
41.97,-87.656,1
41.97,-87.655,2
41.971,-87.772,1
41.971,-87.764,1
41.971,-87.727,1
41.971,-87.724,1
41.971,-87.72,1
41.971,-87.713,2
41.971,-87.712,1
41.971,-87.711,1
41.971,-87.709,1
41.971,-87.705,2
41.971,-87.698,1
41.971,-87.687,2
41.971,-87.671,1
41.971,-87.668,2
41.971,-87.66,1
41.972,-87.775,1
41.972,-87.748,1
41.972,-87.746,1
41.972,-87.728,3
41.972,-87.718,1
41.972,-87.668,1
41.972,-87.66,1
41.972,-87.658,2
41.972,-87.656,1
41.972,-87.655,1
41.973,-87.779,2
41.973,-87.728,1
41.973,-87.695,1
41.973,-87.671,1
41.973,-87.667,1
41.973,-87.662,1
41.973,-87.659,2
41.973,-87.658,3
41.973,-87.657,3
41.973,-87.656,2
41.974,-87.823,1
41.974,-87.715,1
41.974,-87.714,1
41.974,-87.709,1
41.974,-87.66,1
41.974,-87.658,1
41.975,-87.714,1
41.975,-87.706,1
41.975,-87.691,1
41.975,-87.69,1
41.975,-87.678,1
41.975,-87.661,1
41.975,-87.657,1
41.975,-87.656,1
41.975,-87.655,1
41.976,-87.905,20
41.976,-87.806,1
41.976,-87.748,1
41.976,-87.73,1
41.976,-87.729,1
41.976,-87.728,1
41.976,-87.714,1
41.976,-87.713,4
41.976,-87.71,1
41.976,-87.699,1
41.976,-87.668,3
41.976,-87.667,1
41.976,-87.658,1
41.976,-87.655,3
41.976,-87.65,1
41.977,-87.901,1
41.977,-87.837,1
41.977,-87.769,1
41.977,-87.765,1
41.977,-87.692,1
41.977,-87.673,1
41.977,-87.658,1
41.977,-87.655,1
41.978,-87.904,4
41.978,-87.77,1
41.978,-87.709,1
41.978,-87.697,1
41.978,-87.693,1
41.978,-87.69,1
41.978,-87.668,1
41.978,-87.659,4
41.978,-87.658,1
41.979,-87.906,1
41.979,-87.842,1
41.979,-87.814,1
41.979,-87.78,1
41.979,-87.757,1
41.979,-87.713,1
41.979,-87.7,1
41.979,-87.668,1
41.979,-87.662,1
41.979,-87.66,8
41.979,-87.656,1
41.979,-87.655,1
41.98,-87.807,1
41.98,-87.691,1
41.98,-87.674,1
41.98,-87.669,1
41.98,-87.668,1
41.98,-87.658,1
41.981,-87.904,1
41.981,-87.883,1
41.981,-87.699,2
41.981,-87.675,1
41.981,-87.668,2
41.981,-87.66,1
41.981,-87.658,1
41.981,-87.657,2
41.981,-87.655,1
41.982,-87.807,4
41.982,-87.705,1
41.982,-87.669,5
41.982,-87.667,1
41.982,-87.663,2
41.982,-87.657,1
41.983,-87.791,1
41.983,-87.773,1
41.983,-87.706,1
41.983,-87.699,1
41.983,-87.695,2
41.983,-87.694,1
41.983,-87.691,1
41.983,-87.658,1
41.983,-87.657,2
41.984,-87.714,1
41.984,-87.709,1
41.984,-87.703,1
41.984,-87.671,1
41.984,-87.661,1
41.984,-87.659,7
41.984,-87.657,3
41.985,-87.837,1
41.985,-87.768,1
41.985,-87.714,1
41.985,-87.713,2
41.985,-87.696,1
41.985,-87.66,1
41.985,-87.655,1
41.986,-87.715,1
41.986,-87.714,1
41.986,-87.699,2
41.986,-87.691,1
41.986,-87.664,1
41.986,-87.661,1
41.986,-87.66,1
41.986,-87.656,1
41.986,-87.655,1
41.987,-87.786,1
41.987,-87.778,2
41.987,-87.702,2
41.987,-87.659,1
41.987,-87.655,1
41.988,-87.696,1
41.988,-87.671,1
41.988,-87.665,1
41.988,-87.658,2
41.988,-87.657,1
41.989,-87.813,1
41.989,-87.784,1
41.989,-87.706,1
41.99,-87.748,1
41.99,-87.737,1
41.99,-87.699,2
41.99,-87.662,1
41.99,-87.659,1
41.991,-87.697,1
41.991,-87.696,1
41.991,-87.695,2
41.991,-87.691,1
41.991,-87.69,2
41.991,-87.68,2
41.991,-87.679,1
41.991,-87.671,1
41.991,-87.668,1
41.991,-87.66,1
41.991,-87.657,1
41.992,-87.785,1
41.992,-87.71,2
41.992,-87.7,1
41.992,-87.698,1
41.992,-87.696,1
41.992,-87.695,1
41.992,-87.684,1
41.992,-87.681,2
41.992,-87.679,1
41.992,-87.677,1
41.992,-87.655,1
41.993,-87.712,1
41.993,-87.703,1
41.993,-87.698,1
41.993,-87.69,2
41.993,-87.684,1
41.993,-87.682,2
41.993,-87.678,2
41.993,-87.673,1
41.993,-87.672,1
41.993,-87.666,1
41.994,-87.719,1
41.994,-87.7,1
41.994,-87.696,1
41.994,-87.694,1
41.994,-87.69,1
41.994,-87.688,1
41.994,-87.686,1
41.994,-87.685,1
41.994,-87.682,1
41.994,-87.677,1
41.994,-87.668,1
41.994,-87.666,1
41.995,-87.744,1
41.995,-87.713,2
41.995,-87.704,1
41.995,-87.7,3
41.995,-87.698,1
41.995,-87.69,1
41.995,-87.685,1
41.995,-87.663,1
41.995,-87.662,1
41.995,-87.659,6
41.995,-87.658,2
41.996,-87.787,1
41.996,-87.702,1
41.996,-87.698,1
41.996,-87.697,1
41.996,-87.693,1
41.996,-87.692,2
41.996,-87.689,1
41.996,-87.687,1
41.996,-87.67,1
41.996,-87.667,1
41.996,-87.665,1
41.996,-87.659,1
41.997,-87.717,1
41.997,-87.71,1
41.997,-87.696,2
41.997,-87.689,3
41.997,-87.687,1
41.997,-87.686,1
41.997,-87.677,1
41.997,-87.663,1
41.997,-87.658,1
41.998,-87.709,1
41.998,-87.702,1
41.998,-87.7,1
41.998,-87.697,2
41.998,-87.696,3
41.998,-87.695,1
41.998,-87.694,1
41.998,-87.693,1
41.998,-87.692,1
41.998,-87.691,1
41.998,-87.688,2
41.998,-87.687,1
41.998,-87.686,2
41.998,-87.685,1
41.998,-87.684,1
41.998,-87.683,2
41.998,-87.682,1
41.998,-87.68,1
41.998,-87.676,1
41.998,-87.674,1
41.998,-87.671,11
41.998,-87.661,4
41.998,-87.659,1
41.999,-87.704,1
41.999,-87.699,1
41.999,-87.696,1
41.999,-87.692,1
41.999,-87.687,1
41.999,-87.683,1
41.999,-87.663,1
41.999,-87.662,2
42.0,-87.708,1
42.0,-87.694,1
42.0,-87.69,1
42.0,-87.686,1
42.0,-87.679,1
42.0,-87.671,1
42.0,-87.662,1
42.001,-87.661,7
42.002,-87.818,1
42.002,-87.701,1
42.002,-87.695,1
42.002,-87.69,1
42.002,-87.68,2
42.002,-87.673,1
42.002,-87.672,1
42.002,-87.666,1
42.002,-87.661,2
42.002,-87.66,1
42.003,-87.667,1
42.003,-87.662,1
42.003,-87.661,1
42.004,-87.662,1
42.004,-87.658,1
42.005,-87.708,1
42.005,-87.682,1
42.005,-87.681,1
42.005,-87.675,1
42.005,-87.67,1
42.005,-87.667,1
42.005,-87.662,1
42.005,-87.661,3
42.005,-87.659,1
42.006,-87.696,1
42.006,-87.69,1
42.006,-87.665,1
42.006,-87.662,1
42.006,-87.661,2
42.006,-87.658,1
42.007,-87.676,1
42.007,-87.667,1
42.007,-87.661,1
42.008,-87.684,1
42.008,-87.681,1
42.008,-87.674,1
42.008,-87.67,1
42.008,-87.669,1
42.008,-87.668,1
42.008,-87.667,1
42.008,-87.665,4
42.008,-87.662,1
42.009,-87.709,1
42.009,-87.69,1
42.009,-87.687,1
42.009,-87.671,1
42.009,-87.668,1
42.009,-87.664,1
42.01,-87.695,1
42.01,-87.678,1
42.01,-87.677,2
42.01,-87.675,1
42.01,-87.671,1
42.011,-87.694,1
42.011,-87.689,1
42.011,-87.687,1
42.011,-87.674,1
42.011,-87.668,1
42.011,-87.663,1
42.012,-87.69,1
42.012,-87.689,2
42.012,-87.675,1
42.012,-87.666,1
42.012,-87.665,2
42.012,-87.663,1
42.013,-87.683,1
42.013,-87.665,1
42.014,-87.708,1
42.014,-87.68,2
42.015,-87.688,1
42.015,-87.682,1
42.015,-87.678,3
42.015,-87.676,1
42.015,-87.675,1
42.015,-87.669,2
42.016,-87.691,1
42.016,-87.689,1
42.016,-87.683,1
42.016,-87.68,1
42.016,-87.679,1
42.016,-87.674,1
42.016,-87.673,2
42.016,-87.672,1
42.016,-87.671,3
42.016,-87.67,1
42.016,-87.669,3
42.016,-87.667,1
42.016,-87.666,1
42.017,-87.69,1
42.017,-87.675,1
42.017,-87.67,2
42.017,-87.669,3
42.017,-87.668,1
42.017,-87.666,1
42.018,-87.704,1
42.018,-87.689,1
42.018,-87.68,1
42.018,-87.677,2
42.018,-87.676,3
42.018,-87.673,20
42.018,-87.668,1
42.018,-87.665,1
42.019,-87.69,1
42.019,-87.685,1
42.019,-87.678,2
42.019,-87.676,1
42.019,-87.675,7
42.019,-87.674,1
42.019,-87.673,7
42.019,-87.672,3
42.019,-87.67,1
42.019,-87.669,4
42.019,-87.667,1
42.019,-87.666,1
42.02,-87.689,3
42.02,-87.669,4
42.02,-87.668,2
42.02,-87.667,2
42.02,-87.666,2
42.02,-87.665,1
42.021,-87.673,1
42.021,-87.666,2
42.022,-87.672,2
42.022,-87.671,1
42.023,-87.676,1
42.023,-87.674,3
