Latitude,Longitude,Primary Type,Hour,Month
41.920896239,-87.757282573,ROBBERY,3,4
41.752570926,-87.608906554,ROBBERY,18,12
41.924228431,-87.747117979,ROBBERY,21,11
41.745097591,-87.600159412,ROBBERY,17,11
41.777783389,-87.615563072,ROBBERY,15,11
41.696868557,-87.542564289,ROBBERY,16,4
41.998944623,-87.661876448,ROBBERY,11,12
41.913927347,-87.700724705,ROBBERY,11,3
41.910947862,-87.678343579,ROBBERY,14,1
41.911208109,-87.678745045,ROBBERY,13,1
41.735176627,-87.650898907,ROBBERY,17,12
41.873709176,-87.749169703,ROBBERY,10,12
41.831200469,-87.613763088,ROBBERY,17,12
41.973264216,-87.658560747,ROBBERY,10,12
41.884484216,-87.629030004,ROBBERY,18,12
41.909492928,-87.75653279,ROBBERY,17,11
41.852041917,-87.68450201,ROBBERY,7,10
41.932667513,-87.761380994,ROBBERY,3,1
41.758625799,-87.601262593,ROBBERY,8,6
41.794685635,-87.654881342,ROBBERY,0,5
41.852879013,-87.629527333,ROBBERY,16,12
41.851507778,-87.727385695,ROBBERY,16,7
41.903775756,-87.639324074,ROBBERY,7,4
41.965860757,-87.701053221,ROBBERY,22,4
41.96283347,-87.647441758,ROBBERY,23,10
41.987833463,-87.65814575,ROBBERY,0,10
41.873190917,-87.659551948,ROBBERY,22,12
41.902141421,-87.765958681,ROBBERY,18,11
41.736495198,-87.615092361,ROBBERY,1,12
41.756550472,-87.592600053,ROBBERY,0,10
41.95468688,-87.833020605,ROBBERY,14,9
41.97090893,-87.71954795,ROBBERY,22,6
41.938676086,-87.655279469,ROBBERY,15,12
41.875508384,-87.656975687,ROBBERY,13,12
41.987362912,-87.702293402,ROBBERY,16,10
41.800967148,-87.642880822,ROBBERY,13,5
41.865333633,-87.733712889,ROBBERY,20,12
41.854010712,-87.724822014,ROBBERY,18,12
41.94426682,-87.649394139,ROBBERY,19,12
41.872677761,-87.693626729,ROBBERY,20,5
41.807503022,-87.752284096,ROBBERY,10,12
41.85384608,-87.715063469,ROBBERY,17,12
41.883496589,-87.68402596,ROBBERY,17,11
41.96677027,-87.690395443,ROBBERY,21,10
41.868447451,-87.642228591,ROBBERY,5,10
41.721436835,-87.595977853,ROBBERY,17,7
41.732212896,-87.653234716,ROBBERY,19,12
41.854630302,-87.67591226,ROBBERY,16,12
41.869371524,-87.659654473,ROBBERY,17,11
41.85836391,-87.666164631,ROBBERY,18,10
41.852122078,-87.679281762,ROBBERY,17,10
41.761364334,-87.657658897,ROBBERY,17,5
41.939550298,-87.727199774,ROBBERY,11,5
41.87513429,-87.735996951,ROBBERY,2,7
41.72236078,-87.625066872,ROBBERY,0,12
41.896888586,-87.628203192,ROBBERY,0,12
41.758277853,-87.62233006,ROBBERY,0,12
41.854630302,-87.67591226,ROBBERY,18,12
41.965815477,-87.666850116,ROBBERY,9,12
41.883500187,-87.627876698,ROBBERY,19,12
41.724768575,-87.597284163,ROBBERY,21,11
41.89361121,-87.753105675,ROBBERY,0,11
41.867251542,-87.639594427,ROBBERY,19,11
41.940947082,-87.754312367,ROBBERY,5,11
41.724796016,-87.59728385,ROBBERY,16,11
41.855811206,-87.724871019,ROBBERY,19,10
41.801634875,-87.616147829,ROBBERY,15,10
41.715680818,-87.643058205,THEFT,4,8
41.85384608,-87.715063469,ROBBERY,10,12
41.721325872,-87.620580034,ROBBERY,0,12
41.89181302,-87.714594628,ROBBERY,11,12
42.015924314,-87.673955594,ROBBERY,3,12
41.909633845,-87.745359528,ROBBERY,18,11
41.909386931,-87.76499445,ROBBERY,15,11
42.018498254,-87.672983233,THEFT,7,12
41.729170867,-87.551235346,THEFT,12,12
42.016509885,-87.670328495,ROBBERY,20,12
41.882381731,-87.629412971,THEFT,13,12
41.749899475,-87.663426378,ROBBERY,19,12
41.779164166,-87.644771931,THEFT,19,12
41.871115414,-87.748543449,ROBBERY,17,12
42.001064985,-87.661254473,ROBBERY,16,11
41.962396114,-87.763685295,ROBBERY,2,10
41.751061455,-87.56865926,ROBBERY,17,12
41.892934145,-87.764225794,ROBBERY,17,12
41.892241814,-87.748773155,ROBBERY,1,12
41.736269116,-87.627768243,ROBBERY,20,12
41.866929228,-87.705685649,ROBBERY,18,12
41.984943361,-87.768298999,ROBBERY,5,12
41.901871478,-87.629441384,ROBBERY,21,12
41.991065441,-87.679840271,ROBBERY,11,12
41.696190243,-87.626295112,ROBBERY,18,12
41.885384381,-87.629486511,ROBBERY,13,12
41.746985503,-87.601424167,ROBBERY,22,12
41.751168201,-87.611898084,ROBBERY,7,12
41.721347217,-87.65215149,ROBBERY,3,12
41.654059193,-87.602177105,ROBBERY,13,12
41.831169843,-87.686103499,ROBBERY,17,12
41.772797002,-87.717708406,ROBBERY,16,12
41.919062591,-87.647333823,ROBBERY,16,12
41.764151886,-87.683229302,ROBBERY,15,12
41.724807196,-87.614218825,ROBBERY,23,12
41.930966067,-87.787305049,ROBBERY,17,12
41.845787585,-87.708729343,ROBBERY,3,12
41.941000551,-87.720209774,ROBBERY,0,11
41.884507493,-87.623007111,ROBBERY,10,11
41.963457919,-87.665856194,ROBBERY,22,10
41.814665835,-87.68708773,ROBBERY,20,7
41.7550726,-87.649009634,ROBBERY,12,6
41.897895128,-87.624096605,THEFT,14,12
41.715556418,-87.6406275,THEFT,0,12
41.892538272,-87.658224771,THEFT,12,12
41.884335468,-87.619164088,THEFT,21,9
41.72359235,-87.629430824,ROBBERY,23,12
41.789057836,-87.606108761,THEFT,15,12
41.978804601,-87.659936583,THEFT,12,12
41.890013524,-87.631664996,THEFT,23,12
41.882389568,-87.626221727,THEFT,14,12
41.87766908,-87.629284766,THEFT,15,12
41.908390488,-87.634623176,THEFT,3,12
41.878053886,-87.638849697,THEFT,11,4
41.831676098,-87.616975751,ROBBERY,17,4
41.881507123,-87.627755407,THEFT,9,12
41.766247427,-87.666280449,ROBBERY,9,12
41.925597436,-87.73903947,ROBBERY,6,12
41.954095185,-87.712915425,ROBBERY,14,12
41.912798682,-87.692171834,ROBBERY,17,12
41.808782124,-87.626070778,ROBBERY,23,12
41.751438029,-87.675602996,ROBBERY,22,12
41.750224063,-87.595461605,ROBBERY,12,12
41.849606698,-87.634731047,ROBBERY,21,12
41.907529642,-87.675175088,ROBBERY,11,12
41.902705634,-87.672370411,ROBBERY,21,12
41.692833841,-87.60431945,ROBBERY,23,12
41.875717757,-87.64099364,ROBBERY,23,12
41.915648898,-87.699895721,ROBBERY,21,12
41.747724278,-87.596787474,ROBBERY,19,12
41.868037461,-87.721366388,ROBBERY,17,12
41.86823197,-87.705041423,ROBBERY,18,12
41.916900761,-87.654363672,ROBBERY,20,12
41.770464083,-87.65760007,ROBBERY,18,12
41.969046206,-87.658064717,THEFT,22,12
41.893179585,-87.634686145,THEFT,2,12
41.753123114,-87.563830192,ROBBERY,17,12
41.853633845,-87.734570978,ROBBERY,15,12
41.853633845,-87.734570978,ROBBERY,8,12
41.882381731,-87.629412971,THEFT,19,12
41.753198627,-87.651382371,ROBBERY,20,12
41.885219303,-87.669983681,ROBBERY,17,12
41.865487487,-87.772307416,ROBBERY,18,12
41.784096124,-87.724563225,ROBBERY,15,12
41.896007035,-87.631232094,THEFT,14,12
41.972359593,-87.728142793,THEFT,15,12
41.905291819,-87.731987278,ROBBERY,0,12
41.791684521,-87.670589582,ROBBERY,23,12
41.883475491,-87.627876969,THEFT,15,12
41.742710224,-87.634088181,THEFT,16,12
41.886481695,-87.755289202,THEFT,18,11
41.865819053,-87.645069093,ROBBERY,4,12
41.766056625,-87.577835759,THEFT,9,12
41.903971214,-87.648108864,ROBBERY,14,12
41.788376207,-87.619064098,THEFT,21,12
41.922786529,-87.645045119,THEFT,10,12
41.776780252,-87.693334123,ROBBERY,1,12
41.901312514,-87.671106468,ROBBERY,23,12
41.921216776,-87.767105181,ROBBERY,0,12
41.886306849,-87.714368654,ROBBERY,21,12
41.858302358,-87.713970684,ROBBERY,22,12
41.889931184,-87.713709315,ROBBERY,20,12
41.753234619,-87.64774646,ROBBERY,19,12
41.854358409,-87.728302138,ROBBERY,18,12
41.85384608,-87.715063469,ROBBERY,19,12
41.877338858,-87.704305968,ROBBERY,12,12
41.782618691,-87.702504711,ROBBERY,16,12
41.77658285,-87.688460065,ROBBERY,18,12
41.801231471,-87.674811629,ROBBERY,18,12
41.758361553,-87.574909617,ROBBERY,9,12
41.843016958,-87.61722727,THEFT,6,12
41.897895128,-87.624096605,THEFT,18,12
41.779960201,-87.632099778,ROBBERY,4,12
41.88033698,-87.629365643,THEFT,17,12
41.781954133,-87.683713146,ROBBERY,10,12
41.802661548,-87.66724893,ROBBERY,3,12
41.722725152,-87.554566354,ROBBERY,2,12
41.940630506,-87.667090395,ROBBERY,2,12
41.839755829,-87.732942542,ROBBERY,2,12
41.803947663,-87.614728298,ROBBERY,12,12
41.930393516,-87.710914444,ROBBERY,21,12
41.875038977,-87.710816598,ROBBERY,11,12
41.877072452,-87.726710971,ROBBERY,10,12
41.885619303,-87.756787976,ROBBERY,7,12
41.750112571,-87.703028287,ROBBERY,7,12
41.925423264,-87.70931282,ROBBERY,9,12
41.766943388,-87.621732196,ROBBERY,8,12
41.904828722,-87.688614808,ROBBERY,8,12
41.844716348,-87.634266771,ROBBERY,5,12
41.910117898,-87.746104545,ROBBERY,5,12
41.73524267,-87.663051117,ROBBERY,4,12
41.768382919,-87.644495002,ROBBERY,19,12
41.952128256,-87.64789108,ROBBERY,4,12
41.861562286,-87.726259215,ROBBERY,5,12
41.942198627,-87.65417621,ROBBERY,3,12
41.769295727,-87.581309548,ROBBERY,22,12
41.742546673,-87.643807518,THEFT,1,12
41.737368675,-87.552125152,ROBBERY,2,12
41.881994258,-87.629773427,THEFT,15,12
41.808052976,-87.674675749,THEFT,18,12
41.868317186,-87.697587608,ROBBERY,13,12
41.858218136,-87.643807077,ROBBERY,13,12
41.893676531,-87.635628328,THEFT,3,12
41.895383921,-87.724469836,ROBBERY,12,12
41.909650876,-87.74386414,ROBBERY,11,12
41.893748693,-87.628123871,ROBBERY,10,12
41.890029977,-87.630316951,THEFT,11,12
41.786291714,-87.664386014,THEFT,11,12
41.766655655,-87.638388243,ROBBERY,7,12
41.882167163,-87.770644905,ROBBERY,11,12
41.77999237,-87.629730953,ROBBERY,9,12
41.966226935,-87.686977587,THEFT,7,12
41.788987036,-87.74147999,THEFT,14,12
41.881582612,-87.626197575,THEFT,14,12
41.773346807,-87.586013347,ROBBERY,16,12
41.918431595,-87.690032129,THEFT,14,12
41.909371462,-87.766306125,THEFT,15,12
41.910610044,-87.669217542,ROBBERY,14,12
41.766016334,-87.663823241,ROBBERY,15,12
41.827850191,-87.704548506,ROBBERY,13,12
41.839928748,-87.732948265,ROBBERY,14,12
41.789513591,-87.655969951,ROBBERY,14,12
41.891160515,-87.759643279,ROBBERY,12,12
41.689648078,-87.62101403,ROBBERY,19,12
41.874838202,-87.720427629,ROBBERY,4,12
41.831676098,-87.616975751,ROBBERY,2,12
41.771327553,-87.663995298,ROBBERY,2,12
41.878641196,-87.772970847,ROBBERY,19,12
41.922897216,-87.64519826,ROBBERY,0,12
41.937440579,-87.713940595,ROBBERY,23,12
41.768292746,-87.686094404,ROBBERY,23,12
41.917547111,-87.759241671,ROBBERY,21,12
41.971100531,-87.667747448,THEFT,19,12
41.942742386,-87.673541288,ROBBERY,19,12
41.877016428,-87.73118757,ROBBERY,20,12
41.756107946,-87.589519207,ROBBERY,16,12
41.78641848,-87.692889934,ROBBERY,19,12
41.942247593,-87.643060515,ROBBERY,19,12
41.840798583,-87.631736858,ROBBERY,20,12
41.802075618,-87.590498872,ROBBERY,18,12
41.997819065,-87.684708198,ROBBERY,20,12
41.885481891,-87.627935689,ROBBERY,19,12
41.718137943,-87.567826294,ROBBERY,15,12
41.728263473,-87.550169307,ROBBERY,17,12
41.970043323,-87.729676071,ROBBERY,18,12
41.896888586,-87.628203192,ROBBERY,19,12
41.750700724,-87.60522257,ROBBERY,12,12
41.794670403,-87.631785431,ROBBERY,16,12
41.878800526,-87.731251606,ROBBERY,22,12
41.876121224,-87.641003973,THEFT,12,12
41.763701339,-87.700344159,ROBBERY,17,12
41.963618682,-87.715661596,ROBBERY,19,12
41.749876545,-87.682838316,THEFT,13,12
41.895897782,-87.677740745,ROBBERY,12,12
41.854649511,-87.705335883,ROBBERY,13,12
41.9017884,-87.745960471,ROBBERY,11,12
41.99256569,-87.683562332,ROBBERY,7,12
41.884636728,-87.765019218,ROBBERY,10,12
41.776364783,-87.723921441,ROBBERY,10,12
41.738280662,-87.551447254,THEFT,11,12
41.784385164,-87.650978661,ROBBERY,9,12
41.885368351,-87.635402906,ROBBERY,7,12
41.778964595,-87.703743076,ROBBERY,7,12
41.881279227,-87.698751738,ROBBERY,19,12
41.873907046,-87.725430093,THEFT,8,12
41.688377198,-87.628987416,ROBBERY,0,12
41.691439132,-87.623070247,ROBBERY,23,12
41.947020584,-87.748464138,ROBBERY,3,12
41.893257429,-87.629010757,THEFT,1,12
41.965076179,-87.734366978,ROBBERY,5,12
41.792444765,-87.62240731,ROBBERY,2,12
41.993571528,-87.682367589,ROBBERY,3,12
41.877941584,-87.728641552,ROBBERY,1,12
41.847670913,-87.706351061,ROBBERY,0,12
41.926008867,-87.692568741,ROBBERY,0,12
41.892297612,-87.744119215,ROBBERY,0,12
41.976290414,-87.905227221,THEFT,23,11
41.969046206,-87.658064717,THEFT,22,1
41.762445658,-87.67468421,ROBBERY,19,12
41.794533814,-87.631438536,THEFT,1,12
41.871809026,-87.711328922,ROBBERY,17,12
41.899192536,-87.62533113,THEFT,18,12
41.89854967,-87.759973849,ROBBERY,17,12
41.901532511,-87.763804156,ROBBERY,18,12
41.936674656,-87.680697233,ROBBERY,18,12
41.7225474,-87.568964465,ROBBERY,21,12
41.880801792,-87.625515824,ROBBERY,18,12
41.918116868,-87.652579784,ROBBERY,19,12
41.779975054,-87.630937377,ROBBERY,15,12
41.73625535,-87.62820806,ROBBERY,18,12
41.84661629,-87.683976948,ROBBERY,9,12
41.882180394,-87.768867436,ROBBERY,19,12
41.868043292,-87.624099912,ROBBERY,18,12
41.856657834,-87.684029548,ROBBERY,13,12
41.989176933,-87.7839792,ROBBERY,21,12
41.824807448,-87.617015635,ROBBERY,16,12
41.851961298,-87.691153739,ROBBERY,15,12
41.681109736,-87.642018411,ROBBERY,7,12
41.848891936,-87.685550517,ROBBERY,14,11
41.982742067,-87.656592266,ROBBERY,6,11
41.93972937,-87.706879837,ROBBERY,21,10
41.720371638,-87.643187493,ROBBERY,2,10
41.96649284,-87.721480346,ROBBERY,15,10
41.875945465,-87.699439736,ROBBERY,10,9
41.736277427,-87.62510451,ROBBERY,9,7
41.731070963,-87.611353652,ROBBERY,21,3
41.769706698,-87.585410421,ROBBERY,16,12
41.750109846,-87.680908342,ROBBERY,21,12
41.95019775,-87.653205361,ROBBERY,20,12
41.77171246,-87.654294989,THEFT,15,12
41.872369427,-87.661730519,ROBBERY,14,12
41.90844653,-87.746079452,ROBBERY,20,12
41.785582693,-87.688692554,ROBBERY,20,12
41.778871742,-87.59631384,ROBBERY,18,12
41.884154349,-87.672807697,ROBBERY,17,12
41.721942635,-87.611236062,ROBBERY,16,12
41.878931004,-87.639585621,ROBBERY,12,12
41.895792678,-87.761820315,ROBBERY,15,12
41.884772379,-87.756450388,THEFT,13,12
41.885741029,-87.631711749,THEFT,13,12
41.731168542,-87.589224482,ROBBERY,12,12
41.846991348,-87.719750256,ROBBERY,1,12
41.932012618,-87.640940116,ROBBERY,0,12
41.944760878,-87.649410913,THEFT,1,12
41.910116718,-87.677444645,ROBBERY,4,12
41.874384951,-87.627169159,ROBBERY,15,12
41.759690971,-87.584713058,ROBBERY,15,11
41.736826212,-87.545826145,ROBBERY,23,9
41.973885119,-87.657748827,ROBBERY,15,12
41.798784161,-87.599727485,ROBBERY,10,12
41.882381731,-87.629412971,THEFT,14,12
41.768760396,-87.621778099,ROBBERY,10,12
41.912877478,-87.635103292,ROBBERY,22,12
41.891404732,-87.628061509,THEFT,15,12
41.930146188,-87.713386424,ROBBERY,22,12
42.001136868,-87.661345692,ROBBERY,5,12
41.93991842,-87.653288878,THEFT,2,12
41.800483161,-87.587414531,ROBBERY,22,12
41.930393516,-87.710914444,ROBBERY,21,12
41.923800905,-87.668158441,ROBBERY,21,12
41.795830016,-87.645195004,THEFT,23,12
41.749310761,-87.564982438,ROBBERY,22,12
41.70268678,-87.526025149,ROBBERY,22,12
41.760812981,-87.644301073,ROBBERY,18,12
41.990687497,-87.679009131,ROBBERY,18,12
41.874473632,-87.710811069,THEFT,18,12
41.795257274,-87.709242208,ROBBERY,19,12
41.916649652,-87.785626747,ROBBERY,19,12
42.002818571,-87.660794522,THEFT,18,12
41.87725848,-87.712227112,ROBBERY,14,12
41.886802862,-87.644829218,ROBBERY,16,12
41.909650876,-87.74386414,THEFT,14,12
41.901367155,-87.718950781,ROBBERY,8,12
41.891671022,-87.743408786,ROBBERY,8,12
41.750472394,-87.634297122,ROBBERY,1,12
41.802059097,-87.619047858,ROBBERY,22,1
41.885426371,-87.630966024,THEFT,11,12
41.891404732,-87.628061509,THEFT,8,12
41.934046012,-87.768770513,ROBBERY,16,12
41.884276844,-87.622098929,THEFT,15,12
41.882381731,-87.629412971,THEFT,10,12
41.879235852,-87.624347038,THEFT,13,12
41.968906368,-87.708487799,THEFT,10,12
41.883475491,-87.627876969,THEFT,11,12
41.876438501,-87.649530323,ROBBERY,12,12
41.894929069,-87.755951299,ROBBERY,12,12
41.77999793,-87.629294594,ROBBERY,9,12
41.895513093,-87.710687598,ROBBERY,11,12
41.854952592,-87.706562587,ROBBERY,11,12
41.879536009,-87.681491943,ROBBERY,0,12
41.879296773,-87.741190859,ROBBERY,0,12
41.909386659,-87.764939346,THEFT,18,12
41.865468397,-87.773456688,ROBBERY,9,12
41.885741029,-87.631711749,THEFT,18,12
41.96038198,-87.774880416,ROBBERY,10,12
41.877300531,-87.708848526,ROBBERY,12,12
41.791564037,-87.673018399,ROBBERY,20,12
41.901130843,-87.768043044,ROBBERY,11,12
41.780711196,-87.670302947,ROBBERY,11,12
41.892631803,-87.618362824,THEFT,17,12
41.779202892,-87.687836204,ROBBERY,22,12
41.758957556,-87.560161301,ROBBERY,12,12
41.675294687,-87.601709868,ROBBERY,4,12
41.751270235,-87.605883115,ROBBERY,23,12
41.778660358,-87.693381423,ROBBERY,0,12
41.751457646,-87.552892516,ROBBERY,4,12
41.930393516,-87.710914444,ROBBERY,17,12
41.93065243,-87.708060133,ROBBERY,19,12
41.865300688,-87.716608853,ROBBERY,15,12
41.864268707,-87.710480544,ROBBERY,18,12
41.911163126,-87.632980111,ROBBERY,18,12
41.875588919,-87.632421308,THEFT,14,12
41.797449391,-87.645236358,ROBBERY,17,12
41.771618991,-87.577370909,ROBBERY,12,12
41.895167116,-87.684381574,ROBBERY,7,12
41.878796732,-87.731574779,ROBBERY,22,12
41.674116785,-87.620394665,ROBBERY,10,12
41.808963876,-87.674640742,ROBBERY,12,12
41.905367119,-87.726997899,THEFT,20,12
41.776448315,-87.686008743,ROBBERY,11,11
41.978823809,-87.659936381,ROBBERY,4,12
41.911162611,-87.632895617,ROBBERY,3,12
41.925502006,-87.721908914,ROBBERY,3,12
41.942535189,-87.655403988,ROBBERY,2,12
41.729618252,-87.551244573,ROBBERY,17,12
41.897895128,-87.624096605,THEFT,15,12
41.854010712,-87.724822014,ROBBERY,16,12
41.937310079,-87.666158335,ROBBERY,22,12
41.884493832,-87.627021129,THEFT,19,12
41.938688914,-87.757651733,ROBBERY,16,12
41.992379054,-87.683556873,ROBBERY,19,12
41.786814039,-87.659844801,ROBBERY,18,12
41.799580127,-87.619346782,ROBBERY,17,12
41.949837364,-87.658635101,THEFT,3,12
41.754592961,-87.741528537,THEFT,13,12
41.883210775,-87.629906972,THEFT,13,12
41.799551527,-87.588056142,ROBBERY,12,12
41.814268332,-87.634656663,ROBBERY,19,12
41.708589,-87.612583094,ROBBERY,13,12
41.750794483,-87.633560686,ROBBERY,15,12
41.703443363,-87.629401612,ROBBERY,20,11
41.907585987,-87.764294058,ROBBERY,0,12
41.79102128,-87.625202624,THEFT,21,12
41.857469102,-87.666133553,THEFT,16,12
41.911121846,-87.649810542,THEFT,12,12
41.729183264,-87.60100715,ROBBERY,22,12
41.884160519,-87.706214772,ROBBERY,13,12
41.907909766,-87.774342403,ROBBERY,23,12
41.722026569,-87.606267999,ROBBERY,17,12
41.799911401,-87.742952841,ROBBERY,19,12
41.768247438,-87.68877449,ROBBERY,23,12
41.925517635,-87.685231614,ROBBERY,21,12
41.81600695,-87.601834735,ROBBERY,21,12
41.875654715,-87.762789211,ROBBERY,20,12
41.872864089,-87.725403259,ROBBERY,19,12
41.770180713,-87.644541753,ROBBERY,16,12
41.930584046,-87.749808683,THEFT,18,12
41.793669876,-87.66370422,ROBBERY,20,12
41.892505345,-87.626304822,THEFT,17,12
41.745710267,-87.666962122,ROBBERY,18,12
41.883475491,-87.627876969,THEFT,17,12
41.87922222,-87.633758619,THEFT,18,12
41.743199209,-87.624317581,ROBBERY,15,12
41.883210775,-87.629906972,THEFT,15,12
41.960748011,-87.688665425,ROBBERY,15,12
41.883210775,-87.629906972,THEFT,15,12
41.775873548,-87.703065743,ROBBERY,14,12
41.734234372,-87.589291682,ROBBERY,12,12
41.770926484,-87.591114976,ROBBERY,7,12
41.886530554,-87.74438154,ROBBERY,6,12
41.750940418,-87.625130255,ROBBERY,3,12
41.775067754,-87.688416585,ROBBERY,1,12
41.869335009,-87.686720968,ROBBERY,3,12
41.931789485,-87.63671622,ROBBERY,1,12
41.971972119,-87.657699173,ROBBERY,1,12
41.908334743,-87.760896569,ROBBERY,14,12
41.885376793,-87.743617261,ROBBERY,23,12
41.978352839,-87.770188778,ROBBERY,5,12
41.942129663,-87.68448266,ROBBERY,1,12
41.938044817,-87.657123862,ROBBERY,0,12
41.871514627,-87.738112453,ROBBERY,5,8
41.756059048,-87.654771544,ROBBERY,22,12
41.93871642,-87.75547929,ROBBERY,0,12
41.773285044,-87.687144014,ROBBERY,18,12
41.742991296,-87.632025815,ROBBERY,19,12
41.819428461,-87.610846273,ROBBERY,19,12
41.931776952,-87.72791651,THEFT,18,12
41.883500187,-87.627876698,THEFT,17,12
41.798909243,-87.585503708,ROBBERY,22,12
41.88033698,-87.629365643,THEFT,15,12
41.823683257,-87.62870615,ROBBERY,23,12
41.923141042,-87.651108001,ROBBERY,20,12
41.932691369,-87.650719578,ROBBERY,20,12
41.790669959,-87.705924081,ROBBERY,22,12
41.931676011,-87.655816668,ROBBERY,20,12
41.925440308,-87.649657726,ROBBERY,20,12
41.911799841,-87.718270266,ROBBERY,21,12
41.923592987,-87.651426549,ROBBERY,20,12
41.91232628,-87.701008713,ROBBERY,21,12
41.938797346,-87.723377074,ROBBERY,12,12
41.890756989,-87.636133879,ROBBERY,5,12
41.777187395,-87.760044244,ROBBERY,8,12
41.878099868,-87.635570127,ROBBERY,4,12
41.727854112,-87.581741773,ROBBERY,7,12
41.910350116,-87.765540655,ROBBERY,21,12
41.91465395,-87.641609074,ROBBERY,20,12
41.885888079,-87.627942238,THEFT,12,12
41.874532185,-87.705938056,THEFT,11,12
41.886127716,-87.626301698,THEFT,2,12
41.80049811,-87.731211305,ROBBERY,7,12
41.903118141,-87.759286457,ROBBERY,9,12
41.893673853,-87.681888121,ROBBERY,10,12
41.890013524,-87.631664996,ROBBERY,4,12
41.749500563,-87.601194044,ROBBERY,7,12
41.922750548,-87.644994062,ROBBERY,3,12
41.903329888,-87.696891417,ROBBERY,2,12
41.885729451,-87.625799296,ROBBERY,2,12
41.878458449,-87.745204753,ROBBERY,1,12
41.914431379,-87.730134267,ROBBERY,1,12
41.880966228,-87.706719713,THEFT,15,12
41.8776828,-87.629284615,ROBBERY,20,12
42.01597277,-87.671408604,ROBBERY,18,3
41.87695092,-87.736512462,ROBBERY,16,12
41.895790975,-87.762029691,ROBBERY,14,12
41.80312358,-87.66647393,ROBBERY,17,12
41.885879253,-87.630979425,THEFT,16,12
41.892515537,-87.625731753,THEFT,17,12
41.968330708,-87.719797007,ROBBERY,14,12
41.721895856,-87.613841024,ROBBERY,17,12
41.87766908,-87.629284766,THEFT,13,12
41.971100531,-87.667747448,THEFT,14,12
41.757602323,-87.635689456,ROBBERY,10,12
41.883500187,-87.627876698,THEFT,12,12
41.884845855,-87.624472307,THEFT,14,12
41.72236078,-87.625066872,ROBBERY,17,12
41.762252523,-87.683175168,ROBBERY,22,12
41.905573245,-87.638419281,ROBBERY,22,12
41.750342069,-87.664499193,ROBBERY,23,12
41.924158759,-87.699399996,THEFT,23,12
41.868165405,-87.62743954,THEFT,14,12
41.76587359,-87.576294705,THEFT,14,12
41.885730068,-87.764139165,ROBBERY,14,12
41.86416762,-87.694574296,ROBBERY,12,12
41.88171846,-87.627760426,THEFT,14,12
41.899838477,-87.73188417,ROBBERY,10,12
41.905253577,-87.734647277,ROBBERY,8,12
41.73579532,-87.66275959,THEFT,7,12
41.757238398,-87.645424172,ROBBERY,4,12
41.966409353,-87.648852157,ROBBERY,0,12
41.879582441,-87.711642782,ROBBERY,0,12
41.894173733,-87.621401474,THEFT,13,12
41.764376777,-87.703401867,ROBBERY,18,12
41.74205425,-87.562438056,ROBBERY,16,12
41.721439376,-87.614131833,ROBBERY,15,8
41.738368603,-87.579387811,ROBBERY,12,2
41.909986063,-87.775246415,ROBBERY,0,12
41.910118996,-87.781744243,ROBBERY,0,12
41.88171846,-87.627760426,ROBBERY,19,12
41.803950638,-87.591878288,ROBBERY,19,12
41.774679115,-87.694498826,ROBBERY,19,12
41.862382133,-87.716857164,ROBBERY,19,12
41.930850502,-87.65219083,ROBBERY,18,12
41.891694878,-87.626155832,THEFT,15,12
41.885750123,-87.627374532,ROBBERY,18,12
41.930896787,-87.697587655,THEFT,16,12
41.93267272,-87.65173778,ROBBERY,15,12
41.895877613,-87.706566627,ROBBERY,16,12
41.857561923,-87.623925743,ROBBERY,17,12
41.796687726,-87.684110808,ROBBERY,9,12
41.890257917,-87.765215465,ROBBERY,16,12
41.887123664,-87.754163303,ROBBERY,15,12
41.933246135,-87.755271409,ROBBERY,15,12
41.881976294,-87.731379698,ROBBERY,0,12
41.895080471,-87.765400451,THEFT,15,12
41.889751946,-87.631072891,THEFT,18,12
41.777558327,-87.615558249,ROBBERY,23,12
41.922435625,-87.651082445,ROBBERY,20,12
41.856700786,-87.693147265,ROBBERY,23,12
41.769185486,-87.625732415,ROBBERY,21,12
41.808856479,-87.646464128,ROBBERY,17,12
41.869934352,-87.715841027,ROBBERY,20,12
41.871910094,-87.701689927,ROBBERY,11,12
41.851403737,-87.734232073,THEFT,13,12
41.878638996,-87.627691486,THEFT,12,12
41.892325134,-87.742532314,ROBBERY,10,12
41.71721703,-87.537699773,ROBBERY,12,12
41.750940757,-87.625185222,THEFT,6,12
41.902029438,-87.692999561,ROBBERY,3,12
41.75008623,-87.633073648,ROBBERY,17,12
41.852426595,-87.623791625,ROBBERY,22,12
41.779012821,-87.664208692,ROBBERY,20,11
41.871451066,-87.720291095,ROBBERY,10,10
41.714562078,-87.568234992,ROBBERY,20,12
41.884275586,-87.695714449,ROBBERY,11,12
41.882381731,-87.629412971,THEFT,16,12
41.90011912,-87.628296214,ROBBERY,18,12
41.854010712,-87.724822014,ROBBERY,19,12
41.796283988,-87.583975629,THEFT,20,12
41.884331884,-87.627907944,THEFT,19,12
41.88646956,-87.702413231,ROBBERY,17,12
41.727737204,-87.651893495,ROBBERY,18,12
41.769916749,-87.663954978,ROBBERY,17,12
41.7636731,-87.719928921,THEFT,14,12
41.954095822,-87.68278783,ROBBERY,13,12
41.884688197,-87.636827836,THEFT,12,12
41.755642812,-87.642945357,ROBBERY,20,12
41.71907755,-87.536493709,ROBBERY,13,12
41.692534384,-87.609913783,ROBBERY,12,12
41.86645229,-87.70128474,ROBBERY,22,12
41.793347225,-87.589829568,ROBBERY,21,12
41.954085098,-87.650230319,ROBBERY,16,12
41.810373162,-87.670602393,ROBBERY,17,12
41.854388759,-87.675903722,ROBBERY,19,12
41.830868701,-87.617322327,ROBBERY,0,12
41.886695278,-87.765092786,ROBBERY,18,12
41.940476141,-87.760543026,ROBBERY,16,12
41.967234912,-87.720664285,ROBBERY,17,12
42.006400316,-87.690103264,ROBBERY,15,12
41.884013483,-87.627896757,THEFT,14,12
41.954207366,-87.674915646,THEFT,9,12
41.768599615,-87.660687847,ROBBERY,12,12
41.921655295,-87.658814496,THEFT,17,12
41.761898207,-87.593311937,ROBBERY,10,12
41.753634235,-87.559437247,ROBBERY,10,12
41.752470539,-87.634345074,ROBBERY,1,12
41.924525105,-87.723465265,ROBBERY,4,12
41.895826124,-87.726096446,ROBBERY,16,12
41.688756095,-87.621001903,ROBBERY,17,12
41.92449386,-87.725854078,ROBBERY,2,12
41.887400897,-87.745534061,ROBBERY,1,12
41.789842833,-87.670542547,ROBBERY,0,12
41.830676853,-87.610352872,THEFT,17,12
41.785582693,-87.688692554,ROBBERY,21,12
41.995793614,-87.697913357,ROBBERY,16,12
41.88322275,-87.625602945,THEFT,19,12
41.733398262,-87.576405058,ROBBERY,6,12
41.895549905,-87.706859996,THEFT,11,12
41.886668517,-87.746135715,ROBBERY,13,12
41.885871785,-87.632452147,THEFT,10,12
41.765332603,-87.627981404,ROBBERY,19,12
41.744872297,-87.664907745,ROBBERY,19,12
41.910470038,-87.678286009,ROBBERY,16,12
41.751449797,-87.641623339,ROBBERY,15,12
41.967734576,-87.657615252,ROBBERY,23,12
41.778268102,-87.688505508,ROBBERY,22,12
41.909474959,-87.757873882,ROBBERY,20,12
41.74574008,-87.664535966,ROBBERY,18,12
41.75471265,-87.58216515,ROBBERY,10,12
41.903996883,-87.643230238,ROBBERY,20,12
41.810740003,-87.675220451,THEFT,14,12
41.894401176,-87.712623004,ROBBERY,21,12
41.759978626,-87.602969874,ROBBERY,11,12
41.888190269,-87.76330569,ROBBERY,19,12
41.934842477,-87.729522998,ROBBERY,5,12
41.786484157,-87.620632463,ROBBERY,3,12
41.904827585,-87.723057653,ROBBERY,1,12
41.803136895,-87.6084216,ROBBERY,18,12
41.904386765,-87.732091281,ROBBERY,15,12
41.941925539,-87.718704927,ROBBERY,20,12
41.80352714,-87.601584259,ROBBERY,22,12
41.761450225,-87.623211368,ROBBERY,19,12
41.65783968,-87.54351033,ROBBERY,23,12
41.874974798,-87.725475051,ROBBERY,22,12
41.874347362,-87.726182304,ROBBERY,22,12
41.885134874,-87.706241967,ROBBERY,19,12
41.772627607,-87.73236286,ROBBERY,17,12
41.791349357,-87.6888548,ROBBERY,21,12
41.877134658,-87.721881801,ROBBERY,17,12
41.883500187,-87.627876698,THEFT,13,12
41.905289397,-87.761048674,ROBBERY,18,12
41.793935909,-87.625680278,ROBBERY,14,12
41.90982859,-87.677447594,THEFT,17,12
41.925114579,-87.677559303,THEFT,16,12
41.978991238,-87.659941972,THEFT,16,12
41.906725671,-87.759606807,ROBBERY,11,12
41.717345593,-87.629766379,ROBBERY,12,12
41.910676312,-87.649187069,THEFT,1,12
41.862890718,-87.639105588,ROBBERY,10,12
41.844165808,-87.730835082,ROBBERY,11,12
41.808929094,-87.616576329,ROBBERY,12,12
41.854681612,-87.711234286,ROBBERY,13,12
41.886948813,-87.751061628,ROBBERY,9,12
41.895420644,-87.720539406,ROBBERY,10,12
41.925921947,-87.649432101,ROBBERY,18,12
41.939452613,-87.649250785,ROBBERY,20,11
41.827185501,-87.621674516,ROBBERY,1,12
41.870536797,-87.764472235,ROBBERY,0,12
41.878363965,-87.76347748,ROBBERY,0,12
41.968372099,-87.716255505,ROBBERY,3,12
41.885741029,-87.631711749,THEFT,17,12
41.903061774,-87.764503208,ROBBERY,23,12
41.910017804,-87.71450335,ROBBERY,20,12
41.665417258,-87.623059869,ROBBERY,5,12
41.899446926,-87.754481726,ROBBERY,20,12
41.794558626,-87.726877251,ROBBERY,2,12
41.910965919,-87.711705731,ROBBERY,13,12
41.944622282,-87.722148977,THEFT,23,12
41.655807747,-87.60396869,ROBBERY,22,12
41.722061253,-87.632161873,ROBBERY,21,12
41.852449027,-87.715021865,ROBBERY,20,12
41.942679049,-87.668745178,THEFT,10,12
41.739265865,-87.604893749,ROBBERY,8,12
41.843898107,-87.707459543,ROBBERY,20,12
41.774026599,-87.586313402,ROBBERY,1,12
41.944953005,-87.649416212,THEFT,1,12
41.910676312,-87.649187069,THEFT,5,12
41.895900086,-87.677663589,ROBBERY,4,12
41.983553381,-87.713773382,ROBBERY,4,12
41.871530533,-87.744926805,ROBBERY,3,12
41.791814163,-87.696913984,ROBBERY,2,12
41.756765393,-87.562690836,ROBBERY,1,12
41.910367434,-87.731230592,ROBBERY,12,12
41.825645688,-87.605859954,ROBBERY,12,12
41.751281681,-87.605523842,ROBBERY,22,12
41.75632614,-87.563894552,ROBBERY,21,12
41.852583587,-87.695467714,THEFT,22,12
41.852128157,-87.67890364,ROBBERY,4,12
41.884534086,-87.646781557,THEFT,2,12
41.875876568,-87.745294518,ROBBERY,23,12
41.693426948,-87.62901654,ROBBERY,23,12
41.874288556,-87.725441164,ROBBERY,23,12
41.845723976,-87.711166927,ROBBERY,23,12
41.929865972,-87.647688475,ROBBERY,22,12
41.887966168,-87.634790696,ROBBERY,19,12
41.912864393,-87.639736305,ROBBERY,22,12
41.883658794,-87.630919282,THEFT,19,12
41.81508969,-87.702615375,THEFT,17,12
41.902130258,-87.766476724,ROBBERY,17,12
41.836069707,-87.613033345,ROBBERY,14,12
41.839203642,-87.65914162,ROBBERY,18,12
41.904370109,-87.631460067,THEFT,11,12
41.883954671,-87.70620944,ROBBERY,12,12
41.877724255,-87.728019368,ROBBERY,12,12
41.910121292,-87.638560993,ROBBERY,19,12
41.781044709,-87.68644282,ROBBERY,21,12
41.88285803,-87.766599362,ROBBERY,20,12
41.804166826,-87.598187984,ROBBERY,19,12
41.93078766,-87.710219712,THEFT,15,12
41.798664335,-87.662269604,ROBBERY,11,12
41.932097229,-87.77599453,ROBBERY,10,12
41.917732625,-87.748691225,ROBBERY,11,12
41.777679377,-87.600393347,ROBBERY,9,12
41.882394062,-87.627844798,ROBBERY,18,12
41.791100606,-87.620280634,ROBBERY,17,12
41.795395886,-87.664621403,THEFT,16,12
41.938684549,-87.757875976,ROBBERY,1,12
41.8806874,-87.631469595,THEFT,14,12
41.757151024,-87.651483467,ROBBERY,6,12
41.973282482,-87.65700132,ROBBERY,0,12
41.874850606,-87.735272577,ROBBERY,4,12
41.871870367,-87.706459756,ROBBERY,1,12
41.878638996,-87.627691486,THEFT,16,12
41.878931004,-87.639585621,THEFT,15,12
41.970286064,-87.706859994,ROBBERY,0,12
41.881204217,-87.771824773,ROBBERY,0,12
41.913445992,-87.745974841,ROBBERY,0,12
41.972378802,-87.728142611,ROBBERY,0,12
41.844341034,-87.717819443,ROBBERY,17,12
41.884422899,-87.64471155,ROBBERY,17,11
41.920394271,-87.66845103,ROBBERY,19,11
41.904370109,-87.631460067,ROBBERY,2,10
41.763419509,-87.611581254,ROBBERY,19,12
41.865158786,-87.727587223,THEFT,2,12
41.882381731,-87.629412971,THEFT,16,12
41.882720695,-87.627855894,THEFT,18,12
41.913340691,-87.700337381,ROBBERY,17,12
41.845195591,-87.722134627,ROBBERY,14,12
41.75652833,-87.592570988,ROBBERY,15,10
41.706987456,-87.620244029,ROBBERY,1,12
41.800148896,-87.689096713,ROBBERY,20,12
41.887049059,-87.667026761,THEFT,12,12
41.695971873,-87.625594478,ROBBERY,17,12
41.843729934,-87.722093526,ROBBERY,22,12
41.982270338,-87.806941262,ROBBERY,20,12
41.782724127,-87.658285329,ROBBERY,21,12
41.829420717,-87.67769665,ROBBERY,18,12
41.73614018,-87.62911796,ROBBERY,17,12
41.729597681,-87.638575314,ROBBERY,20,12
41.759381635,-87.55956245,ROBBERY,5,12
41.883210775,-87.629906972,THEFT,19,12
41.885741029,-87.631711749,THEFT,18,12
41.925398601,-87.652337017,THEFT,16,12
41.883523439,-87.629429818,THEFT,16,12
41.946724511,-87.691501175,ROBBERY,17,12
41.886267056,-87.761750978,ROBBERY,13,12
41.897895128,-87.624096605,THEFT,16,12
41.765294699,-87.604757012,ROBBERY,14,12
41.915209602,-87.73780215,THEFT,22,12
41.795991039,-87.630542489,ROBBERY,18,12
41.792229783,-87.619160665,ROBBERY,6,12
41.875588919,-87.632421308,THEFT,17,12
41.878797001,-87.731626185,ROBBERY,23,12
41.830954079,-87.630703226,THEFT,3,12
41.806668649,-87.610142373,ROBBERY,11,12
41.871799513,-87.632936347,ROBBERY,21,12
41.876476201,-87.696166514,THEFT,15,12
41.874543525,-87.628860099,ROBBERY,13,11
41.79511919,-87.592673194,ROBBERY,17,12
41.880486258,-87.725665179,ROBBERY,1,12
41.910107551,-87.670115487,ROBBERY,19,12
41.882139587,-87.71104513,ROBBERY,17,12
41.849055505,-87.713703868,ROBBERY,17,12
41.797994898,-87.596039755,ROBBERY,15,12
41.902917894,-87.697817532,ROBBERY,15,12
41.880518571,-87.743441605,ROBBERY,9,12
41.876893568,-87.741337889,ROBBERY,16,12
41.743822887,-87.719297084,ROBBERY,8,12
41.785750062,-87.691136568,ROBBERY,7,12
41.871489164,-87.627516791,ROBBERY,7,12
41.868165405,-87.62743954,THEFT,14,12
41.92157132,-87.784166312,ROBBERY,2,12
41.6549986,-87.602309192,ROBBERY,14,12
41.760440891,-87.65277913,ROBBERY,19,12
41.87270939,-87.711881958,ROBBERY,21,9
41.691557251,-87.701582846,ROBBERY,20,4
41.879202837,-87.626113652,THEFT,16,12
42.018498254,-87.672983233,THEFT,12,12
41.89535452,-87.733483581,THEFT,19,12
41.931783447,-87.708637096,ROBBERY,11,12
41.930393516,-87.710914444,ROBBERY,23,12
41.749403992,-87.723780721,ROBBERY,22,12
41.867624425,-87.725236292,ROBBERY,1,12
41.972557372,-87.667217445,ROBBERY,20,12
41.772409335,-87.620293392,ROBBERY,20,12
41.872881651,-87.760309784,ROBBERY,17,12
41.851997246,-87.688752882,THEFT,17,12
41.868165405,-87.62743954,THEFT,14,12
41.867185815,-87.716576049,ROBBERY,9,12
41.851644977,-87.716556523,THEFT,10,12
41.875133111,-87.736298051,ROBBERY,3,12
41.884739981,-87.747879385,THEFT,8,12
41.774659137,-87.701805506,ROBBERY,7,12
41.890032024,-87.630203077,THEFT,3,12
41.721623049,-87.624701342,THEFT,22,12
41.925406329,-87.651789407,ROBBERY,17,12
41.831063762,-87.621330678,ROBBERY,15,12
41.903506392,-87.657657406,THEFT,15,12
41.885557267,-87.653630649,ROBBERY,12,12
41.87766908,-87.629284766,THEFT,13,12
41.731889543,-87.638634882,ROBBERY,7,12
41.900860447,-87.632842923,ROBBERY,1,12
41.800132411,-87.68909321,ROBBERY,2,12
41.89201649,-87.763455311,ROBBERY,0,12
41.966760586,-87.727986195,ROBBERY,0,12
41.881556538,-87.627758535,THEFT,8,12
41.656937576,-87.605134262,ROBBERY,2,12
41.74984828,-87.631855905,ROBBERY,20,12
41.941786753,-87.749423528,ROBBERY,0,12
41.785691,-87.692354502,ROBBERY,20,12
41.882381731,-87.629412971,THEFT,16,12
41.898506352,-87.764506906,ROBBERY,19,12
41.740439471,-87.702137241,ROBBERY,11,12
41.885888079,-87.627942238,THEFT,11,12
41.852975649,-87.702856288,ROBBERY,23,11
41.781534778,-87.605955453,ROBBERY,4,12
41.891694878,-87.626155832,THEFT,16,12
41.769252332,-87.605679991,ROBBERY,5,12
41.867428687,-87.626342565,ROBBERY,15,12
41.654171866,-87.602201445,ROBBERY,13,12
41.935086339,-87.785825531,ROBBERY,1,12
41.75157958,-87.578119151,ROBBERY,16,12
41.852840961,-87.626459189,ROBBERY,11,12
41.885326396,-87.633919718,ROBBERY,22,11
41.9144679,-87.735016755,ROBBERY,2,12
41.882381731,-87.629412971,THEFT,12,12
41.902890962,-87.700892434,ROBBERY,9,12
41.759920977,-87.602966863,ROBBERY,22,12
41.885134807,-87.672463411,ROBBERY,22,12
41.760652735,-87.708423064,ROBBERY,23,12
41.860204623,-87.727439421,ROBBERY,22,12
41.77268594,-87.605758495,ROBBERY,18,12
41.751848266,-87.557487059,ROBBERY,17,12
41.854010712,-87.724822014,ROBBERY,17,12
41.739576376,-87.712969374,ROBBERY,17,12
41.896011332,-87.634185138,ROBBERY,20,12
41.784554979,-87.654628826,ROBBERY,14,12
41.954390155,-87.705589264,ROBBERY,3,12
41.778901304,-87.671487478,ROBBERY,16,12
41.750772111,-87.624538423,ROBBERY,6,12
41.920166781,-87.707060194,ROBBERY,9,12
41.760517127,-87.680579352,ROBBERY,9,12
41.817213984,-87.631227623,ROBBERY,4,12
41.883620971,-87.627882713,THEFT,5,12
41.773406753,-87.643418438,THEFT,14,12
41.897673587,-87.628227614,THEFT,14,12
41.875286899,-87.67649739,THEFT,16,12
41.988407877,-87.670539259,ROBBERY,22,12
41.77617415,-87.607093877,ROBBERY,12,12
41.87409004,-87.761595119,ROBBERY,18,12
41.882446221,-87.627847897,THEFT,15,12
41.9105506,-87.673185901,ROBBERY,20,12
41.807893207,-87.721719051,ROBBERY,22,12
41.783143861,-87.620552126,ROBBERY,19,12
41.912107983,-87.637180096,ROBBERY,18,12
41.746227464,-87.665762163,ROBBERY,16,12
41.877391301,-87.700365464,ROBBERY,17,12
41.900885003,-87.721677307,ROBBERY,19,12
41.96538061,-87.659110921,ROBBERY,14,12
41.887318819,-87.755314708,ROBBERY,16,12
41.952520546,-87.665091699,ROBBERY,15,12
41.740238824,-87.728092129,ROBBERY,16,12
41.800692217,-87.684213423,ROBBERY,2,12
41.873620574,-87.711392136,ROBBERY,12,12
41.883210946,-87.631280397,THEFT,13,12
41.844538907,-87.703196029,ROBBERY,12,12
41.768702497,-87.631100681,ROBBERY,22,11
41.687097962,-87.626244569,ROBBERY,22,9
42.00180847,-87.660753652,ROBBERY,2,12
41.907272203,-87.729191411,ROBBERY,2,12
41.957537358,-87.711565838,ROBBERY,2,12
41.878638996,-87.627691486,THEFT,12,12
41.687275495,-87.612414654,ROBBERY,16,11
41.776400433,-87.570448042,ROBBERY,18,10
41.886530554,-87.74438154,ROBBERY,0,12
41.88033698,-87.629365643,THEFT,18,12
41.756655606,-87.562688485,ROBBERY,23,12
41.811724859,-87.669913514,THEFT,22,12
41.873907046,-87.725430093,ROBBERY,21,12
41.725872263,-87.576654588,ROBBERY,14,12
41.735992984,-87.649270835,ROBBERY,16,12
41.885741029,-87.631711749,THEFT,17,12
41.88705768,-87.647514742,THEFT,1,12
41.903931469,-87.629290187,THEFT,1,12
41.884229778,-87.765412092,ROBBERY,18,12
41.79464166,-87.755770445,ROBBERY,4,12
41.878346264,-87.709385472,ROBBERY,21,12
41.90044947,-87.752485437,ROBBERY,22,12
41.877984858,-87.761740331,ROBBERY,21,12
41.872783042,-87.726164064,ROBBERY,19,12
41.829459134,-87.677696258,ROBBERY,21,12
41.868035989,-87.721605044,ROBBERY,12,12
42.019431567,-87.678302357,ROBBERY,11,12
41.751651017,-87.665900202,ROBBERY,11,12
41.724636834,-87.597282003,ROBBERY,16,12
41.873845465,-87.763183491,ROBBERY,18,12
41.853947709,-87.666045352,ROBBERY,2,12
41.876860431,-87.725537965,ROBBERY,16,12
41.954614809,-87.708035521,THEFT,14,12
41.88489739,-87.766676821,ROBBERY,14,12
41.885689234,-87.74998603,ROBBERY,10,12
41.866332671,-87.639215203,ROBBERY,8,12
42.001064985,-87.661254473,ROBBERY,12,12
42.010159772,-87.676520915,ROBBERY,8,12
41.87766908,-87.629284766,ROBBERY,16,12
41.943108594,-87.649366085,THEFT,2,12
41.866932431,-87.735607047,ROBBERY,1,12
41.736684597,-87.602046755,ROBBERY,2,12
41.71277213,-87.605306501,ROBBERY,0,12
41.725888209,-87.59215377,ROBBERY,0,12
41.891737186,-87.721955573,ROBBERY,0,12
41.880966228,-87.706719713,THEFT,10,12
41.926955106,-87.668820208,ROBBERY,8,12
41.885018149,-87.766679426,ROBBERY,19,12
41.746692026,-87.664951165,ROBBERY,19,12
41.731445758,-87.648366544,ROBBERY,1,12
41.794788808,-87.617173965,ROBBERY,12,12
41.752866056,-87.619227044,THEFT,6,12
41.909829291,-87.676609962,THEFT,23,12
41.885741529,-87.631344503,THEFT,15,12
41.883500187,-87.627876698,THEFT,16,12
41.894587815,-87.712628543,ROBBERY,19,12
41.757066983,-87.65027122,ROBBERY,21,12
42.018498254,-87.672983233,THEFT,1,12
41.891890282,-87.613438575,ROBBERY,20,12
41.870110036,-87.74245421,ROBBERY,17,12
41.867346388,-87.632166244,ROBBERY,18,12
41.846952183,-87.722183972,ROBBERY,14,12
41.837658731,-87.721927453,ROBBERY,15,12
41.869098168,-87.700862158,ROBBERY,8,12
41.751821289,-87.559590955,THEFT,11,12
41.885575655,-87.652565457,ROBBERY,11,12
41.998371665,-87.660569111,THEFT,14,12
41.76840507,-87.589509136,ROBBERY,20,12
41.836806313,-87.73095549,ROBBERY,21,12
41.855799401,-87.679284674,ROBBERY,20,12
41.88486993,-87.763346223,ROBBERY,19,12
41.887279848,-87.756842823,ROBBERY,16,12
41.882470918,-87.627847625,THEFT,16,12
41.919062591,-87.647333823,THEFT,15,12
41.976290414,-87.905227221,THEFT,13,12
41.943569411,-87.65256272,ROBBERY,1,12
41.872875065,-87.725403155,ROBBERY,21,12
41.73941019,-87.612986022,ROBBERY,19,12
41.871279774,-87.658889104,ROBBERY,17,12
41.904972571,-87.731288631,ROBBERY,19,12
41.807368677,-87.596790578,ROBBERY,15,12
41.750111323,-87.644030737,ROBBERY,15,12
41.729544162,-87.551245472,ROBBERY,17,12
41.885741529,-87.631344503,THEFT,17,12
41.721698686,-87.625396491,ROBBERY,15,12
41.869901186,-87.660126207,ROBBERY,17,12
41.918385085,-87.667906047,ROBBERY,4,12
41.9344819,-87.652324926,ROBBERY,3,12
41.884470555,-87.633528767,ROBBERY,4,12
41.878630716,-87.636673298,THEFT,0,12
41.878630716,-87.636673298,THEFT,0,12
41.963070794,-87.655984213,THEFT,20,11
41.778660358,-87.693381423,THEFT,2,10
41.892319584,-87.711339316,ROBBERY,0,12
41.88318876,-87.740251545,ROBBERY,5,12
41.784479144,-87.699978499,ROBBERY,7,12
41.882431577,-87.735532388,ROBBERY,5,12
41.878455014,-87.756430097,ROBBERY,22,12
41.982516992,-87.656583616,THEFT,20,12
41.879509982,-87.626525207,THEFT,17,12
41.691640675,-87.626381549,ROBBERY,9,12
41.876491796,-87.639656065,ROBBERY,20,12
41.778521408,-87.67510268,ROBBERY,22,12
41.93140604,-87.665947912,ROBBERY,23,12
41.880475282,-87.725665283,ROBBERY,18,12
41.751270452,-87.585822373,ROBBERY,16,12
41.697105657,-87.681323493,THEFT,16,12
41.967538619,-87.713340244,THEFT,16,12
41.840691497,-87.631727018,THEFT,15,12
41.885741029,-87.631711749,THEFT,15,12
41.773892091,-87.58630763,ROBBERY,13,12
41.776818887,-87.688465033,ROBBERY,14,12
41.882381731,-87.629412971,THEFT,12,12
41.76034157,-87.559070771,ROBBERY,17,12
41.963624641,-87.653581019,ROBBERY,13,12
41.845798087,-87.711169879,ROBBERY,12,12
41.870932257,-87.744921277,ROBBERY,7,12
41.663187549,-87.645405101,ROBBERY,5,12
41.909959652,-87.719518657,ROBBERY,9,12
41.848813874,-87.642487672,ROBBERY,4,12
41.863852276,-87.727540817,ROBBERY,0,12
41.835139248,-87.719823109,ROBBERY,2,12
41.773195656,-87.600033806,ROBBERY,14,11
41.882381731,-87.629412971,THEFT,16,12
41.745227053,-87.606281132,ROBBERY,22,12
41.882381731,-87.629412971,THEFT,11,12
41.891404732,-87.628061509,THEFT,14,12
41.891412551,-87.647934597,THEFT,17,12
41.962933819,-87.714862981,ROBBERY,15,12
41.810607648,-87.618186259,ROBBERY,14,12
41.880417506,-87.627730673,ROBBERY,15,12
41.881883933,-87.640060441,THEFT,13,12
42.018498254,-87.672983233,THEFT,16,12
41.907153315,-87.639680572,ROBBERY,20,12
41.910723346,-87.677471499,THEFT,19,12
41.885879253,-87.630979425,THEFT,15,12
41.998338154,-87.686244378,ROBBERY,18,12
41.75281197,-87.707363025,ROBBERY,15,12
42.01938364,-87.672812148,ROBBERY,17,12
41.947093245,-87.678558187,ROBBERY,2,12
41.812461985,-87.622923314,ROBBERY,12,12
41.754366263,-87.59434401,ROBBERY,12,12
41.745171682,-87.600158569,THEFT,5,12
41.750271173,-87.662224163,ROBBERY,4,12
41.735007644,-87.713071962,ROBBERY,4,12
41.77430749,-87.643977023,ROBBERY,0,12
41.882381731,-87.629412971,THEFT,14,12
41.821270757,-87.621538233,THEFT,9,12
41.967093962,-87.713322493,ROBBERY,22,12
41.881224944,-87.763220714,ROBBERY,23,12
41.721773328,-87.62104396,ROBBERY,22,12
41.765763563,-87.586317625,ROBBERY,9,12
41.887216076,-87.755620452,ROBBERY,22,12
41.885796343,-87.706261206,ROBBERY,20,12
41.888388731,-87.765143885,ROBBERY,20,12
41.7790899,-87.615599831,ROBBERY,19,12
41.794294021,-87.601370248,ROBBERY,21,11
41.779975054,-87.630937377,THEFT,9,12
41.796542893,-87.592583455,ROBBERY,12,12
41.751305337,-87.603628907,ROBBERY,6,11
41.769916749,-87.663954978,ROBBERY,20,12
41.773819241,-87.645848255,ROBBERY,19,11
41.877163166,-87.719509465,ROBBERY,7,11
41.884585038,-87.73380467,ROBBERY,4,11
41.819583557,-87.624730281,ROBBERY,18,11
41.902739453,-87.736151141,ROBBERY,23,12
41.955416709,-87.770743677,ROBBERY,23,12
41.840691497,-87.631727018,ROBBERY,23,12
41.834508375,-87.637995973,ROBBERY,23,12
41.939139537,-87.645078792,ROBBERY,21,12
41.874532185,-87.705938056,ROBBERY,16,12
41.876218731,-87.633097393,THEFT,21,12
41.855412041,-87.706271788,ROBBERY,21,12
41.968815819,-87.674618145,THEFT,11,12
41.844406805,-87.712702759,ROBBERY,15,12
41.892258462,-87.677660433,ROBBERY,19,12
41.895763771,-87.685558236,ROBBERY,18,12
41.880548521,-87.70611055,ROBBERY,15,12
41.895429461,-87.719621079,ROBBERY,19,12
41.891772249,-87.717731561,ROBBERY,14,11
41.845577671,-87.627475027,ROBBERY,14,12
41.895239896,-87.745814792,ROBBERY,12,12
41.722768379,-87.624410361,THEFT,7,12
41.765651252,-87.624909847,ROBBERY,12,12
41.752793661,-87.565039851,ROBBERY,9,12
41.883222328,-87.626425537,ROBBERY,13,12
41.885700244,-87.641726854,ROBBERY,11,12
41.885982495,-87.720923403,ROBBERY,12,12
41.907183456,-87.722789081,ROBBERY,12,12
41.874060099,-87.705924314,ROBBERY,11,12
41.895432946,-87.719246402,THEFT,9,12
41.732730806,-87.585114125,ROBBERY,8,12
41.739674102,-87.740313487,ROBBERY,7,12
41.776402432,-87.59854181,ROBBERY,5,12
42.016260115,-87.67032005,ROBBERY,18,12
41.735994703,-87.649098615,ROBBERY,3,12
41.998391661,-87.687461548,ROBBERY,3,12
41.755314017,-87.667207296,ROBBERY,0,12
41.885741029,-87.631711749,THEFT,9,12
41.965423179,-87.655621013,ROBBERY,16,12
41.759841868,-87.637985286,ROBBERY,19,12
41.885481891,-87.627935689,THEFT,8,12
41.750657714,-87.614956494,ROBBERY,8,12
41.890300993,-87.763386087,ROBBERY,17,12
41.746452496,-87.643919633,ROBBERY,19,12
41.882529537,-87.626223856,THEFT,17,12
41.816598679,-87.619113763,THEFT,10,12
41.872050318,-87.628626791,ROBBERY,12,12
41.778964595,-87.703743076,ROBBERY,13,12
41.80792396,-87.674669735,ROBBERY,19,12
41.885982495,-87.720923403,ROBBERY,18,12
41.895372477,-87.72541757,ROBBERY,18,12
41.868037461,-87.721366388,ROBBERY,13,12
41.894591453,-87.719944973,ROBBERY,13,12
41.710309825,-87.627191521,ROBBERY,9,12
41.786499587,-87.649815884,ROBBERY,0,12
41.876539455,-87.655914656,ROBBERY,20,11
41.895560474,-87.705780037,ROBBERY,15,11
41.8865745,-87.765086511,ROBBERY,22,9
41.766552048,-87.620138318,ROBBERY,17,6
41.866552963,-87.640703373,ROBBERY,0,12
41.726288219,-87.657938626,THEFT,12,12
41.825143519,-87.621634758,THEFT,2,12
41.905680145,-87.637492387,ROBBERY,12,11
41.894692183,-87.615636574,ROBBERY,12,11
41.910007156,-87.634675348,ROBBERY,17,3
41.809101635,-87.699119791,ROBBERY,6,12
41.894327846,-87.62814321,ROBBERY,1,12
41.794172544,-87.70357593,ROBBERY,0,12
41.886369807,-87.709773808,ROBBERY,5,12
41.773346807,-87.586013347,ROBBERY,21,12
41.896703809,-87.626269533,ROBBERY,21,12
41.884650262,-87.627915459,THEFT,19,12
41.907076998,-87.680973063,ROBBERY,21,12
41.712561046,-87.569408756,ROBBERY,13,12
41.904370109,-87.631460067,ROBBERY,3,12
41.99459797,-87.744379493,ROBBERY,20,12
41.653919055,-87.602149416,ROBBERY,16,12
41.749997118,-87.664642031,ROBBERY,14,12
41.974717991,-87.678348854,ROBBERY,18,12
41.793686636,-87.694104755,THEFT,14,12
41.882381731,-87.629412971,THEFT,19,12
41.753807493,-87.645336203,THEFT,18,12
41.882381731,-87.629412971,THEFT,15,12
41.868980135,-87.657962371,ROBBERY,18,12
41.87800352,-87.723746226,ROBBERY,14,12
41.880741173,-87.724572141,ROBBERY,17,12
41.885982495,-87.720923403,ROBBERY,13,12
41.874230731,-87.734808371,ROBBERY,17,12
41.882381731,-87.629412971,THEFT,14,12
41.846952183,-87.722183972,ROBBERY,13,12
41.799023412,-87.602820085,ROBBERY,14,12
41.784115848,-87.660687025,ROBBERY,14,12
41.911536812,-87.775299037,ROBBERY,4,12
41.963793736,-87.67458531,ROBBERY,0,12
41.882742824,-87.764944195,ROBBERY,4,12
41.968482007,-87.705149403,ROBBERY,4,12
41.910470235,-87.751707591,ROBBERY,3,12
42.008432156,-87.670051794,ROBBERY,0,12
41.774485665,-87.72509404,ROBBERY,2,12
41.924142132,-87.699370763,THEFT,1,12
41.780219486,-87.683668326,ROBBERY,23,12
41.868518128,-87.624113021,ROBBERY,1,11
41.793885009,-87.626773652,ROBBERY,12,8
41.88033698,-87.629365643,THEFT,17,12
41.880579428,-87.627732563,THEFT,18,12
41.794614135,-87.645167671,ROBBERY,12,12
41.770594329,-87.648544087,ROBBERY,22,12
41.880715353,-87.726434156,ROBBERY,13,12
41.776832515,-87.683577859,ROBBERY,21,12
41.793914018,-87.674604165,ROBBERY,23,12
41.757257385,-87.649063391,ROBBERY,23,12
41.8072435,-87.607737087,ROBBERY,18,12
41.764112338,-87.72150089,ROBBERY,18,12
41.902899152,-87.72630861,ROBBERY,3,12
41.76359744,-87.695451815,ROBBERY,2,12
41.975533134,-87.66834487,ROBBERY,10,12
41.941873108,-87.698974614,ROBBERY,23,12
41.897739256,-87.71638867,ROBBERY,23,12
41.74634568,-87.653627921,ROBBERY,4,12
41.978422708,-87.668333196,THEFT,20,12
41.88401973,-87.625344432,ROBBERY,16,12
41.866517725,-87.695252124,ROBBERY,20,12
41.906594568,-87.643503498,THEFT,2,12
41.911120713,-87.63819379,ROBBERY,20,12
41.884845855,-87.624472307,THEFT,19,12
41.878799091,-87.731501317,ROBBERY,18,12
41.754620386,-87.576053139,ROBBERY,14,12
42.017056516,-87.690198286,ROBBERY,3,12
41.86997982,-87.744885954,ROBBERY,2,12
41.888525948,-87.644322264,ROBBERY,11,12
41.953962409,-87.654529255,THEFT,0,12
41.761374318,-87.626477995,ROBBERY,6,12
41.889901967,-87.665891646,ROBBERY,8,12
41.882381731,-87.629412971,THEFT,8,12
41.75274574,-87.576009208,THEFT,5,12
41.735857166,-87.624152861,ROBBERY,5,12
41.967048277,-87.720658719,ROBBERY,5,12
41.881146523,-87.756310411,ROBBERY,15,12
41.787040988,-87.73400299,ROBBERY,7,12
41.967437975,-87.708443315,ROBBERY,5,12
41.97008868,-87.762690091,THEFT,7,12
41.880658696,-87.731311277,THEFT,22,12
41.88104652,-87.699348928,ROBBERY,12,12
41.954802694,-87.679207203,THEFT,8,12
41.809125265,-87.631906508,THEFT,5,11
41.87766908,-87.629284766,THEFT,21,11
41.960966836,-87.779482262,ROBBERY,15,12
41.910116718,-87.677444645,THEFT,16,12
41.721285041,-87.65742325,ROBBERY,16,12
41.874060099,-87.705924314,ROBBERY,11,12
41.877822179,-87.655181405,THEFT,14,12
41.996663903,-87.688630478,ROBBERY,20,11
41.895094616,-87.63416208,THEFT,19,11
41.885741529,-87.631344503,THEFT,15,11
41.922039747,-87.697330182,THEFT,1,11
41.880966228,-87.706719713,ROBBERY,18,11
41.836893606,-87.723575057,ROBBERY,5,11
41.884013483,-87.627896757,ROBBERY,6,11
41.910624936,-87.667997673,ROBBERY,5,11
41.869428989,-87.655894275,ROBBERY,21,11
41.854459796,-87.715387915,ROBBERY,16,11
41.976290414,-87.905227221,THEFT,16,11
41.877565108,-87.68479102,ROBBERY,17,11
41.870677616,-87.710679011,ROBBERY,16,11
41.764489179,-87.675949898,ROBBERY,17,11
41.940841645,-87.73271929,ROBBERY,15,11
41.851345203,-87.70279155,THEFT,16,11
41.885877917,-87.626289762,THEFT,12,11
41.750185415,-87.644029945,ROBBERY,15,11
41.779153403,-87.65449147,ROBBERY,12,11
41.721733886,-87.623095706,ROBBERY,0,11
41.792290959,-87.784556138,THEFT,14,11
41.852840961,-87.626459189,THEFT,13,11
41.877969824,-87.72619208,ROBBERY,18,11
41.725345318,-87.626642265,ROBBERY,9,11
41.853807787,-87.632868393,ROBBERY,12,11
41.760587919,-87.64429615,ROBBERY,9,11
41.933568546,-87.785776034,THEFT,9,11
41.882307726,-87.742889004,ROBBERY,23,11
41.928235818,-87.682084152,ROBBERY,8,10
41.87903266,-87.626108184,ROBBERY,9,10
41.879550766,-87.714415497,ROBBERY,6,8
41.802137533,-87.58650411,ROBBERY,3,7
41.941736579,-87.654467812,ROBBERY,22,11
41.856364943,-87.705385174,THEFT,13,11
41.758938125,-87.636935808,ROBBERY,21,11
41.886570069,-87.69330086,ROBBERY,22,11
41.78265683,-87.699959767,ROBBERY,23,11
41.896757763,-87.711476232,ROBBERY,12,11
41.92510186,-87.671992307,ROBBERY,20,11
41.910446211,-87.716600645,ROBBERY,23,11
41.903162458,-87.696885733,ROBBERY,8,11
41.975271698,-87.655549706,ROBBERY,10,11
41.823665846,-87.603072021,ROBBERY,7,11
41.867917099,-87.640743719,ROBBERY,22,11
41.654028961,-87.602170129,ROBBERY,18,11
41.880255584,-87.627728782,ROBBERY,18,11
41.74239748,-87.584459605,ROBBERY,14,11
41.889619655,-87.774960971,ROBBERY,14,11
41.754213106,-87.582152651,ROBBERY,11,11
41.872018785,-87.725389239,ROBBERY,11,11
41.996603212,-87.695944512,ROBBERY,6,11
41.756418241,-87.674522275,ROBBERY,1,11
41.750702661,-87.612493314,ROBBERY,21,11
41.871296168,-87.735151505,THEFT,19,11
41.695667141,-87.611021089,ROBBERY,18,11
41.785792907,-87.703335272,ROBBERY,16,11
41.853246989,-87.705298215,ROBBERY,16,11
41.786343156,-87.697609774,ROBBERY,7,11
41.765965607,-87.589966186,ROBBERY,9,9
41.881187452,-87.684780097,ROBBERY,3,8
41.750940757,-87.625185222,ROBBERY,16,1
41.965854746,-87.669364783,ROBBERY,20,11
41.976290414,-87.905227221,THEFT,20,11
41.777068318,-87.640794522,THEFT,9,11
41.885312381,-87.667573631,THEFT,9,11
41.87664306,-87.756281157,ROBBERY,4,11
41.877567416,-87.684713886,ROBBERY,23,11
41.886817001,-87.629059469,THEFT,12,11
41.923284137,-87.698548805,THEFT,16,11
41.913116554,-87.758969087,ROBBERY,13,11
41.894516017,-87.677012947,ROBBERY,17,11
41.89494976,-87.752436102,ROBBERY,17,11
41.991090138,-87.679840019,ROBBERY,22,11
41.857337668,-87.646628357,ROBBERY,20,11
41.942729096,-87.647852085,ROBBERY,19,11
41.986261826,-87.660148577,ROBBERY,20,11
41.993377485,-87.673375399,ROBBERY,17,11
41.907835786,-87.744174733,ROBBERY,20,11
41.963478708,-87.664241829,ROBBERY,20,11
41.729618252,-87.551244573,ROBBERY,21,11
41.885772584,-87.761098022,ROBBERY,7,11
41.662582935,-87.636606294,ROBBERY,4,11
41.803124176,-87.666576619,ROBBERY,16,11
41.896790212,-87.647759561,THEFT,17,11
41.909780657,-87.734472721,ROBBERY,5,11
41.895460273,-87.767846962,ROBBERY,8,11
41.721623523,-87.624778261,ROBBERY,9,11
41.779570755,-87.657321156,ROBBERY,8,11
41.771423172,-87.636687138,ROBBERY,3,11
41.688064408,-87.6223129,ROBBERY,16,11
41.88033698,-87.629365643,THEFT,11,11
41.884231489,-87.696669693,THEFT,15,11
41.875286899,-87.67649739,ROBBERY,18,11
41.784679975,-87.617352473,ROBBERY,11,11
41.901937376,-87.6747807,ROBBERY,15,11
41.728910285,-87.597368771,THEFT,17,11
41.899868647,-87.712797797,ROBBERY,17,11
41.879909639,-87.69871388,ROBBERY,18,11
41.735857166,-87.624152861,ROBBERY,16,11
41.8809356,-87.709158314,ROBBERY,14,11
41.869256691,-87.666782001,THEFT,17,11
41.872037772,-87.748061401,ROBBERY,14,11
41.925398449,-87.652311296,THEFT,15,11
41.910699488,-87.662886582,THEFT,11,11
41.906276004,-87.670011875,THEFT,13,11
41.884466819,-87.634266948,THEFT,16,11
41.823755781,-87.606868273,ROBBERY,10,11
41.871283062,-87.686168955,ROBBERY,19,11
41.928560987,-87.734245653,ROBBERY,1,11
41.993118427,-87.677972623,ROBBERY,17,11
41.766177377,-87.652931112,ROBBERY,21,11
41.900993132,-87.627621735,ROBBERY,22,11
41.808702268,-87.60278716,ROBBERY,12,11
41.772899106,-87.583848295,ROBBERY,22,11
41.85131437,-87.713766488,ROBBERY,19,11
41.736264617,-87.627929503,ROBBERY,12,7
41.867584748,-87.659140883,ROBBERY,19,11
41.891809163,-87.672049376,ROBBERY,20,11
41.880450435,-87.62773031,ROBBERY,19,11
41.746185882,-87.663333064,ROBBERY,18,11
41.722479323,-87.574426943,ROBBERY,16,11
41.911476036,-87.650302738,ROBBERY,15,11
41.857425671,-87.648958368,ROBBERY,17,11
41.965781301,-87.657716788,ROBBERY,3,11
41.846050935,-87.726629757,ROBBERY,17,11
41.850656285,-87.623748793,ROBBERY,15,11
41.81150781,-87.645606798,ROBBERY,15,11
41.872558733,-87.723709844,ROBBERY,14,11
41.901344486,-87.721386404,ROBBERY,14,11
41.779806409,-87.641131698,ROBBERY,19,11
41.779806409,-87.641131698,ROBBERY,19,11
41.880931267,-87.763212309,ROBBERY,13,11
41.77268594,-87.605758495,ROBBERY,6,10
41.905060731,-87.669135463,ROBBERY,16,10
41.658339943,-87.605568578,ROBBERY,10,10
41.888258934,-87.752908049,ROBBERY,10,10
41.929464598,-87.706124024,ROBBERY,0,10
41.854136136,-87.734588317,ROBBERY,14,11
41.896888586,-87.628203192,THEFT,14,11
41.790857624,-87.607771565,ROBBERY,5,11
41.844045152,-87.706243329,ROBBERY,22,11
41.882981702,-87.722218988,ROBBERY,19,11
41.978788137,-87.659936757,ROBBERY,21,11
41.790752055,-87.625601621,ROBBERY,19,11
41.886668404,-87.746113681,ROBBERY,19,11
41.915442272,-87.636284119,ROBBERY,17,11
41.690547081,-87.623047109,ROBBERY,17,11
41.861022663,-87.705515813,ROBBERY,17,11
41.756476999,-87.565113203,ROBBERY,10,11
41.917017244,-87.689840578,ROBBERY,10,11
41.766114415,-87.572039808,ROBBERY,10,11
41.866621882,-87.685426633,THEFT,8,11
41.836310765,-87.718230327,ROBBERY,7,11
41.74273027,-87.688175982,ROBBERY,6,11
41.65548171,-87.602325685,ROBBERY,16,11
41.947254593,-87.653438823,ROBBERY,19,11
41.65386959,-87.602138998,ROBBERY,19,11
41.864458661,-87.640630527,ROBBERY,14,11
41.729170867,-87.551235346,ROBBERY,11,10
41.967091231,-87.666325705,ROBBERY,15,9
41.762342874,-87.664964705,ROBBERY,3,7
41.87766908,-87.629284766,THEFT,12,11
41.767599256,-87.683322798,ROBBERY,20,7
41.881120698,-87.7648888,THEFT,22,11
41.972111061,-87.667861958,THEFT,23,11
41.888045958,-87.625413826,ROBBERY,16,11
41.879268674,-87.694967391,THEFT,20,11
41.774346209,-87.599712752,ROBBERY,11,11
41.882608261,-87.77330341,THEFT,22,11
41.882341627,-87.7257137,ROBBERY,13,11
41.908474117,-87.688802226,ROBBERY,3,11
41.892543531,-87.624486365,ROBBERY,22,11
41.769781462,-87.667592849,ROBBERY,21,11
41.872021647,-87.627532962,ROBBERY,18,11
41.888931976,-87.719786107,ROBBERY,14,11
41.895877613,-87.706566627,ROBBERY,19,11
41.808417621,-87.685716345,ROBBERY,17,11
41.87104212,-87.755751426,ROBBERY,0,11
41.981051896,-87.668375719,ROBBERY,17,11
41.727826876,-87.659186385,ROBBERY,15,11
41.779295906,-87.644774188,ROBBERY,4,11
41.685333668,-87.621848733,ROBBERY,14,11
41.885426371,-87.630966024,THEFT,13,11
41.87775797,-87.725569852,ROBBERY,6,11
41.976290414,-87.905227221,THEFT,9,11
41.911699721,-87.726791014,ROBBERY,1,11
41.756781972,-87.561481174,ROBBERY,8,11
41.89269852,-87.634100065,ROBBERY,1,11
41.910371174,-87.764250953,ROBBERY,5,11
41.727872617,-87.551207132,ROBBERY,7,11
41.934605758,-87.716481875,ROBBERY,6,11
41.878157774,-87.761746134,ROBBERY,5,11
41.970867968,-87.704875903,ROBBERY,4,11
41.906374708,-87.638443652,ROBBERY,1,11
41.94264357,-87.805675754,ROBBERY,3,11
41.916415693,-87.716745254,ROBBERY,9,8
41.909240284,-87.65274758,THEFT,16,11
41.909152038,-87.652675042,THEFT,4,11
41.88191075,-87.704301523,THEFT,14,11
41.882381731,-87.629412971,THEFT,13,11
41.953619032,-87.730683984,THEFT,15,11
41.940251326,-87.649275328,THEFT,18,11
41.774407783,-87.635588021,ROBBERY,22,11
41.904623168,-87.733742138,ROBBERY,16,11
41.873510659,-87.720554136,ROBBERY,21,11
41.877500741,-87.649566735,ROBBERY,22,11
41.902582485,-87.731840051,ROBBERY,23,11
41.792626339,-87.699868963,ROBBERY,13,11
41.765325643,-87.579354533,ROBBERY,15,11
41.797607683,-87.598138262,ROBBERY,19,11
41.88447161,-87.632801633,THEFT,11,11
41.864493678,-87.639158,ROBBERY,13,11
41.800439208,-87.587407706,ROBBERY,16,11
41.770130589,-87.68497252,ROBBERY,18,11
41.970265674,-87.709162164,ROBBERY,1,11
41.983673036,-87.657174571,ROBBERY,0,11
42.017103697,-87.66908954,ROBBERY,0,11
41.753029609,-87.55039605,ROBBERY,0,11
41.729126787,-87.604641957,ROBBERY,14,11
41.897895128,-87.624096605,THEFT,15,11
41.916246686,-87.686523201,THEFT,1,11
41.882403158,-87.737985701,ROBBERY,9,11
41.874363848,-87.710808463,ROBBERY,1,11
41.782352772,-87.719270606,ROBBERY,3,11
41.823556849,-87.631367455,ROBBERY,6,11
41.964075833,-87.685580042,THEFT,14,11
41.882381731,-87.629412971,THEFT,16,11
41.885346793,-87.630966895,THEFT,18,11
41.684789786,-87.6633151,THEFT,11,11
41.80062644,-87.590467932,ROBBERY,21,11
41.891662431,-87.628466349,THEFT,10,11
41.882381731,-87.629412971,THEFT,16,11
41.875820724,-87.647175913,THEFT,15,11
41.869152172,-87.704198989,ROBBERY,22,11
41.872921137,-87.661750445,ROBBERY,15,11
41.874060099,-87.705924314,ROBBERY,1,11
41.858936106,-87.718534819,ROBBERY,12,11
41.896729066,-87.624579657,THEFT,18,11
41.912149595,-87.736181,THEFT,17,11
41.750832464,-87.605224746,ROBBERY,15,11
41.777379527,-87.687630849,ROBBERY,17,11
41.673301669,-87.636948252,ROBBERY,12,11
41.873923511,-87.725429937,ROBBERY,15,11
41.895678688,-87.655135777,ROBBERY,15,11
41.896888586,-87.628203192,ROBBERY,14,11
41.891352111,-87.6311178,THEFT,12,11
41.885503844,-87.627935448,THEFT,13,10
41.756838653,-87.644204314,ROBBERY,4,11
41.681702629,-87.642037691,ROBBERY,0,11
41.902708181,-87.721865617,ROBBERY,5,11
41.747631895,-87.660943414,ROBBERY,10,10
41.794591289,-87.723198732,ROBBERY,6,11
41.965949512,-87.768055039,ROBBERY,8,11
41.949390691,-87.658275881,ROBBERY,1,11
41.779012821,-87.664208692,ROBBERY,3,11
41.909681554,-87.775267437,ROBBERY,22,11
41.746130093,-87.682755208,ROBBERY,7,11
41.893759857,-87.667221463,ROBBERY,20,11
41.746817035,-87.74127748,ROBBERY,18,11
41.772544127,-87.569947515,ROBBERY,0,11
41.871694922,-87.662299336,ROBBERY,20,11
41.883500187,-87.627876698,THEFT,17,11
41.87731856,-87.749305743,THEFT,19,11
41.756550472,-87.592600053,ROBBERY,23,11
41.765054827,-87.626543898,ROBBERY,21,11
41.867791856,-87.666411722,ROBBERY,21,11
41.850242938,-87.68375308,ROBBERY,10,11
41.909636288,-87.745300725,ROBBERY,10,11
41.851987024,-87.734520269,ROBBERY,19,11
41.756114587,-87.613832791,ROBBERY,5,11
41.762857731,-87.642970651,ROBBERY,5,11
41.987658317,-87.695662244,ROBBERY,2,11
41.903168813,-87.678492886,ROBBERY,4,11
41.886863814,-87.626851797,ROBBERY,20,11
41.761126124,-87.628067792,ROBBERY,18,11
41.767162851,-87.627055944,ROBBERY,20,10
41.885493411,-87.726495438,ROBBERY,21,11
41.964073502,-87.66932077,ROBBERY,21,11
41.954557935,-87.649909102,ROBBERY,22,11
41.868338084,-87.719590225,ROBBERY,19,11
41.735798691,-87.662396833,ROBBERY,18,11
41.788557135,-87.651088429,ROBBERY,21,11
41.831030756,-87.624424247,THEFT,20,11
41.736604706,-87.608060119,ROBBERY,16,11
41.868136821,-87.77422643,ROBBERY,14,11
41.755048319,-87.715426189,ROBBERY,17,11
41.883210775,-87.629906972,THEFT,15,11
41.841668977,-87.657908346,ROBBERY,1,11
41.942351064,-87.649344776,THEFT,1,11
41.93202555,-87.708245176,THEFT,8,11
41.868380637,-87.625847449,THEFT,17,11
41.865713975,-87.7251516,THEFT,18,11
42.017103697,-87.66908954,ROBBERY,0,11
41.997297917,-87.686210771,ROBBERY,0,11
41.872875065,-87.725403155,ROBBERY,0,11
41.881740601,-87.751134621,ROBBERY,0,11
41.759454787,-87.559422293,ROBBERY,15,11
41.73585412,-87.658739723,THEFT,15,11
41.80280044,-87.606422846,ROBBERY,4,11
41.954558052,-87.720410722,ROBBERY,12,11
41.773511011,-87.702121047,ROBBERY,1,11
41.844674439,-87.696423426,THEFT,11,11
41.722220784,-87.625061083,ROBBERY,10,11
41.750491135,-87.600314257,ROBBERY,5,11
41.965455324,-87.653168121,ROBBERY,7,11
41.764427828,-87.699710219,ROBBERY,9,11
41.885741029,-87.631711749,THEFT,12,11
41.880737718,-87.628483607,THEFT,17,11
41.769185486,-87.625732415,ROBBERY,16,11
41.933283621,-87.707461112,THEFT,13,11
41.830954079,-87.630703226,ROBBERY,22,11
41.946241881,-87.655743334,THEFT,0,11
41.88575899,-87.624359385,THEFT,18,11
41.883555835,-87.671807654,ROBBERY,14,11
41.781634523,-87.64074539,ROBBERY,11,11
41.724796016,-87.59728385,ROBBERY,11,11
41.794437143,-87.61843206,ROBBERY,13,11
41.780772625,-87.658232469,ROBBERY,7,11
41.809786885,-87.645562848,ROBBERY,17,11
41.901367438,-87.753303613,ROBBERY,10,11
41.769229044,-87.621234054,ROBBERY,12,11
41.85198157,-87.689872537,ROBBERY,12,11
41.884807342,-87.75033191,ROBBERY,12,11
41.891694878,-87.626155832,ROBBERY,19,11
41.881069176,-87.696994857,ROBBERY,1,10
41.877578503,-87.629282088,ROBBERY,4,10
41.889326577,-87.757841738,ROBBERY,8,9
41.880287347,-87.761752861,ROBBERY,17,8
41.883056972,-87.62943861,THEFT,17,11
41.883693593,-87.629431622,THEFT,14,11
41.859697641,-87.724977343,ROBBERY,16,11
41.907041528,-87.720358485,ROBBERY,10,11
41.896888586,-87.628203192,THEFT,17,11
41.879297705,-87.627706271,THEFT,15,11
41.909664252,-87.742728815,THEFT,19,11
41.727238417,-87.604597356,ROBBERY,19,11
41.756550472,-87.592600053,ROBBERY,21,11
41.779153403,-87.65449147,ROBBERY,22,11
41.722768379,-87.624410361,THEFT,10,11
41.882255587,-87.742889484,ROBBERY,23,11
41.901787558,-87.726275059,ROBBERY,23,11
41.879908634,-87.659518102,ROBBERY,23,11
41.903750913,-87.667099256,ROBBERY,21,11
41.908430535,-87.638509526,THEFT,23,11
41.751152713,-87.561376374,ROBBERY,0,11
41.869142521,-87.695978672,ROBBERY,1,11
42.001989619,-87.660759102,ROBBERY,23,11
41.777246938,-87.696324784,ROBBERY,21,11
42.01014963,-87.677146545,ROBBERY,15,11
41.945306824,-87.761815738,ROBBERY,19,11
41.88033698,-87.629365643,THEFT,15,11
41.910676312,-87.649187069,THEFT,16,11
41.879878065,-87.684712552,ROBBERY,18,11
41.885741029,-87.631711749,THEFT,16,11
41.884101668,-87.675103439,ROBBERY,15,11
41.766288528,-87.648084026,ROBBERY,8,11
41.767162851,-87.627055944,ROBBERY,9,11
42.017918849,-87.680110047,ROBBERY,3,11
41.943365987,-87.641030483,ROBBERY,23,11
41.892028341,-87.669608393,ROBBERY,20,11
41.866382415,-87.772931058,ROBBERY,20,11
41.90909767,-87.7891226,ROBBERY,17,11
41.90352381,-87.66674162,THEFT,16,11
41.975702441,-87.712797693,ROBBERY,20,11
41.902141421,-87.765958681,ROBBERY,0,11
41.885741029,-87.631711749,THEFT,16,11
41.89200307,-87.628076963,THEFT,18,11
41.885481891,-87.627935689,THEFT,15,11
41.787715253,-87.683863996,ROBBERY,5,11
41.968427294,-87.71122829,THEFT,13,11
41.910323021,-87.736918095,ROBBERY,16,11
41.878357982,-87.695038879,ROBBERY,13,11
41.99094269,-87.689685077,ROBBERY,0,5
41.755291497,-87.642938127,ROBBERY,16,5
41.931653332,-87.737333161,ROBBERY,15,5
41.75445966,-87.565071292,ROBBERY,11,11
41.972643186,-87.661693093,ROBBERY,11,11
41.855959485,-87.71512387,ROBBERY,10,11
41.684809877,-87.642147208,ROBBERY,5,11
41.785311089,-87.612076444,ROBBERY,16,11
41.864286161,-87.729159387,ROBBERY,12,11
41.763027016,-87.586243072,ROBBERY,20,10
41.774996016,-87.602634547,THEFT,9,10
41.885487535,-87.726422045,ROBBERY,11,7
41.900195189,-87.736083017,ROBBERY,4,11
41.882407184,-87.686468002,ROBBERY,22,11
41.747514446,-87.575909455,ROBBERY,14,11
41.778697566,-87.689725751,THEFT,21,11
41.717463636,-87.604238955,ROBBERY,1,11
41.95391576,-87.65452975,ROBBERY,17,11
41.785679271,-87.722953233,ROBBERY,3,11
41.801312511,-87.665084355,THEFT,17,11
41.863650183,-87.72876889,ROBBERY,18,11
41.893179585,-87.634686145,ROBBERY,3,11
41.876534902,-87.737783136,ROBBERY,19,11
41.883210775,-87.629906972,THEFT,16,11
41.886666806,-87.657497011,THEFT,20,11
41.732214483,-87.625328663,THEFT,18,11
41.950631046,-87.669566912,ROBBERY,22,11
41.876917812,-87.679528375,ROBBERY,22,11
41.738636418,-87.593143044,ROBBERY,23,11
41.852387629,-87.635798266,ROBBERY,23,11
41.882381731,-87.629412971,THEFT,10,11
41.950197458,-87.648999894,THEFT,3,11
41.909272539,-87.774113762,ROBBERY,19,11
41.743065419,-87.66377224,ROBBERY,17,11
41.785902975,-87.726328155,ROBBERY,16,11
41.925230739,-87.662513983,ROBBERY,7,11
41.727615205,-87.546865483,ROBBERY,14,11
41.959071401,-87.656265549,ROBBERY,11,11
41.954631015,-87.645603299,ROBBERY,13,11
41.84014542,-87.721999197,ROBBERY,1,11
41.918669066,-87.648528511,ROBBERY,7,11
41.929770521,-87.707370507,ROBBERY,3,11
41.805254059,-87.74553729,ROBBERY,22,11
41.976290414,-87.905227221,THEFT,17,11
41.750834265,-87.731682981,ROBBERY,22,11
41.748772464,-87.70236711,ROBBERY,20,11
41.771068348,-87.583799955,ROBBERY,21,11
41.901631977,-87.73427337,ROBBERY,20,11
41.774974401,-87.728781177,ROBBERY,13,11
41.922825671,-87.647458869,ROBBERY,15,11
41.884276844,-87.622098929,ROBBERY,17,11
41.854864309,-87.724846958,ROBBERY,14,11
41.887123664,-87.754163303,ROBBERY,19,11
41.809340827,-87.619234738,ROBBERY,5,11
41.776730249,-87.731822292,ROBBERY,16,11
41.885741029,-87.631711749,THEFT,20,11
41.994919627,-87.689792154,ROBBERY,15,11
41.90316534,-87.629210442,ROBBERY,2,11
41.877620274,-87.750896624,ROBBERY,10,11
41.749555455,-87.558918221,ROBBERY,10,11
41.886987874,-87.751729667,ROBBERY,5,11
41.90316534,-87.629210442,ROBBERY,3,11
41.891404732,-87.628061509,THEFT,7,11
41.905182208,-87.706865023,ROBBERY,4,11
41.962618968,-87.727870973,ROBBERY,1,11
41.974603823,-87.660973766,ROBBERY,2,11
41.909878399,-87.773987238,ROBBERY,1,11
41.854649511,-87.705335883,ROBBERY,0,11
41.720806344,-87.65768834,THEFT,8,11
41.881262991,-87.680192808,THEFT,18,10
41.895604994,-87.633252961,ROBBERY,15,9
41.924158759,-87.699399996,THEFT,0,11
41.924158759,-87.699399996,THEFT,1,11
41.890666356,-87.628032904,THEFT,2,11
41.978823809,-87.659936381,ROBBERY,0,11
41.876720197,-87.701088107,ROBBERY,0,11
41.792062287,-87.624017707,ROBBERY,1,11
41.892096977,-87.624164426,THEFT,13,11
41.86640116,-87.705973505,THEFT,14,11
41.886901317,-87.745509261,ROBBERY,21,11
41.88773058,-87.624557937,THEFT,18,11
41.841350479,-87.626860911,THEFT,13,11
41.925440308,-87.649657726,ROBBERY,15,11
41.808967429,-87.632124643,THEFT,9,11
41.809305232,-87.606558389,THEFT,12,11
41.886174649,-87.639848795,THEFT,18,11
41.89364542,-87.634122793,THEFT,10,11
41.831014114,-87.617317037,THEFT,9,11
41.88531933,-87.630963524,THEFT,9,11
41.939918899,-87.653369734,THEFT,22,11
41.885888079,-87.627942238,THEFT,13,11
41.872245223,-87.657399284,ROBBERY,20,11
41.816051729,-87.616775716,ROBBERY,10,11
41.89028238,-87.63255084,ROBBERY,18,11
41.777931901,-87.644301168,ROBBERY,11,11
41.869747603,-87.62412146,THEFT,19,11
41.976290414,-87.905227221,THEFT,4,11
41.980398476,-87.668323672,THEFT,20,11
41.744809839,-87.669756354,ROBBERY,21,11
41.968361539,-87.717355077,ROBBERY,20,11
41.885351991,-87.665887592,ROBBERY,18,11
41.8709806,-87.661689984,ROBBERY,19,11
41.726942945,-87.57546609,ROBBERY,19,11
41.878800774,-87.642565033,ROBBERY,15,11
41.904370109,-87.631460067,THEFT,17,11
41.883224344,-87.624971297,THEFT,18,11
41.883224344,-87.624971297,THEFT,18,11
41.892753031,-87.624193896,ROBBERY,16,11
41.885741029,-87.631711749,THEFT,15,11
41.732733557,-87.551320357,ROBBERY,15,11
41.910116718,-87.677444645,THEFT,16,11
41.886668404,-87.746113681,THEFT,13,11
41.870817114,-87.7192581,ROBBERY,15,11
41.908185345,-87.639713484,ROBBERY,12,11
41.750622017,-87.614953227,THEFT,17,11
41.884561956,-87.696383641,THEFT,10,11
41.797112043,-87.596592641,ROBBERY,22,10
41.961342741,-87.727838934,ROBBERY,6,1
41.87766908,-87.629284766,THEFT,22,11
41.748241074,-87.625746254,THEFT,23,11
41.678519693,-87.662497935,THEFT,12,11
41.878796732,-87.731574779,ROBBERY,19,11
41.760583068,-87.564793,ROBBERY,17,11
41.868541914,-87.639235361,ROBBERY,19,11
41.763999613,-87.608697368,ROBBERY,21,11
41.970138764,-87.721268948,ROBBERY,20,11
41.903327101,-87.631427409,ROBBERY,3,11
41.917036434,-87.687393362,ROBBERY,19,11
41.750130123,-87.62947813,ROBBERY,19,11
41.875412863,-87.713985428,ROBBERY,16,11
41.78969544,-87.648685524,ROBBERY,18,11
41.685431317,-87.612416936,ROBBERY,17,11
41.727010609,-87.604592604,ROBBERY,19,11
41.885426371,-87.630966024,THEFT,17,11
41.805901607,-87.734887253,ROBBERY,15,11
41.924373501,-87.735864921,ROBBERY,16,11
41.853131574,-87.73455731,ROBBERY,16,11
41.664630388,-87.640265997,ROBBERY,14,11
41.733439506,-87.573506575,ROBBERY,14,11
41.944069772,-87.7652526,ROBBERY,13,11
41.854751251,-87.651471903,ROBBERY,12,11
41.866996231,-87.62741936,ROBBERY,7,11
41.935721524,-87.727089019,ROBBERY,4,11
41.96055619,-87.71312483,ROBBERY,5,11
41.901904447,-87.674781038,ROBBERY,11,11
41.662944028,-87.641411276,THEFT,13,11
41.74886608,-87.607595972,THEFT,12,11
41.878796732,-87.731574779,ROBBERY,10,11
41.750382338,-87.605215174,ROBBERY,10,11
41.768382919,-87.644495002,THEFT,14,11
41.902937339,-87.695385547,ROBBERY,0,11
41.764885191,-87.629756746,ROBBERY,0,11
41.870067151,-87.738929944,ROBBERY,1,11
41.880803091,-87.719705974,THEFT,0,11
41.816651874,-87.6157602,ROBBERY,10,11
41.854459796,-87.715387915,ROBBERY,23,11
41.760065748,-87.663661519,ROBBERY,19,11
41.910897464,-87.719384761,ROBBERY,2,11
41.742620493,-87.663241882,ROBBERY,13,11
41.881271147,-87.679696983,ROBBERY,1,11
41.885665147,-87.753357527,ROBBERY,6,11
41.885730922,-87.635006012,THEFT,13,11
41.772719038,-87.576474498,ROBBERY,11,11
41.759574155,-87.655178004,ROBBERY,11,11
41.726101574,-87.657933254,ROBBERY,9,11
41.774504053,-87.727535466,ROBBERY,9,11
41.766264384,-87.57355192,ROBBERY,22,11
41.75751011,-87.586109146,ROBBERY,18,11
41.685494948,-87.66000556,ROBBERY,23,11
41.895845333,-87.726096264,ROBBERY,7,11
41.670243329,-87.622417539,ROBBERY,0,11
41.878177032,-87.627986655,ROBBERY,1,10
41.992490153,-87.784756313,ROBBERY,2,10
41.879001279,-87.696233231,ROBBERY,5,10
41.869183907,-87.701481792,ROBBERY,17,8
41.725723692,-87.608959124,ROBBERY,15,11
41.878638996,-87.627691486,THEFT,8,11
41.727543644,-87.60382826,ROBBERY,21,11
41.867358043,-87.700813226,ROBBERY,22,11
41.877011332,-87.73178614,ROBBERY,22,11
41.865972389,-87.764329136,ROBBERY,21,11
41.748740302,-87.649271113,ROBBERY,18,11
41.854977724,-87.704132367,ROBBERY,17,11
41.91000536,-87.715759913,ROBBERY,1,11
41.77567071,-87.614314484,ROBBERY,19,11
41.920614966,-87.775910739,ROBBERY,19,11
41.881717116,-87.626203436,ROBBERY,18,11
41.908170625,-87.674014962,ROBBERY,18,11
41.936778413,-87.648106932,ROBBERY,19,11
41.936481818,-87.645316863,THEFT,19,11
41.926789142,-87.638012693,ROBBERY,18,11
41.804911724,-87.664863565,ROBBERY,19,11
41.90761126,-87.637809393,ROBBERY,18,11
41.881568892,-87.626197726,THEFT,19,11
41.805880182,-87.670975138,ROBBERY,15,11
41.896704058,-87.626309934,ROBBERY,17,11
41.752148045,-87.665480933,THEFT,12,11
41.953403897,-87.748516071,ROBBERY,14,11
41.887636354,-87.619094272,ROBBERY,17,11
41.830890037,-87.635503335,ROBBERY,13,11
41.733045256,-87.549942692,ROBBERY,20,11
41.773147883,-87.605034743,ROBBERY,3,11
41.759304919,-87.621556363,ROBBERY,2,11
41.766247876,-87.575623169,THEFT,9,11
41.749276856,-87.693827255,ROBBERY,8,11
41.809305232,-87.606558389,THEFT,14,11
41.827910627,-87.608175198,ROBBERY,6,11
41.87311739,-87.745595187,ROBBERY,14,11
41.882381731,-87.629412971,THEFT,16,11
41.736458248,-87.585638764,THEFT,14,11
41.75910015,-87.560144929,ROBBERY,21,11
41.885808136,-87.725813061,ROBBERY,10,11
41.803413431,-87.586052837,ROBBERY,17,11
41.878176784,-87.627946266,THEFT,13,11
41.885426371,-87.630966024,THEFT,14,11
41.705945023,-87.559643215,ROBBERY,10,11
41.875229772,-87.686253982,ROBBERY,9,11
41.763583928,-87.63147539,ROBBERY,5,11
41.79371832,-87.622440909,ROBBERY,9,11
41.745073663,-87.621226207,ROBBERY,8,10
41.916847428,-87.752711534,ROBBERY,10,8
41.735773488,-87.617738375,ROBBERY,5,8
41.937937943,-87.776200954,ROBBERY,5,4
41.882748442,-87.632387132,THEFT,8,11
41.763961584,-87.56647911,ROBBERY,5,11
41.656240691,-87.596978127,ROBBERY,2,11
41.899250923,-87.62145895,ROBBERY,2,11
41.883210617,-87.629881268,THEFT,13,11
41.909740607,-87.73732396,ROBBERY,14,11
41.743867618,-87.702228253,ROBBERY,15,11
41.887216076,-87.755620452,ROBBERY,13,11
41.854649511,-87.705335883,ROBBERY,12,11
41.801907302,-87.628236928,ROBBERY,12,11
41.758359919,-87.563932565,THEFT,7,11
41.874532185,-87.705938056,ROBBERY,15,11
41.871932851,-87.699842875,ROBBERY,2,11
41.904370109,-87.631460067,THEFT,8,11
41.881101475,-87.761569342,ROBBERY,21,11
41.811400502,-87.697974655,ROBBERY,3,10
41.769250315,-87.689479275,ROBBERY,12,10
41.878041129,-87.764783901,ROBBERY,10,9
41.851746505,-87.706920559,ROBBERY,11,9
41.692358646,-87.623096746,ROBBERY,5,11
42.018683085,-87.676021045,ROBBERY,0,11
41.970251161,-87.654849094,THEFT,0,11
41.720815746,-87.628640614,ROBBERY,21,11
41.736227704,-87.62862238,THEFT,17,11
41.949837364,-87.658635101,THEFT,1,11
41.855799526,-87.679306696,ROBBERY,22,11
41.794801332,-87.615662934,ROBBERY,12,11
41.706110371,-87.63426884,ROBBERY,20,11
41.802019013,-87.621432259,ROBBERY,17,11
41.732382273,-87.602165167,ROBBERY,19,11
41.714593915,-87.573446557,ROBBERY,16,11
41.7225474,-87.568964465,ROBBERY,20,11
41.874092102,-87.710796413,ROBBERY,17,11
41.852041917,-87.68450201,ROBBERY,19,11
42.019399237,-87.675049485,ROBBERY,10,11
41.769070498,-87.626668445,THEFT,7,11
41.732403229,-87.652935952,ROBBERY,21,11
41.866946079,-87.659735008,ROBBERY,21,11
41.944619646,-87.727346577,ROBBERY,18,11
41.922965676,-87.768386836,ROBBERY,18,11
41.87760005,-87.720639917,ROBBERY,15,11
41.779618399,-87.653767961,ROBBERY,16,11
41.881582612,-87.626197575,THEFT,12,11
41.750111323,-87.644030737,THEFT,18,11
41.882014826,-87.628205173,THEFT,17,11
41.963354137,-87.739905771,ROBBERY,14,11
41.868541914,-87.639235361,ROBBERY,17,11
41.788404681,-87.642568285,ROBBERY,16,11
41.889298974,-87.686644543,ROBBERY,15,11
41.852799573,-87.721034492,ROBBERY,3,11
41.895940464,-87.7470425,ROBBERY,12,11
41.891404732,-87.628061509,THEFT,14,11
41.758755102,-87.587234567,ROBBERY,10,11
41.885741029,-87.631711749,THEFT,12,11
41.97198692,-87.659750985,ROBBERY,9,11
41.873471519,-87.669091777,ROBBERY,5,11
41.939211601,-87.717698178,ROBBERY,5,11
41.851131184,-87.622440542,ROBBERY,3,11
41.896888586,-87.628203192,THEFT,17,11
42.014512189,-87.678466914,ROBBERY,15,11
41.794412433,-87.590319662,ROBBERY,19,11
41.831365254,-87.676054974,ROBBERY,18,11
41.722188656,-87.643233985,ROBBERY,14,10
41.852366684,-87.715018988,ROBBERY,18,10
41.896567158,-87.636235973,ROBBERY,2,10
41.93318414,-87.759873246,ROBBERY,3,11
41.872823407,-87.726013143,ROBBERY,0,11
41.939045752,-87.730924133,ROBBERY,16,11
41.962004259,-87.654752754,ROBBERY,17,11
41.824675709,-87.617013434,THEFT,19,11
41.766102387,-87.573539169,ROBBERY,19,11
41.902259861,-87.755044059,ROBBERY,19,11
41.767681754,-87.667537579,ROBBERY,22,11
41.891520472,-87.647624933,ROBBERY,13,11
41.885577616,-87.65243323,ROBBERY,16,11
41.76515315,-87.647751548,ROBBERY,16,11
41.893817529,-87.77366461,ROBBERY,15,11
41.877324023,-87.706612089,THEFT,12,11
41.80223336,-87.667235027,ROBBERY,19,11
41.808662657,-87.660547675,ROBBERY,16,11
41.919659067,-87.753560545,ROBBERY,18,11
41.868165405,-87.62743954,THEFT,12,11
41.746545819,-87.6439223,ROBBERY,17,11
41.841907586,-87.65741774,ROBBERY,14,11
41.896143502,-87.662789083,ROBBERY,16,11
42.018527314,-87.690183466,ROBBERY,17,11
41.90316534,-87.629210442,THEFT,2,11
41.885741029,-87.631711749,THEFT,16,11
41.757946916,-87.589563944,ROBBERY,20,8
41.988455895,-87.66509486,ROBBERY,3,8
41.875229772,-87.686253982,ROBBERY,14,11
41.925230739,-87.662513983,ROBBERY,5,11
42.019383301,-87.67275327,THEFT,5,11
41.855300236,-87.712971861,ROBBERY,5,11
41.930286342,-87.64364886,ROBBERY,5,11
41.908232739,-87.678635842,ROBBERY,1,11
41.942351064,-87.649344776,THEFT,3,11
41.834915064,-87.65228429,ROBBERY,1,11
41.87046297,-87.720260149,ROBBERY,4,11
41.701624563,-87.629066243,ROBBERY,15,11
41.777967289,-87.615568353,ROBBERY,23,11
41.892582275,-87.743440801,ROBBERY,4,11
41.877788135,-87.627667799,ROBBERY,20,11
41.910849851,-87.6945573,ROBBERY,20,11
41.884231489,-87.696669693,THEFT,14,11
41.915720462,-87.732616867,ROBBERY,18,11
41.927278073,-87.748890713,ROBBERY,20,11
41.778848012,-87.61729636,ROBBERY,0,11
41.748495383,-87.666427608,ROBBERY,21,11
41.780509717,-87.642627358,ROBBERY,20,11
41.886345263,-87.774857276,ROBBERY,19,11
41.884276844,-87.622098929,THEFT,16,11
41.897837503,-87.624097243,ROBBERY,16,11
41.763027016,-87.586243072,ROBBERY,19,11
41.740817526,-87.676557804,ROBBERY,12,11
41.876587174,-87.628727499,ROBBERY,19,11
41.774968131,-87.662864953,ROBBERY,17,11
41.839925637,-87.661526745,ROBBERY,15,11
41.868541914,-87.639235361,ROBBERY,18,11
41.871694922,-87.662299336,ROBBERY,19,11
41.862327423,-87.648124161,ROBBERY,18,11
41.764151886,-87.683229302,ROBBERY,11,11
41.918106256,-87.677634735,ROBBERY,5,11
41.87766908,-87.629284766,THEFT,13,11
41.753848671,-87.641681875,ROBBERY,17,5
41.854232827,-87.662228624,ROBBERY,18,11
41.881883933,-87.640060441,THEFT,15,11
41.857818342,-87.664841467,ROBBERY,17,11
41.893962515,-87.636176148,THEFT,11,11
41.885481891,-87.627935689,THEFT,18,11
41.777618129,-87.666939872,ROBBERY,13,11
41.877096,-87.724937209,THEFT,17,11
41.913014556,-87.715021827,ROBBERY,13,11
41.721213371,-87.625020864,THEFT,13,11
41.885741029,-87.631711749,THEFT,12,11
41.89940559,-87.733592597,ROBBERY,7,11
41.984251606,-87.656631451,ROBBERY,10,11
41.852259501,-87.670225243,THEFT,10,11
41.976290414,-87.905227221,THEFT,9,11
41.947075231,-87.743589344,ROBBERY,16,11
41.932877285,-87.714513965,ROBBERY,13,11
41.868410108,-87.722805705,ROBBERY,13,11
41.846952183,-87.722183972,ROBBERY,13,11
41.743976399,-87.663279084,ROBBERY,3,11
41.891404732,-87.628061509,THEFT,3,11
41.783353826,-87.594707892,ROBBERY,0,11
41.942351064,-87.649344776,THEFT,1,11
41.856844191,-87.662028798,ROBBERY,0,11
41.894184379,-87.770117054,THEFT,8,11
41.880650875,-87.73191358,ROBBERY,19,11
41.768532606,-87.665666595,ROBBERY,12,11
41.751872407,-87.621403936,ROBBERY,22,10
41.961884693,-87.64710264,ROBBERY,17,11
41.902319997,-87.749033883,ROBBERY,21,11
41.767805108,-87.683328051,ROBBERY,19,11
41.897895128,-87.624096605,THEFT,12,11
41.748955602,-87.707250241,ROBBERY,15,11
41.902899152,-87.72630861,ROBBERY,19,11
42.019504078,-87.666116797,ROBBERY,22,11
41.894195047,-87.775112112,ROBBERY,6,11
41.855178711,-87.659733696,ROBBERY,11,11
41.884324883,-87.629450399,THEFT,14,11
41.859303418,-87.668698799,ROBBERY,23,11
41.779222934,-87.640851999,ROBBERY,22,11
41.772077591,-87.638710977,ROBBERY,22,11
41.779806409,-87.641131698,ROBBERY,22,11
41.700033413,-87.611902332,ROBBERY,1,11
41.975700253,-87.712900687,ROBBERY,19,11
41.861884451,-87.731157023,ROBBERY,20,11
41.877491733,-87.725561359,ROBBERY,16,11
41.982161273,-87.668500261,THEFT,17,11
41.904938791,-87.635164084,ROBBERY,19,11
41.797571618,-87.640460131,ROBBERY,18,11
41.766436082,-87.638383281,ROBBERY,16,11
41.890888996,-87.672855844,ROBBERY,12,11
41.771257308,-87.680884719,ROBBERY,18,11
41.903228337,-87.696888752,ROBBERY,19,11
41.8744151,-87.627609439,THEFT,11,11
41.961835257,-87.704596995,ROBBERY,11,11
41.911735678,-87.724252004,ROBBERY,13,11
41.865150213,-87.694601228,ROBBERY,6,11
41.755627244,-87.645382738,ROBBERY,7,11
41.802456277,-87.651439805,ROBBERY,6,11
41.890342445,-87.628018104,THEFT,3,11
41.779975054,-87.630937377,THEFT,6,11
41.790588412,-87.623986286,ROBBERY,17,11
41.873809306,-87.694283701,ROBBERY,0,11
41.950515882,-87.760820766,ROBBERY,5,11
41.91893023,-87.781638975,ROBBERY,2,11
41.788245343,-87.622299703,ROBBERY,1,11
41.862454219,-87.660285094,ROBBERY,2,10
41.783973137,-87.703279754,ROBBERY,20,11
41.845366002,-87.709929899,ROBBERY,1,10
41.80396731,-87.743458435,ROBBERY,23,10
41.84528672,-87.622127226,ROBBERY,19,9
41.896799664,-87.772364023,ROBBERY,0,8
41.845603793,-87.625922282,ROBBERY,21,8
41.868165405,-87.62743954,ROBBERY,9,6
41.754311332,-87.641039214,ROBBERY,20,5
41.89628752,-87.729809174,ROBBERY,22,3
41.781633427,-87.701993729,THEFT,13,11
41.885741529,-87.631344503,THEFT,12,11
41.881929072,-87.660569156,THEFT,12,11
41.783607627,-87.694736531,ROBBERY,23,11
41.705208977,-87.634062539,ROBBERY,19,11
41.875534449,-87.749237534,ROBBERY,20,11
41.878304046,-87.62277104,ROBBERY,22,11
41.780509717,-87.642627358,ROBBERY,21,11
41.90352381,-87.66674162,THEFT,8,11
41.894945606,-87.754874977,ROBBERY,5,11
41.794533814,-87.631438536,THEFT,14,11
41.973376037,-87.778889343,ROBBERY,23,11
41.781629386,-87.614445908,ROBBERY,5,11
41.774319025,-87.605795029,ROBBERY,19,11
41.773908018,-87.644633853,ROBBERY,17,11
41.827373751,-87.682568055,ROBBERY,12,11
41.896442307,-87.655722728,THEFT,17,11
41.915436542,-87.749395568,ROBBERY,19,11
41.880420235,-87.666772486,THEFT,6,11
41.86618435,-87.724324771,ROBBERY,15,11
41.872880553,-87.725403103,ROBBERY,15,11
41.892587457,-87.7162289,ROBBERY,13,11
41.756319196,-87.675915998,ROBBERY,15,11
41.760330483,-87.680573913,ROBBERY,13,11
41.899003431,-87.629836526,ROBBERY,0,11
41.921293084,-87.730348904,THEFT,14,11
41.866810739,-87.625817031,THEFT,10,11
41.735857166,-87.624152861,ROBBERY,11,11
41.93991842,-87.653288878,THEFT,9,11
41.885503844,-87.627935448,THEFT,17,11
41.868165405,-87.62743954,ROBBERY,14,11
41.890587337,-87.723501724,ROBBERY,2,11
41.820776055,-87.628539914,ROBBERY,23,11
41.752814694,-87.573567629,ROBBERY,21,11
41.916503236,-87.639281723,ROBBERY,19,11
41.898888968,-87.671039679,ROBBERY,20,11
41.834210358,-87.626488094,ROBBERY,16,11
41.751134091,-87.703644964,ROBBERY,9,11
41.866359276,-87.709872843,ROBBERY,18,11
41.767209696,-87.581253266,ROBBERY,21,10
41.996475813,-87.692285401,ROBBERY,15,11
41.709107616,-87.615642677,ROBBERY,9,11
41.883218909,-87.628548144,ROBBERY,16,10
41.902664731,-87.726608375,ROBBERY,5,10
41.90316534,-87.629210442,ROBBERY,4,10
41.982161273,-87.668500261,ROBBERY,11,10
41.904499908,-87.632942733,ROBBERY,23,8
41.884283566,-87.761320632,ROBBERY,14,9
41.892753031,-87.624193896,ROBBERY,16,9
41.90844653,-87.746079452,ROBBERY,10,8
41.924525274,-87.753696548,ROBBERY,9,6
41.767494364,-87.582818841,ROBBERY,20,11
41.880908857,-87.711817204,ROBBERY,21,11
41.881546939,-87.626197968,THEFT,15,11
41.874288556,-87.725441164,ROBBERY,1,11
41.72165754,-87.628972081,ROBBERY,20,11
41.884476226,-87.631310613,THEFT,13,11
41.880042178,-87.647310685,ROBBERY,15,11
41.815949114,-87.609164892,ROBBERY,15,11
41.883376682,-87.627874384,THEFT,14,11
41.875370659,-87.669112502,ROBBERY,13,11
41.883216931,-87.628673023,THEFT,13,11
41.776097409,-87.637256135,ROBBERY,2,11
41.771185261,-87.720117633,ROBBERY,13,11
41.762091144,-87.70397036,ROBBERY,13,11
41.949572359,-87.649557991,THEFT,12,11
41.875229772,-87.686253982,ROBBERY,12,11
42.003531719,-87.661673693,ROBBERY,9,11
41.755312348,-87.660328169,ROBBERY,10,11
41.985516503,-87.65613622,ROBBERY,5,11
41.881383738,-87.725686053,ROBBERY,0,11
41.752697439,-87.70247893,ROBBERY,16,11
41.677830552,-87.620503762,THEFT,22,11
41.771552614,-87.66400029,ROBBERY,21,11
41.891404732,-87.628061509,THEFT,17,11
41.750396912,-87.653735437,ROBBERY,4,11
41.751098403,-87.616091309,ROBBERY,17,11
41.851538253,-87.725362983,ROBBERY,16,11
41.985277024,-87.713826554,ROBBERY,18,11
41.742169232,-87.698305845,ROBBERY,16,11
41.683386421,-87.545068687,ROBBERY,15,11
41.764530483,-87.693474202,ROBBERY,1,11
41.794299198,-87.646194185,ROBBERY,22,11
41.854805249,-87.684477752,ROBBERY,13,11
41.820006933,-87.616889375,ROBBERY,17,11
41.894945698,-87.754893341,ROBBERY,21,11
41.928107015,-87.748927245,ROBBERY,7,11
41.896542094,-87.735984826,ROBBERY,4,11
41.900027761,-87.736077231,ROBBERY,5,11
41.942466965,-87.747737539,ROBBERY,5,11
41.917052987,-87.735547416,ROBBERY,5,11
41.922010159,-87.738929454,ROBBERY,5,11
41.767374314,-87.688207722,ROBBERY,21,10
41.953850303,-87.713303814,ROBBERY,21,9
41.931908164,-87.717500134,ROBBERY,1,11
41.785519673,-87.738567526,THEFT,14,11
41.885888079,-87.627942238,THEFT,10,11
41.793315811,-87.592613279,ROBBERY,13,11
41.875876362,-87.74525413,ROBBERY,9,11
41.930966067,-87.787305049,ROBBERY,3,11
41.792634413,-87.710884842,ROBBERY,16,10
41.875809977,-87.75053486,ROBBERY,0,11
41.905842379,-87.683443248,ROBBERY,14,8
41.834707234,-87.622956246,ROBBERY,8,11
41.962521752,-87.649930631,ROBBERY,18,8
41.949652123,-87.648667528,ROBBERY,22,6
41.877235445,-87.714059628,ROBBERY,4,11
41.875660595,-87.686249636,ROBBERY,22,11
41.89253477,-87.658562706,ROBBERY,19,11
41.882934694,-87.758831854,ROBBERY,21,11
41.937588826,-87.833926104,ROBBERY,2,11
41.874060099,-87.705924314,ROBBERY,16,11
41.764228613,-87.652878392,ROBBERY,17,11
41.885741029,-87.631711749,ROBBERY,14,11
41.888061242,-87.757794334,ROBBERY,19,11
41.87766908,-87.629284766,THEFT,18,11
41.94534136,-87.702880729,ROBBERY,16,11
41.910116718,-87.677444645,THEFT,16,11
41.765619476,-87.578130465,ROBBERY,2,11
41.879532244,-87.625684061,THEFT,15,11
41.904370109,-87.631460067,ROBBERY,3,11
42.018498254,-87.672983233,THEFT,13,11
41.866401642,-87.772934561,THEFT,1,11
41.879937206,-87.627721268,ROBBERY,14,11
41.910554071,-87.731236186,ROBBERY,15,11
41.890824988,-87.630183362,THEFT,3,11
41.880239378,-87.765359297,THEFT,14,10
41.946746491,-87.656153369,ROBBERY,1,11
41.929070591,-87.710875856,ROBBERY,23,10
41.868654042,-87.632394269,ROBBERY,20,10
41.692317596,-87.645676967,ROBBERY,16,10
41.978435656,-87.708747712,ROBBERY,23,10
42.014950962,-87.668865392,ROBBERY,13,10
41.797440395,-87.592602458,ROBBERY,20,10
41.85437045,-87.695530713,ROBBERY,19,9
41.938998037,-87.644363598,THEFT,18,11
41.873182637,-87.74386889,ROBBERY,22,11
41.992356929,-87.681107192,ROBBERY,20,11
41.990427791,-87.748331787,ROBBERY,20,11
41.925398601,-87.652337017,THEFT,18,11
41.92938643,-87.707892425,THEFT,3,11
41.777534954,-87.672971686,ROBBERY,23,11
42.015138499,-87.682438407,ROBBERY,18,11
41.742870426,-87.678508257,ROBBERY,23,11
41.830954079,-87.630703226,ROBBERY,21,11
41.941135851,-87.827370558,ROBBERY,15,11
41.975252543,-87.656954734,ROBBERY,18,11
41.783292439,-87.651356903,THEFT,14,11
41.67748636,-87.664130289,ROBBERY,18,11
41.857160219,-87.666815857,ROBBERY,11,11
41.885741029,-87.631711749,THEFT,17,11
41.898458275,-87.619318967,ROBBERY,1,11
41.764728045,-87.561272312,ROBBERY,1,11
41.891412551,-87.647934597,THEFT,15,11
41.918431595,-87.690032129,THEFT,15,11
41.883475491,-87.627876969,ROBBERY,15,11
41.886447384,-87.630991565,THEFT,14,11
41.89193719,-87.628074015,ROBBERY,1,11
41.877018518,-87.731062705,ROBBERY,7,11
41.776332968,-87.690882238,ROBBERY,3,11
41.882737809,-87.750258918,ROBBERY,8,11
41.883793793,-87.749070506,ROBBERY,8,11
41.969786342,-87.753286399,ROBBERY,6,11
41.943108594,-87.649366085,THEFT,1,11
41.940251326,-87.649275328,ROBBERY,1,11
41.904505139,-87.640590874,ROBBERY,18,11
41.925398601,-87.652337017,THEFT,15,11
41.939300241,-87.711739358,ROBBERY,14,11
41.885452373,-87.712147755,ROBBERY,13,11
41.757118094,-87.651483816,ROBBERY,15,11
41.879629586,-87.686393198,ROBBERY,12,11
41.882860968,-87.699936913,ROBBERY,11,11
41.969046206,-87.658064717,THEFT,0,11
41.864984883,-87.726355331,ROBBERY,13,11
41.873833455,-87.745023179,ROBBERY,12,11
41.840622816,-87.654084374,ROBBERY,11,11
41.743428278,-87.572186934,ROBBERY,8,11
41.766655655,-87.638388243,ROBBERY,9,11
41.872784897,-87.764584482,ROBBERY,9,11
41.881817313,-87.666816721,THEFT,16,11
41.778923367,-87.70624024,ROBBERY,21,11
41.890317598,-87.725939277,THEFT,22,11
41.737473519,-87.604844389,ROBBERY,18,11
41.779153403,-87.65449147,THEFT,22,11
41.874167643,-87.686235321,ROBBERY,19,11
41.754350364,-87.612577107,ROBBERY,18,11
41.751317093,-87.602456059,ROBBERY,6,11
41.765958707,-87.66382384,ROBBERY,21,11
41.879746478,-87.726924366,ROBBERY,4,11
41.758856155,-87.559774011,ROBBERY,1,11
41.906370606,-87.628763779,ROBBERY,4,11
41.903327101,-87.631427409,ROBBERY,4,11
41.939905846,-87.654410045,THEFT,6,10
41.756581491,-87.562685706,ROBBERY,7,10
41.883099003,-87.65002851,ROBBERY,5,10
41.669593166,-87.640432374,ROBBERY,7,10
41.89174515,-87.721389892,ROBBERY,16,8
41.895701171,-87.691024272,ROBBERY,17,11
41.902370457,-87.76565911,THEFT,17,11
41.79632862,-87.699414433,ROBBERY,22,11
41.880966228,-87.706719713,ROBBERY,20,11
41.893179585,-87.634686145,ROBBERY,3,11
41.779053457,-87.661766501,ROBBERY,2,11
41.889203826,-87.631640804,THEFT,15,11
41.6796504,-87.620560552,ROBBERY,5,11
41.91341119,-87.761920347,ROBBERY,2,11
41.875229772,-87.686253982,THEFT,2,11
41.795413511,-87.663407359,ROBBERY,2,11
41.831101673,-87.617716013,ROBBERY,23,11
41.765162688,-87.624896894,ROBBERY,14,11
41.885741029,-87.631711749,THEFT,15,11
41.776654218,-87.688463016,ROBBERY,23,11
41.911993311,-87.764310023,ROBBERY,21,11
41.97081791,-87.671074667,ROBBERY,17,11
41.830109681,-87.610058377,ROBBERY,22,11
41.925076902,-87.673855622,THEFT,16,11
41.906725537,-87.716695235,ROBBERY,18,11
41.799028507,-87.589078086,ROBBERY,20,11
41.962214694,-87.667729631,ROBBERY,16,11
41.867428687,-87.626342565,THEFT,14,11
41.747393001,-87.585438607,ROBBERY,14,11
41.879845704,-87.629356347,ROBBERY,7,11
41.880717301,-87.72628358,ROBBERY,13,11
41.866629131,-87.730084529,ROBBERY,11,11
41.745354023,-87.603798903,ROBBERY,9,11
41.966464417,-87.658150815,ROBBERY,10,11
41.884414928,-87.74817614,ROBBERY,7,11
41.866111947,-87.72932209,ROBBERY,1,11
41.737283017,-87.622627631,ROBBERY,6,11
41.984109031,-87.660855375,ROBBERY,1,11
41.885728393,-87.63413935,ROBBERY,10,10
41.8744162,-87.638591667,ROBBERY,18,10
41.736345248,-87.623198545,ROBBERY,13,7
41.752190867,-87.662468031,ROBBERY,11,7
41.873458738,-87.723172564,ROBBERY,18,11
41.889522701,-87.617060659,THEFT,17,11
41.78337588,-87.645559181,ROBBERY,15,11
41.757746672,-87.62474756,ROBBERY,12,11
41.872062856,-87.745450639,ROBBERY,17,11
41.865397377,-87.640660777,ROBBERY,13,11
41.997615796,-87.69643473,ROBBERY,14,11
41.937992937,-87.807051947,THEFT,10,11
41.873403192,-87.710777396,ROBBERY,16,11
41.738642597,-87.64124783,ROBBERY,12,11
41.76393165,-87.702801419,ROBBERY,14,11
41.853571798,-87.619058616,ROBBERY,12,11
41.831050285,-87.622699469,ROBBERY,6,11
41.886028822,-87.755274922,ROBBERY,17,11
41.900254028,-87.69056357,ROBBERY,23,11
41.923592987,-87.651426549,ROBBERY,23,11
41.909152038,-87.652675042,ROBBERY,2,11
41.705362046,-87.606975803,ROBBERY,20,11
41.937003452,-87.656436547,ROBBERY,22,11
41.888165132,-87.622937212,THEFT,22,11
41.880129791,-87.772094898,ROBBERY,21,11
41.88609959,-87.766721284,ROBBERY,20,11
41.918646522,-87.64613311,ROBBERY,16,11
41.958902502,-87.786783523,ROBBERY,15,11
41.918205415,-87.74615533,ROBBERY,17,11
41.780725757,-87.640678174,ROBBERY,16,11
41.878456541,-87.756187731,THEFT,14,11
41.841471897,-87.629204627,ROBBERY,16,11
41.830510293,-87.623244822,ROBBERY,10,11
41.92448075,-87.72700804,ROBBERY,15,11
41.876044101,-87.736278556,ROBBERY,7,11
41.90352381,-87.66674162,THEFT,18,11
41.925398601,-87.652337017,THEFT,8,11
41.78021834,-87.703169855,ROBBERY,7,11
41.935283947,-87.709944405,ROBBERY,6,11
41.775248278,-87.647101465,ROBBERY,0,11
41.93991842,-87.653288878,ROBBERY,2,11
41.936077488,-87.748093695,ROBBERY,2,11
41.916875814,-87.75507379,ROBBERY,0,11
41.830619057,-87.626641352,ROBBERY,0,11
41.890666356,-87.628032904,ROBBERY,3,9
41.816668232,-87.614864913,THEFT,19,11
41.797218365,-87.664668469,ROBBERY,15,11
41.896907719,-87.626851299,ROBBERY,0,10
41.65685141,-87.607565057,ROBBERY,3,10
41.789969105,-87.662041276,THEFT,20,10
41.764467778,-87.649250698,ROBBERY,15,10
41.882096173,-87.685332755,ROBBERY,20,10
41.94414593,-87.704072427,ROBBERY,13,10
41.760742905,-87.704328071,ROBBERY,20,10
41.698074416,-87.657106103,ROBBERY,9,10
41.80062644,-87.590467932,ROBBERY,21,10
41.77948038,-87.66391419,ROBBERY,8,11
41.749899475,-87.663426378,ROBBERY,7,11
41.980781089,-87.699081408,ROBBERY,8,10
41.701250956,-87.607395583,ROBBERY,14,10
41.909394597,-87.764325755,ROBBERY,18,10
41.756426626,-87.71913298,ROBBERY,14,10
41.773184708,-87.693241558,ROBBERY,15,10
41.771146186,-87.722570475,ROBBERY,0,10
41.766477148,-87.578769217,ROBBERY,12,10
41.893179585,-87.634686145,THEFT,4,10
41.895892036,-87.753176856,ROBBERY,4,9
41.896888586,-87.628203192,THEFT,20,9
41.939100165,-87.638088468,ROBBERY,21,7
41.855772656,-87.630171016,ROBBERY,8,10
41.880486258,-87.725665179,ROBBERY,9,10
41.735168068,-87.703214727,ROBBERY,11,10
41.889056178,-87.657350631,ROBBERY,10,10
41.884735389,-87.754008599,ROBBERY,6,10
41.896888586,-87.628203192,THEFT,8,10
41.823925963,-87.609482256,ROBBERY,6,10
41.811277012,-87.596866854,ROBBERY,2,10
41.819748921,-87.616881245,ROBBERY,0,10
41.893578417,-87.625426193,ROBBERY,0,10
41.885481891,-87.627935689,THEFT,16,10
41.799492391,-87.593341663,ROBBERY,19,10
41.794511404,-87.606215806,ROBBERY,23,10
41.79653075,-87.594960011,ROBBERY,22,10
41.872593634,-87.720985136,ROBBERY,23,10
41.88113937,-87.769790965,ROBBERY,23,10
41.940536772,-87.649283303,ROBBERY,1,10
41.723048035,-87.62748798,ROBBERY,16,10
41.802372665,-87.596139943,ROBBERY,21,10
41.678789423,-87.656546624,ROBBERY,20,10
41.785852138,-87.607351335,ROBBERY,10,10
41.858500235,-87.734727482,ROBBERY,20,10
41.918318778,-87.647312396,ROBBERY,20,10
41.788785842,-87.590193962,ROBBERY,20,10
41.883448736,-87.755176994,ROBBERY,20,10
41.890013524,-87.631664996,THEFT,23,10
41.9646299,-87.656982534,THEFT,12,10
41.910723346,-87.677471499,THEFT,13,10
41.909588641,-87.748868409,ROBBERY,20,10
41.676138805,-87.628311906,ROBBERY,19,10
41.892806616,-87.659525795,ROBBERY,20,10
41.889244943,-87.628496599,THEFT,23,10
41.925398449,-87.652311296,ROBBERY,14,10
41.692378887,-87.621046145,ROBBERY,22,10
41.745805173,-87.60440209,ROBBERY,3,10
41.744519404,-87.555629532,ROBBERY,2,10
41.764981554,-87.624895221,ROBBERY,19,10
41.807498147,-87.703958952,ROBBERY,13,10
42.001064985,-87.661254473,ROBBERY,15,10
41.893432134,-87.661370339,ROBBERY,16,9
41.918334244,-87.726595918,ROBBERY,8,5
41.925270176,-87.65987515,THEFT,23,10
41.980781089,-87.699081408,ROBBERY,16,10
41.755554244,-87.653867946,ROBBERY,21,10
41.754787799,-87.576054836,ROBBERY,0,10
41.752310296,-87.654301622,THEFT,16,10
41.904370109,-87.631460067,THEFT,2,10
41.880743528,-87.724498676,ROBBERY,13,10
41.905732444,-87.638424902,ROBBERY,21,10
41.853375544,-87.733453865,ROBBERY,20,10
41.873774403,-87.629187985,ROBBERY,19,10
41.95177929,-87.65567366,ROBBERY,19,10
41.863032885,-87.650921359,ROBBERY,17,10
41.884512384,-87.619812122,THEFT,16,10
41.901367155,-87.718950781,ROBBERY,6,10
41.998567242,-87.692349025,ROBBERY,15,10
41.799647045,-87.723345153,ROBBERY,18,10
41.878513549,-87.723153858,ROBBERY,17,10
41.908370832,-87.752237295,ROBBERY,11,10
41.910116718,-87.677444645,ROBBERY,5,10
41.885653667,-87.754345511,ROBBERY,6,10
41.722220784,-87.625061083,ROBBERY,4,10
41.902299678,-87.67479167,ROBBERY,6,10
41.748595843,-87.659189012,ROBBERY,5,10
41.910121292,-87.638560993,ROBBERY,15,10
41.851757681,-87.705951446,ROBBERY,14,10
41.851877206,-87.697247573,ROBBERY,18,10
41.844443504,-87.71035724,ROBBERY,15,10
41.844508425,-87.705647926,ROBBERY,19,10
41.802685798,-87.664809681,ROBBERY,19,10
41.993508903,-87.677151967,ROBBERY,18,9
41.997301916,-87.662997364,ROBBERY,2,9
41.983159649,-87.691065488,ROBBERY,18,8
41.953657108,-87.726970547,THEFT,22,5
41.711714647,-87.642954141,ROBBERY,12,10
41.895505083,-87.71174182,ROBBERY,13,10
41.877788135,-87.627667799,ROBBERY,23,10
41.880775433,-87.627029031,THEFT,19,10
41.938912885,-87.667608137,ROBBERY,13,10
41.736262388,-87.62711981,ROBBERY,21,10
41.894848727,-87.765707358,THEFT,18,10
41.793926745,-87.673474547,ROBBERY,22,10
41.902118106,-87.767351091,ROBBERY,21,10
41.658635903,-87.617297524,ROBBERY,15,10
41.884389103,-87.706866213,THEFT,11,10
41.882381731,-87.629412971,THEFT,19,10
41.744449336,-87.552581647,ROBBERY,20,10
41.981794249,-87.704669165,ROBBERY,18,10
41.946124813,-87.712698639,THEFT,15,10
41.984280445,-87.670986659,ROBBERY,16,10
41.865662714,-87.704424107,ROBBERY,8,10
41.741778113,-87.575797328,ROBBERY,12,10
41.891924971,-87.629660784,THEFT,13,10
41.960778173,-87.742731337,THEFT,17,10
41.826142757,-87.606349642,ROBBERY,22,10
41.736854174,-87.555571797,ROBBERY,22,10
41.891662431,-87.628466349,THEFT,23,10
41.876889273,-87.630108488,ROBBERY,23,10
41.780554403,-87.688559598,ROBBERY,3,10
41.790752055,-87.625601621,ROBBERY,17,10
41.94039496,-87.707656215,ROBBERY,10,10
41.911269954,-87.689685222,ROBBERY,6,9
41.707724006,-87.534077677,ROBBERY,17,9
41.970085816,-87.726285236,ROBBERY,8,8
41.834263931,-87.621830953,THEFT,4,10
41.808909467,-87.74930762,ROBBERY,1,10
41.890824988,-87.630183362,THEFT,3,10
41.885368668,-87.664980338,ROBBERY,18,10
41.759707381,-87.61391361,ROBBERY,8,10
41.879505465,-87.626683155,ROBBERY,17,10
41.966064928,-87.73716329,ROBBERY,14,10
41.896943556,-87.624206307,ROBBERY,23,10
41.779070432,-87.696556048,ROBBERY,22,10
41.885741029,-87.631711749,THEFT,13,10
41.885739108,-87.745773311,ROBBERY,21,10
41.750825986,-87.600321441,ROBBERY,22,10
41.87190846,-87.701891882,ROBBERY,22,10
41.769324352,-87.571492316,ROBBERY,21,10
41.882381731,-87.629412971,THEFT,22,10
41.866832248,-87.639235498,ROBBERY,19,10
41.873807522,-87.69445629,ROBBERY,5,10
41.759402215,-87.644268517,ROBBERY,19,10
41.741974132,-87.568517922,ROBBERY,18,10
41.933013785,-87.713873173,ROBBERY,14,10
41.901073698,-87.63136393,THEFT,18,10
41.99451901,-87.663416506,ROBBERY,1,10
41.87766908,-87.629284766,THEFT,14,10
41.881042836,-87.699675786,ROBBERY,14,10
41.935522153,-87.717983581,ROBBERY,14,10
41.885879253,-87.630979425,THEFT,14,10
41.903931469,-87.629290187,THEFT,4,10
41.80552286,-87.590565419,ROBBERY,14,10
41.868922509,-87.657962977,ROBBERY,14,10
41.886491131,-87.743651082,ROBBERY,11,10
41.794172544,-87.70357593,ROBBERY,13,10
41.741950206,-87.721671014,ROBBERY,13,10
41.883209435,-87.764962093,ROBBERY,10,10
41.816016056,-87.616776114,ROBBERY,10,10
41.924943337,-87.72678318,ROBBERY,3,10
41.721623049,-87.624701342,ROBBERY,5,10
41.744595581,-87.652367519,ROBBERY,7,10
41.791909085,-87.653601485,ROBBERY,22,10
41.939680604,-87.669864264,THEFT,19,10
41.878612938,-87.713528576,ROBBERY,20,10
41.884389103,-87.706866213,ROBBERY,17,10
41.873461764,-87.705908135,ROBBERY,9,10
41.779975054,-87.630937377,THEFT,2,10
41.881663579,-87.62776103,ROBBERY,18,10
41.884856029,-87.749112241,ROBBERY,19,10
41.779975054,-87.630937377,THEFT,23,10
41.734533187,-87.590515599,ROBBERY,21,10
41.941185738,-87.640807804,ROBBERY,13,10
41.884389103,-87.706866213,THEFT,12,10
41.780509717,-87.642627358,ROBBERY,18,10
41.750560005,-87.682860733,ROBBERY,18,10
41.924230143,-87.746915859,ROBBERY,17,10
41.87828717,-87.714185338,ROBBERY,14,10
41.929743818,-87.684273777,ROBBERY,18,10
41.890013771,-87.631705393,ROBBERY,1,10
41.874396929,-87.640398383,ROBBERY,18,10
41.880518571,-87.743441605,ROBBERY,13,10
41.802111489,-87.606401292,THEFT,11,10
41.940794777,-87.649291573,ROBBERY,3,10
41.964684997,-87.65701872,THEFT,2,10
41.894077014,-87.677987085,ROBBERY,0,10
41.885741029,-87.631711749,THEFT,14,10
41.865287459,-87.694607204,ROBBERY,17,10
41.885573978,-87.652745422,ROBBERY,19,10
41.882096318,-87.685358459,ROBBERY,3,10
41.876115823,-87.676525621,ROBBERY,8,9
41.940949316,-87.669542364,ROBBERY,12,6
41.758772251,-87.585229528,ROBBERY,15,10
41.880600004,-87.736364671,ROBBERY,2,10
41.794530106,-87.632179351,ROBBERY,6,10
41.768218167,-87.640827399,THEFT,0,10
41.869353897,-87.74537633,ROBBERY,1,10
41.803859622,-87.62041793,ROBBERY,5,10
41.958421302,-87.655382698,ROBBERY,4,10
41.902952822,-87.718344161,ROBBERY,0,10
41.972364558,-87.656304974,THEFT,5,10
41.909097844,-87.789159336,ROBBERY,18,10
41.773408113,-87.579853771,ROBBERY,11,10
41.805263702,-87.618051298,ROBBERY,4,10
41.753274445,-87.652598299,ROBBERY,13,10
41.868658333,-87.774247586,ROBBERY,23,10
41.739872064,-87.566058619,ROBBERY,23,10
42.010197673,-87.674515162,ROBBERY,22,10
41.699555312,-87.613559145,ROBBERY,0,10
41.914836524,-87.713457452,ROBBERY,2,9
41.953600051,-87.732298063,ROBBERY,9,10
41.882600793,-87.639707502,ROBBERY,12,10
41.707224621,-87.619545585,THEFT,7,10
41.654646384,-87.616979447,ROBBERY,5,10
41.904370109,-87.631460067,ROBBERY,5,10
41.875250729,-87.726797963,ROBBERY,4,10
41.780351628,-87.701954973,ROBBERY,3,10
41.75710163,-87.65148399,ROBBERY,10,10
41.722768379,-87.624410361,THEFT,7,10
41.85514757,-87.627138557,THEFT,14,10
41.876314996,-87.649527968,ROBBERY,11,10
41.878645771,-87.72067032,ROBBERY,15,10
41.882381731,-87.629412971,THEFT,16,10
41.870773876,-87.720925402,ROBBERY,21,10
41.886903012,-87.660803426,ROBBERY,13,10
41.911022492,-87.677475785,ROBBERY,20,10
41.844162699,-87.695199039,ROBBERY,18,10
41.760177062,-87.673413578,ROBBERY,18,10
41.895342736,-87.654011732,ROBBERY,17,10
41.820528474,-87.68724157,ROBBERY,15,10
41.770020864,-87.6913338,ROBBERY,14,10
41.88173649,-87.751406401,ROBBERY,4,10
41.942277884,-87.684488508,ROBBERY,14,10
41.735423863,-87.656974593,ROBBERY,13,10
41.896010197,-87.63716028,THEFT,4,10
41.974885467,-87.690990494,ROBBERY,4,10
41.913152074,-87.648345006,ROBBERY,2,10
41.926637509,-87.687708092,ROBBERY,4,10
41.726582941,-87.636065444,ROBBERY,1,10
41.894140147,-87.775108917,ROBBERY,1,10
41.891133566,-87.624134682,THEFT,17,8
41.758526554,-87.60855003,THEFT,1,10
41.765558228,-87.622733535,ROBBERY,16,10
41.779038717,-87.69875982,ROBBERY,19,10
41.870364073,-87.744897116,ROBBERY,11,10
41.785519673,-87.738567526,ROBBERY,13,10
41.806685113,-87.610142188,ROBBERY,0,10
41.692378887,-87.621046145,THEFT,13,10
41.88206533,-87.627492211,THEFT,16,10
41.88072913,-87.628872947,THEFT,12,10
41.867506912,-87.620794269,THEFT,11,10
41.885191719,-87.624486846,THEFT,16,10
41.873169309,-87.623617329,ROBBERY,14,10
41.821991397,-87.623577423,ROBBERY,23,10
41.88529876,-87.624489335,THEFT,18,10
41.759668598,-87.587180003,ROBBERY,10,10
41.883087088,-87.771889077,ROBBERY,10,10
41.874109869,-87.703485785,ROBBERY,10,10
41.879630056,-87.736656448,ROBBERY,8,10
41.766398596,-87.637177705,ROBBERY,10,10
41.755642812,-87.642945357,ROBBERY,9,10
41.756264866,-87.584525645,ROBBERY,3,10
41.782595471,-87.639000785,ROBBERY,7,10
41.770608792,-87.620247348,ROBBERY,12,10
41.849759239,-87.68557113,THEFT,18,10
41.779806409,-87.641131698,THEFT,13,10
41.768178792,-87.677132909,ROBBERY,18,10
41.883500187,-87.627876698,THEFT,17,10
41.879424897,-87.630099048,THEFT,18,10
41.885741029,-87.631711749,THEFT,14,10
41.919005793,-87.707027454,ROBBERY,2,10
41.931096016,-87.778917538,ROBBERY,22,10
41.91504769,-87.785192203,ROBBERY,1,10
41.808543299,-87.743170702,ROBBERY,20,9
41.902582485,-87.731840051,ROBBERY,21,3
41.807887928,-87.722790148,ROBBERY,12,10
41.882381731,-87.629412971,THEFT,13,10
41.966053999,-87.657890403,ROBBERY,12,10
41.894945957,-87.75494476,ROBBERY,2,10
41.878854041,-87.72681897,ROBBERY,7,10
41.751476233,-87.56501525,THEFT,7,10
41.899937434,-87.722556906,ROBBERY,3,10
41.94544479,-87.648591244,ROBBERY,4,10
41.737640622,-87.661073291,ROBBERY,2,10
41.860498708,-87.62399607,ROBBERY,1,10
41.867608045,-87.698376638,ROBBERY,23,10
41.895361374,-87.726431415,ROBBERY,22,10
41.726572419,-87.575459455,ROBBERY,20,10
41.778535249,-87.733253611,ROBBERY,21,10
41.867428687,-87.626342565,ROBBERY,21,10
41.793531516,-87.675858578,ROBBERY,21,10
41.77935338,-87.615604225,ROBBERY,17,10
41.970433391,-87.763029002,ROBBERY,12,7
41.87761328,-87.667315729,ROBBERY,7,10
41.894929671,-87.625157838,ROBBERY,19,10
41.851810313,-87.702034535,ROBBERY,15,10
41.869291069,-87.664670547,ROBBERY,4,10
41.782619329,-87.664295858,ROBBERY,22,9
41.881183104,-87.68498211,ROBBERY,7,9
41.940425566,-87.764722587,ROBBERY,20,8
41.958987803,-87.738788148,ROBBERY,23,8
41.939566852,-87.724623088,ROBBERY,8,8
41.994089709,-87.690072734,ROBBERY,17,8
41.772514707,-87.642023941,ROBBERY,4,10
41.892454503,-87.629195872,ROBBERY,11,10
41.816600579,-87.618978009,THEFT,20,10
41.801026089,-87.69186428,ROBBERY,19,10
41.885741029,-87.631711749,THEFT,16,10
41.99456734,-87.659016317,ROBBERY,10,10
41.875292483,-87.705963666,ROBBERY,14,10
41.891412551,-87.647934597,THEFT,17,10
41.878796732,-87.731574779,ROBBERY,15,10
41.925406329,-87.651789407,ROBBERY,14,10
41.779017533,-87.649627702,THEFT,16,10
41.724927226,-87.623815165,ROBBERY,14,10
41.925400604,-87.652212057,ROBBERY,15,10
41.677133516,-87.637071669,ROBBERY,13,10
41.995178522,-87.713399454,THEFT,17,10
41.76015985,-87.653980634,THEFT,18,10
41.930783858,-87.70248755,ROBBERY,20,10
41.866988841,-87.657205006,THEFT,15,10
41.771572246,-87.644570857,ROBBERY,11,10
41.762876939,-87.642970445,ROBBERY,7,10
41.942351064,-87.649344776,ROBBERY,0,10
41.88336939,-87.633860272,THEFT,1,10
41.946076436,-87.655609079,ROBBERY,1,10
41.822202746,-87.616952948,ROBBERY,15,10
42.018498254,-87.672983233,THEFT,4,10
41.855918257,-87.669864428,ROBBERY,19,10
41.854100232,-87.669160108,ROBBERY,18,10
41.857620907,-87.668650147,ROBBERY,18,10
41.90352381,-87.66674162,THEFT,8,10
41.728592358,-87.59614881,ROBBERY,14,10
41.875709834,-87.758433911,ROBBERY,20,10
41.87248616,-87.669061591,ROBBERY,20,10
41.909001842,-87.796750131,ROBBERY,15,10
41.756623356,-87.55303151,ROBBERY,6,10
41.889208012,-87.631427747,THEFT,3,10
41.868972961,-87.656743524,ROBBERY,14,10
41.97569516,-87.66836525,THEFT,11,10
41.77488746,-87.625178489,ROBBERY,16,10
41.768413526,-87.623376516,ROBBERY,16,10
41.868589474,-87.624112232,ROBBERY,19,10
41.866384831,-87.63921831,ROBBERY,16,10
41.928822325,-87.687781609,ROBBERY,16,9
41.95896985,-87.656262948,ROBBERY,20,8
41.66542444,-87.621559247,ROBBERY,6,10
41.812224211,-87.609889137,ROBBERY,4,10
41.93991842,-87.653288878,ROBBERY,2,10
41.752948343,-87.703693199,ROBBERY,12,10
41.769248838,-87.683368463,ROBBERY,12,10
41.76220193,-87.563113279,ROBBERY,18,10
41.885741529,-87.631344503,THEFT,20,10
41.948516018,-87.775450849,ROBBERY,22,10
41.877172431,-87.761714523,ROBBERY,22,10
41.871642455,-87.724283978,ROBBERY,20,10
41.887601549,-87.699669736,ROBBERY,16,10
41.812510863,-87.634921534,ROBBERY,16,10
41.85384608,-87.715063469,ROBBERY,18,10
41.898926587,-87.731731107,ROBBERY,15,10
41.779836792,-87.591477863,ROBBERY,17,10
41.882114362,-87.632361012,THEFT,16,10
41.895140898,-87.624255632,THEFT,14,10
41.721689256,-87.626539467,ROBBERY,14,10
41.914080906,-87.735005674,ROBBERY,19,10
41.925006976,-87.761100326,ROBBERY,1,10
41.765962191,-87.689398519,ROBBERY,18,9
41.951341759,-87.766323976,ROBBERY,1,9
41.700779289,-87.646289902,ROBBERY,17,8
41.944491342,-87.766708147,ROBBERY,23,10
41.878776511,-87.766433465,ROBBERY,19,10
41.746185882,-87.663333064,ROBBERY,18,10
41.704997018,-87.616146156,ROBBERY,22,10
41.940318272,-87.644408194,ROBBERY,23,10
41.882429735,-87.627844406,ROBBERY,15,10
41.866644572,-87.666379591,ROBBERY,23,10
41.692542331,-87.626627974,ROBBERY,21,10
41.871399151,-87.722909439,ROBBERY,21,10
41.912819747,-87.642800874,ROBBERY,19,10
41.772807358,-87.692009879,ROBBERY,19,10
41.728592358,-87.59614881,ROBBERY,19,10
41.88575899,-87.624359385,THEFT,18,10
41.979142181,-87.65994406,ROBBERY,12,10
41.894907524,-87.758768643,THEFT,12,10
41.903906616,-87.63105739,ROBBERY,3,10
41.748008156,-87.572961023,ROBBERY,1,10
41.992259008,-87.710415066,ROBBERY,1,10
41.78604793,-87.68748521,ROBBERY,17,10
41.855034296,-87.667439919,ROBBERY,1,10
41.808523066,-87.612648765,ROBBERY,0,10
41.920988402,-87.648606596,ROBBERY,1,10
41.804878041,-87.668517036,ROBBERY,1,10
41.924158759,-87.699399996,THEFT,0,10
41.936482302,-87.645397714,THEFT,2,10
41.852868298,-87.63091491,THEFT,19,10
41.90316534,-87.629210442,THEFT,0,10
41.764748911,-87.644401916,ROBBERY,19,10
41.719101741,-87.532867142,ROBBERY,21,10
41.776832515,-87.683577859,ROBBERY,21,10
41.777842582,-87.59930628,ROBBERY,19,10
41.890588043,-87.721055703,ROBBERY,17,10
41.898767916,-87.624116333,THEFT,14,10
41.90316534,-87.629210442,THEFT,2,10
41.860094531,-87.707925692,ROBBERY,18,10
41.849915823,-87.690484169,ROBBERY,18,10
41.769683737,-87.615363775,THEFT,18,10
41.810143029,-87.611471491,ROBBERY,16,10
41.851988885,-87.689219118,ROBBERY,12,10
41.946692998,-87.696684527,ROBBERY,10,10
41.747771478,-87.685234189,ROBBERY,7,10
41.688970863,-87.622002701,ROBBERY,6,10
41.894674537,-87.711411964,ROBBERY,4,10
41.880486692,-87.647761272,ROBBERY,9,10
41.858190673,-87.643803701,ROBBERY,23,10
41.896834771,-87.634212887,ROBBERY,10,10
41.947397673,-87.643839399,ROBBERY,0,10
41.878257848,-87.62551085,THEFT,16,10
41.757916791,-87.604129437,ROBBERY,12,10
41.852487445,-87.715021495,ROBBERY,13,10
41.924142132,-87.699370763,THEFT,0,10
41.90316534,-87.629210442,ROBBERY,6,10
41.873807522,-87.69445629,THEFT,3,10
41.947430974,-87.706620643,ROBBERY,3,10
41.839868879,-87.707341006,ROBBERY,0,10
41.992656496,-87.665908025,ROBBERY,3,10
41.90352381,-87.66674162,THEFT,9,10
41.769185486,-87.625732415,THEFT,21,10
41.90331846,-87.669190255,THEFT,0,10
41.725517831,-87.586659463,ROBBERY,0,10
41.895140898,-87.624255632,THEFT,12,10
41.90316534,-87.629210442,THEFT,2,10
41.774945985,-87.586321063,THEFT,11,10
41.939177413,-87.643159786,ROBBERY,23,10
41.885741029,-87.631711749,THEFT,19,10
41.868165405,-87.62743954,THEFT,23,10
41.902922668,-87.697193006,ROBBERY,14,10
41.882529537,-87.626223856,THEFT,14,10
41.895140898,-87.624255632,THEFT,15,10
41.910510999,-87.675849838,ROBBERY,21,10
41.860759226,-87.719222185,ROBBERY,20,10
41.723499177,-87.629900725,ROBBERY,21,10
41.728351842,-87.668746124,ROBBERY,19,10
41.885325435,-87.627930066,THEFT,18,10
41.967255606,-87.655502309,ROBBERY,18,10
41.77166383,-87.703572524,ROBBERY,15,10
41.903750913,-87.667099256,ROBBERY,15,10
41.946856632,-87.646973435,THEFT,13,10
41.750832464,-87.605224746,ROBBERY,14,10
41.881025006,-87.701420232,ROBBERY,17,10
41.905537597,-87.723950911,ROBBERY,0,10
41.771819552,-87.693511744,ROBBERY,13,10
41.879937179,-87.696253311,ROBBERY,9,10
41.873807522,-87.69445629,ROBBERY,20,10
41.895896023,-87.677913394,ROBBERY,18,10
41.871989949,-87.628627455,ROBBERY,21,9
41.736264617,-87.627929503,ROBBERY,10,9
41.897501637,-87.731075978,ROBBERY,5,7
41.779220641,-87.649632877,ROBBERY,16,10
41.873893306,-87.725426551,ROBBERY,15,10
41.876683313,-87.624283454,THEFT,14,10
41.931364955,-87.678832996,ROBBERY,13,10
41.883765812,-87.63091811,THEFT,12,10
41.891910533,-87.745698392,ROBBERY,4,10
41.754787799,-87.576054836,THEFT,12,10
41.894173733,-87.621401474,THEFT,10,10
41.903996883,-87.643230238,THEFT,12,10
41.707095328,-87.628834415,ROBBERY,0,10
41.721623049,-87.624701342,ROBBERY,9,10
41.998375714,-87.670700712,THEFT,2,10
41.867428687,-87.626342565,ROBBERY,6,10
41.956933921,-87.758487568,ROBBERY,6,10
41.946021295,-87.655565552,THEFT,2,10
41.750005014,-87.673125651,ROBBERY,4,10
41.897168546,-87.628211131,ROBBERY,23,10
41.882381731,-87.629412971,THEFT,21,10
41.912543431,-87.755770535,ROBBERY,4,10
41.738503031,-87.585680998,ROBBERY,2,10
41.854900346,-87.714131981,ROBBERY,19,10
41.885888079,-87.627942238,ROBBERY,1,10
41.81814112,-87.61167516,ROBBERY,0,10
42.002160786,-87.665635788,ROBBERY,11,9
41.882004823,-87.694991568,ROBBERY,6,8
41.823007195,-87.683463441,ROBBERY,3,7
41.903999749,-87.726338593,ROBBERY,15,10
41.890829171,-87.630418369,ROBBERY,22,10
41.879281415,-87.762547644,ROBBERY,17,10
41.880002373,-87.641134667,ROBBERY,19,10
41.835911418,-87.634047017,ROBBERY,17,10
41.853853811,-87.717012479,ROBBERY,16,10
41.852374916,-87.715018909,ROBBERY,16,10
41.847283526,-87.714873416,ROBBERY,15,10
41.885347387,-87.627929824,THEFT,12,10
41.866639503,-87.744777076,ROBBERY,1,10
41.747620598,-87.555243974,ROBBERY,1,10
41.891412551,-87.647934597,THEFT,14,10
41.88233367,-87.627841791,THEFT,13,10
41.885741029,-87.631711749,THEFT,13,10
41.819684281,-87.645820145,ROBBERY,9,10
41.88416317,-87.672433029,ROBBERY,9,10
41.756550472,-87.592600053,ROBBERY,9,10
41.77909445,-87.69494996,ROBBERY,11,10
41.878944809,-87.737870921,ROBBERY,6,10
41.877821447,-87.738744261,THEFT,6,10
41.873787154,-87.697213964,ROBBERY,4,10
41.885426371,-87.630966024,THEFT,22,10
41.72169846,-87.625359863,ROBBERY,20,10
41.907153315,-87.639680572,ROBBERY,23,10
41.828439817,-87.621704653,ROBBERY,20,10
41.895399414,-87.722736046,ROBBERY,22,10
41.885481891,-87.627935689,THEFT,18,5
41.885055833,-87.630955393,THEFT,15,9
41.779188553,-87.68286114,ROBBERY,10,10
41.78051738,-87.687342723,ROBBERY,2,10
41.866859553,-87.667012497,ROBBERY,18,10
41.870976076,-87.704012212,ROBBERY,0,10
41.937562693,-87.723940148,ROBBERY,19,10
41.90434894,-87.632937036,ROBBERY,10,9
41.891412551,-87.647934597,THEFT,17,10
41.765969246,-87.586718452,THEFT,13,10
41.880691384,-87.631223519,THEFT,20,10
41.885741029,-87.631711749,THEFT,13,10
41.65450829,-87.54714806,ROBBERY,13,10
41.950197458,-87.648999894,ROBBERY,3,10
41.831990039,-87.69486863,ROBBERY,12,10
41.809535087,-87.718783656,ROBBERY,20,10
41.911054487,-87.670146097,ROBBERY,21,10
41.893547279,-87.724329346,ROBBERY,17,10
41.885741029,-87.631711749,THEFT,14,10
41.882381731,-87.629412971,THEFT,14,10
41.867183643,-87.716682539,ROBBERY,21,10
42.010775648,-87.674332577,ROBBERY,23,10
41.873907046,-87.725430093,ROBBERY,23,10
41.685452382,-87.610527628,ROBBERY,16,10
41.844260699,-87.723853766,ROBBERY,12,10
41.768072432,-87.657834114,ROBBERY,17,10
41.910121292,-87.638560993,ROBBERY,15,10
41.896031084,-87.677056203,THEFT,17,10
41.72235203,-87.58430412,THEFT,15,10
41.939211601,-87.717698178,ROBBERY,17,10
41.866249315,-87.686028817,ROBBERY,17,10
41.913270306,-87.632916661,ROBBERY,5,10
41.884476226,-87.631310613,THEFT,12,10
41.781836278,-87.657106703,ROBBERY,8,10
41.884493832,-87.627021129,THEFT,9,10
41.853598803,-87.704395481,ROBBERY,7,10
41.918156823,-87.650066159,THEFT,5,10
41.755500772,-87.649019745,ROBBERY,3,10
41.880751096,-87.723855981,ROBBERY,0,10
41.874953495,-87.690321449,ROBBERY,1,10
41.745775308,-87.662106086,ROBBERY,0,10
41.81972301,-87.698310619,ROBBERY,20,10
41.885749789,-87.629107914,THEFT,14,10
41.752781595,-87.574788403,THEFT,13,10
41.910676312,-87.649187069,THEFT,11,10
41.875607454,-87.630963389,THEFT,15,10
41.903648466,-87.666942363,ROBBERY,22,10
41.909778047,-87.734498462,ROBBERY,23,10
41.890329168,-87.754207801,ROBBERY,0,10
41.858565761,-87.694424478,ROBBERY,20,10
41.75402749,-87.604030532,ROBBERY,18,10
41.76500206,-87.657452117,ROBBERY,18,10
41.754592961,-87.741528537,ROBBERY,19,10
41.909882217,-87.726635552,ROBBERY,15,10
41.829820933,-87.678580516,ROBBERY,12,10
41.870531003,-87.627002301,ROBBERY,16,10
41.758279022,-87.589571104,ROBBERY,9,10
41.953885576,-87.65453007,ROBBERY,2,10
41.875315733,-87.633074204,ROBBERY,23,10
41.813141685,-87.701695411,ROBBERY,21,10
41.771500688,-87.648208183,ROBBERY,19,10
41.871434621,-87.74548944,ROBBERY,23,10
41.9070744,-87.680998805,ROBBERY,22,10
41.897168546,-87.628211131,ROBBERY,20,10
41.946844482,-87.763099606,ROBBERY,18,10
41.907015211,-87.725215285,ROBBERY,13,10
41.875071613,-87.723032382,ROBBERY,19,10
41.905183635,-87.664307173,ROBBERY,16,9
41.876607964,-87.627644063,ROBBERY,5,9
41.916949436,-87.744719205,ROBBERY,21,9
41.78021834,-87.703169855,ROBBERY,6,9
41.749594037,-87.667061214,ROBBERY,14,9
41.874987809,-87.687633347,ROBBERY,14,9
41.749869687,-87.665852691,ROBBERY,17,9
41.922885269,-87.751190651,ROBBERY,15,9
41.919098203,-87.767656688,ROBBERY,14,9
41.991126087,-87.696984988,ROBBERY,21,9
41.765140839,-87.648448129,ROBBERY,7,9
41.896601766,-87.633804049,ROBBERY,11,9
41.900855777,-87.725475762,ROBBERY,18,9
41.811711026,-87.748159706,ROBBERY,21,9
41.721878286,-87.614980432,ROBBERY,11,9
41.884774252,-87.682367807,ROBBERY,5,9
41.874153389,-87.735238688,ROBBERY,0,9
41.732747085,-87.620479428,ROBBERY,21,9
41.772560844,-87.706012607,ROBBERY,13,9
41.801493071,-87.651908467,ROBBERY,1,9
41.939471603,-87.767708219,ROBBERY,2,9
41.850334671,-87.625440724,ROBBERY,7,9
41.849079661,-87.622187983,ROBBERY,5,9
41.850631098,-87.625448467,ROBBERY,22,9
41.77931212,-87.67420734,ROBBERY,14,9
41.908119143,-87.722254827,ROBBERY,19,9
41.915971151,-87.746065586,ROBBERY,17,10
41.781803054,-87.693467503,ROBBERY,14,10
41.865399465,-87.639188585,THEFT,16,10
41.910906878,-87.649195628,THEFT,9,10
41.874363641,-87.64765414,THEFT,4,10
41.887329923,-87.758072664,ROBBERY,2,10
41.85228388,-87.623789532,THEFT,23,10
41.87439642,-87.640313938,ROBBERY,23,10
41.710999922,-87.565761138,ROBBERY,19,10
41.870389849,-87.62413639,ROBBERY,19,10
41.802652116,-87.668463025,ROBBERY,20,10
41.782207371,-87.699571875,ROBBERY,19,10
41.778767526,-87.683627986,THEFT,17,10
41.889459704,-87.671981792,ROBBERY,14,10
41.883315161,-87.679136326,ROBBERY,14,10
41.904933285,-87.723324813,ROBBERY,5,10
41.903906751,-87.631079429,ROBBERY,4,9
41.910121292,-87.638560993,ROBBERY,23,9
41.720955324,-87.620569476,ROBBERY,3,9
41.892628593,-87.753070494,ROBBERY,3,9
41.882381731,-87.629412971,THEFT,7,10
41.836010789,-87.626519656,ROBBERY,23,10
41.797964029,-87.733098066,ROBBERY,22,10
41.765698047,-87.722438871,THEFT,14,10
41.885591676,-87.627938154,THEFT,12,10
41.768310643,-87.684888206,ROBBERY,23,10
41.84763752,-87.708784753,ROBBERY,20,10
41.842698682,-87.622981625,ROBBERY,5,10
41.850359857,-87.623741058,ROBBERY,1,10
41.796942971,-87.684115567,ROBBERY,0,10
41.79329893,-87.66456619,ROBBERY,23,10
41.881070251,-87.69669373,ROBBERY,23,10
41.786326928,-87.661954604,ROBBERY,21,10
41.863292009,-87.640573368,ROBBERY,19,10
41.973295663,-87.655978853,ROBBERY,22,10
41.811102593,-87.699188089,ROBBERY,0,10
41.893524718,-87.755545241,ROBBERY,19,10
41.888324749,-87.763308167,ROBBERY,18,10
41.867449629,-87.656697174,ROBBERY,14,10
41.785792907,-87.703335272,ROBBERY,23,9
41.914059936,-87.732566306,ROBBERY,20,10
41.809644125,-87.69302545,ROBBERY,1,10
41.872897441,-87.694637923,ROBBERY,23,10
41.919670586,-87.749875053,ROBBERY,22,10
41.902683256,-87.628462695,ROBBERY,10,10
41.907027279,-87.730104783,ROBBERY,2,10
41.878827891,-87.650771696,ROBBERY,13,10
41.91449236,-87.71020556,ROBBERY,19,10
41.749721482,-87.665850562,ROBBERY,16,10
41.923387252,-87.730410027,ROBBERY,13,10
41.93650641,-87.711193138,ROBBERY,22,10
41.828439817,-87.621704653,ROBBERY,20,10
41.889785771,-87.672848846,ROBBERY,21,10
41.785766526,-87.691136404,ROBBERY,20,10
41.875709834,-87.758433911,ROBBERY,21,10
41.839232854,-87.641442102,ROBBERY,17,10
41.7225474,-87.568964465,ROBBERY,19,10
41.791950089,-87.800760135,ROBBERY,21,10
41.854649511,-87.705335883,ROBBERY,20,10
41.706836112,-87.651835928,ROBBERY,16,10
41.879432838,-87.745239883,THEFT,18,10
41.930108831,-87.806466288,ROBBERY,20,10
41.885227157,-87.721312545,ROBBERY,20,10
41.875229772,-87.686253982,ROBBERY,16,10
41.96106725,-87.718344521,ROBBERY,21,9
41.763079178,-87.586246132,ROBBERY,23,8
41.87799875,-87.642904147,ROBBERY,22,8
41.803413431,-87.586052837,ROBBERY,0,8
41.920168413,-87.724197537,ROBBERY,5,8
41.801756033,-87.596697152,ROBBERY,2,8
41.921619177,-87.663426337,ROBBERY,6,8
41.72176376,-87.621714405,ROBBERY,12,7
41.887837805,-87.753201992,ROBBERY,3,7
41.76300858,-87.588475513,ROBBERY,3,7
41.830093485,-87.619312348,ROBBERY,17,7
41.77447889,-87.692055551,ROBBERY,0,7
41.925284057,-87.658967358,ROBBERY,11,6
41.800306421,-87.744526256,ROBBERY,16,6
41.852002137,-87.688646389,ROBBERY,14,5
41.753848671,-87.641681875,ROBBERY,18,5
41.882381731,-87.629412971,THEFT,16,10
41.92938643,-87.707892425,THEFT,17,10
41.879202837,-87.626113652,THEFT,16,10
41.738008783,-87.604863987,ROBBERY,15,10
41.866968401,-87.715440023,ROBBERY,16,10
41.744174654,-87.65963834,ROBBERY,11,10
41.899779997,-87.721335223,ROBBERY,13,10
41.882457198,-87.627847776,THEFT,11,10
41.859461081,-87.661366361,ROBBERY,8,10
41.767704309,-87.672394363,ROBBERY,4,10
41.761228524,-87.667772896,THEFT,15,10
41.664610179,-87.641466634,ROBBERY,1,10
41.708234556,-87.618666451,ROBBERY,18,10
41.854317042,-87.715378277,ROBBERY,21,10
41.785197778,-87.613262047,ROBBERY,8,10
41.786128596,-87.665594061,ROBBERY,12,10
41.771177146,-87.637298335,ROBBERY,17,10
41.733460438,-87.637463882,ROBBERY,8,10
41.961490618,-87.676373879,ROBBERY,7,9
41.963880871,-87.708330999,ROBBERY,20,9
41.935432921,-87.668504341,ROBBERY,15,8
41.768096835,-87.663878589,THEFT,20,10
41.879202837,-87.626113652,THEFT,12,10
41.885741029,-87.631711749,THEFT,19,10
41.913290027,-87.68974208,ROBBERY,20,10
41.946795935,-87.683707513,ROBBERY,16,10
41.851684365,-87.634774508,ROBBERY,15,10
41.797615741,-87.631903671,ROBBERY,12,10
41.900769272,-87.626918932,ROBBERY,17,10
41.885741029,-87.631711749,THEFT,16,10
41.873907046,-87.725430093,ROBBERY,11,10
41.809372853,-87.704024967,ROBBERY,14,10
42.018503716,-87.684527475,ROBBERY,9,5
41.866506845,-87.696258172,ROBBERY,20,10
41.967574692,-87.650075191,ROBBERY,16,10
41.870534899,-87.730216699,ROBBERY,5,10
41.756739336,-87.556783105,ROBBERY,5,10
41.911797376,-87.781516706,ROBBERY,1,10
41.814588408,-87.600581631,ROBBERY,21,10
41.885741029,-87.631711749,THEFT,17,10
41.677830552,-87.620503762,THEFT,6,10
41.831005012,-87.62692698,ROBBERY,12,10
41.692358646,-87.623096746,ROBBERY,4,10
41.845625475,-87.720923066,ROBBERY,23,10
41.828094959,-87.623183456,ROBBERY,23,10
41.750205507,-87.642805728,ROBBERY,18,10
41.835686337,-87.620644613,ROBBERY,4,10
41.90378895,-87.667506613,ROBBERY,17,10
41.691653719,-87.641147626,ROBBERY,14,10
41.724272306,-87.653018079,ROBBERY,14,9
41.975729738,-87.710237831,ROBBERY,20,8
41.894874762,-87.762654911,ROBBERY,15,8
41.975702441,-87.712797693,ROBBERY,22,6
41.76895106,-87.57148207,ROBBERY,15,10
41.762087314,-87.613575471,ROBBERY,23,10
41.852051675,-87.683800849,THEFT,21,10
41.884650262,-87.627915459,THEFT,15,10
41.759012808,-87.560215615,ROBBERY,13,10
41.880717301,-87.72628358,THEFT,13,10
41.885487535,-87.726422045,ROBBERY,12,10
41.739185933,-87.648570093,ROBBERY,9,10
41.967574292,-87.713339898,ROBBERY,1,10
41.87150962,-87.739265383,ROBBERY,2,10
41.882334457,-87.757886124,ROBBERY,6,10
41.925398449,-87.652311296,THEFT,0,10
41.86606099,-87.710532902,ROBBERY,4,10
41.732429048,-87.585553602,ROBBERY,23,10
41.723534533,-87.625380003,ROBBERY,21,10
41.777743077,-87.657791298,ROBBERY,18,10
41.751452878,-87.624567581,ROBBERY,5,9
41.79580867,-87.633034559,ROBBERY,19,9
41.782114987,-87.739288292,ROBBERY,12,9
41.862842557,-87.716232325,ROBBERY,0,6
41.968370106,-87.716395256,ROBBERY,16,8
41.968224063,-87.729704278,ROBBERY,1,8
41.721286624,-87.571686382,ROBBERY,20,10
41.936122238,-87.727099925,ROBBERY,11,10
41.830750796,-87.626643572,THEFT,16,10
41.846229464,-87.695259244,ROBBERY,10,10
41.828415121,-87.621704927,ROBBERY,19,10
41.885741029,-87.631711749,THEFT,13,10
41.760032495,-87.562079972,ROBBERY,21,10
41.982270338,-87.806941262,THEFT,19,10
41.885741029,-87.631711749,THEFT,19,10
41.885481891,-87.627935689,THEFT,19,10
41.826101385,-87.621653502,ROBBERY,15,10
41.98287878,-87.791440835,THEFT,11,10
41.750772111,-87.624538423,THEFT,10,10
41.870350043,-87.773377376,ROBBERY,0,10
41.99827946,-87.670664922,ROBBERY,0,10
41.948948505,-87.676186535,ROBBERY,3,10
41.987290128,-87.659082087,ROBBERY,22,10
41.857886203,-87.709081493,ROBBERY,23,10
41.804212525,-87.593764158,ROBBERY,19,10
41.896442307,-87.655722728,THEFT,15,10
41.785298412,-87.762021668,ROBBERY,15,10
41.754526405,-87.557037006,ROBBERY,13,10
42.013796364,-87.679982964,ROBBERY,19,10
41.998226655,-87.697226955,ROBBERY,20,10
41.931780735,-87.727593069,ROBBERY,3,10
41.916328166,-87.682488141,ROBBERY,4,10
41.721623343,-87.624748959,ROBBERY,4,10
41.685042484,-87.645238242,ROBBERY,21,9
41.714462956,-87.604924818,ROBBERY,14,9
41.750542899,-87.650585924,ROBBERY,0,10
41.909945419,-87.752660197,ROBBERY,19,10
41.87568438,-87.760479356,ROBBERY,2,10
41.708257158,-87.64530204,ROBBERY,17,8
41.704340312,-87.645186331,ROBBERY,15,8
41.704625825,-87.641546835,ROBBERY,15,8
41.902243139,-87.756083772,ROBBERY,20,10
41.812407401,-87.723755992,ROBBERY,1,10
41.780368697,-87.664242259,ROBBERY,16,10
41.881722193,-87.624356274,THEFT,13,10
41.79482934,-87.696275397,THEFT,19,10
41.84323059,-87.725735235,ROBBERY,6,10
41.878157774,-87.761746134,ROBBERY,10,10
41.889046347,-87.643240599,ROBBERY,0,10
41.892481871,-87.627395901,ROBBERY,0,10
41.758275675,-87.622421712,ROBBERY,21,10
41.891412551,-87.647934597,THEFT,19,10
41.910107045,-87.707676543,ROBBERY,18,10
41.893676841,-87.631176812,ROBBERY,4,10
41.8716728,-87.72173192,ROBBERY,3,10
41.865783217,-87.720110283,ROBBERY,0,10
41.883500187,-87.627876698,THEFT,11,10
41.779012821,-87.664208692,ROBBERY,0,10
42.001822361,-87.689987495,ROBBERY,22,10
41.860345472,-87.715246819,ROBBERY,23,10
41.886169843,-87.620686081,ROBBERY,23,10
41.881088655,-87.720764494,ROBBERY,0,10
41.888165132,-87.622937212,THEFT,19,9
41.89771468,-87.639933321,ROBBERY,19,9
41.756781972,-87.561481174,ROBBERY,21,10
41.8996416,-87.61896785,THEFT,18,10
41.749270147,-87.554062372,ROBBERY,18,10
41.996326697,-87.702020916,ROBBERY,18,10
41.963070794,-87.655984213,ROBBERY,18,10
41.817654974,-87.623056687,ROBBERY,18,10
41.937897392,-87.713667869,ROBBERY,15,10
41.883221997,-87.625926112,THEFT,18,10
41.853813131,-87.715060116,ROBBERY,14,10
41.886666806,-87.657497011,THEFT,10,10
41.880830829,-87.623995243,THEFT,11,10
41.881556538,-87.627758535,THEFT,17,10
41.884241526,-87.650644304,ROBBERY,12,10
41.890389116,-87.628021263,ROBBERY,1,10
41.91028988,-87.690106536,ROBBERY,12,10
41.801491341,-87.622637403,ROBBERY,9,10
41.804133114,-87.703859846,ROBBERY,6,10
41.896442307,-87.655722728,THEFT,16,9
41.872823407,-87.726013143,ROBBERY,8,9
41.870926294,-87.708969318,ROBBERY,16,6
41.763695032,-87.689333217,ROBBERY,16,6
41.901680889,-87.628345154,THEFT,20,10
41.783364045,-87.614488863,ROBBERY,21,10
41.884810136,-87.711118369,ROBBERY,9,10
41.777783389,-87.615563072,ROBBERY,13,10
41.788987036,-87.74147999,ROBBERY,14,10
41.783425593,-87.622173294,ROBBERY,8,10
41.994567578,-87.65905678,THEFT,15,10
41.729618252,-87.551244573,THEFT,14,10
41.721623049,-87.624701342,THEFT,20,10
41.936670144,-87.663709881,ROBBERY,4,10
41.879363342,-87.635754673,THEFT,12,10
41.913823574,-87.648664814,ROBBERY,0,10
41.919969121,-87.65025259,ROBBERY,0,10
41.947591992,-87.64741769,ROBBERY,3,10
41.976218182,-87.666752695,ROBBERY,22,10
41.958363783,-87.75251497,ROBBERY,16,9
41.891098292,-87.764789327,ROBBERY,0,8
41.746827514,-87.625706809,ROBBERY,15,10
41.866264617,-87.718273702,ROBBERY,6,9
41.8020092,-87.622063199,ROBBERY,0,9
41.766781131,-87.612870529,ROBBERY,0,8
41.93785532,-87.669798651,ROBBERY,23,10
41.847283446,-87.683059988,ROBBERY,22,10
41.976280081,-87.71355703,ROBBERY,16,10
41.76680404,-87.605619683,THEFT,13,10
41.880586067,-87.710994105,THEFT,18,10
41.785821313,-87.693577884,ROBBERY,12,10
41.99094269,-87.689685077,ROBBERY,16,10
41.96538061,-87.659110921,ROBBERY,12,10
41.867908047,-87.731148225,ROBBERY,17,10
41.876807805,-87.70354742,ROBBERY,19,10
41.828415121,-87.621704927,THEFT,16,10
41.893697298,-87.709335252,ROBBERY,15,10
41.983649153,-87.658712242,ROBBERY,0,10
41.769185486,-87.625732415,THEFT,0,10
41.896524521,-87.639163841,ROBBERY,16,10
41.932810226,-87.644430195,THEFT,12,10
41.854597325,-87.721083417,ROBBERY,11,10
41.967538619,-87.713340244,THEFT,10,10
41.922841872,-87.645121689,ROBBERY,16,10
41.902366869,-87.709430842,ROBBERY,14,10
41.888993854,-87.626934833,THEFT,17,10
41.968585685,-87.692134876,THEFT,11,10
41.722248248,-87.625064445,ROBBERY,2,10
41.931352455,-87.76016528,ROBBERY,11,10
41.873807522,-87.69445629,THEFT,14,10
41.88233367,-87.627841791,THEFT,18,10
41.725455986,-87.600928591,ROBBERY,22,10
41.881553034,-87.661024778,THEFT,1,10
41.893676531,-87.635628328,THEFT,22,10
41.80235749,-87.597625511,THEFT,17,10
41.971071069,-87.704881261,ROBBERY,20,10
41.764929166,-87.662339013,ROBBERY,0,10
41.909498816,-87.756066167,ROBBERY,21,10
41.94673029,-87.727411135,ROBBERY,1,9
41.736972852,-87.581650117,ROBBERY,5,9
41.810740003,-87.675220451,ROBBERY,20,9
41.908452786,-87.765880756,ROBBERY,15,9
41.864384822,-87.721874806,ROBBERY,21,8
41.855190551,-87.623871195,THEFT,1,10
41.904563274,-87.640674736,ROBBERY,10,10
41.882381731,-87.629412971,THEFT,17,10
41.88233367,-87.627841791,THEFT,18,10
41.88425104,-87.667691147,ROBBERY,23,10
41.904409238,-87.667522209,ROBBERY,2,10
41.994489811,-87.695877312,ROBBERY,23,10
41.76601381,-87.591904716,ROBBERY,17,10
41.895074928,-87.742011123,ROBBERY,21,10
41.930052858,-87.665899543,ROBBERY,21,10
41.844437818,-87.710827062,ROBBERY,12,10
41.881974072,-87.631407775,THEFT,14,10
41.902085462,-87.641168032,ROBBERY,16,10
41.879297767,-87.725621359,ROBBERY,10,10
41.968528084,-87.699055883,THEFT,10,10
41.860040167,-87.717672584,ROBBERY,23,10
41.903168666,-87.678467174,ROBBERY,16,10
41.892289009,-87.744582066,ROBBERY,1,10
41.764748911,-87.644401916,ROBBERY,4,10
41.852045995,-87.684252376,ROBBERY,18,10
41.847609583,-87.711222061,ROBBERY,15,10
41.70538085,-87.620939276,ROBBERY,11,10
41.777650043,-87.739824442,ROBBERY,2,10
41.750782715,-87.625813624,ROBBERY,7,10
41.751214876,-87.571098146,ROBBERY,5,10
41.945554979,-87.687009994,ROBBERY,6,10
41.896265798,-87.655574,ROBBERY,15,9
41.85381752,-87.673435596,ROBBERY,1,10
41.758352248,-87.645826438,ROBBERY,2,10
41.858004882,-87.65268175,ROBBERY,0,10
41.976290414,-87.905227221,THEFT,19,10
41.744088125,-87.560039248,ROBBERY,11,10
41.768727829,-87.624945647,THEFT,22,10
41.94002898,-87.645131711,ROBBERY,20,10
41.769836789,-87.57303688,ROBBERY,12,10
41.885741029,-87.631711749,THEFT,15,10
41.997843628,-87.683229049,ROBBERY,23,10
41.656687835,-87.605133416,ROBBERY,22,10
41.88946287,-87.624222942,THEFT,21,10
41.904937883,-87.736207798,ROBBERY,20,10
41.851401622,-87.716210168,ROBBERY,17,10
41.837650931,-87.646266397,THEFT,3,10
41.800923887,-87.596171219,ROBBERY,22,10
41.742900733,-87.643814722,ROBBERY,17,10
41.724369056,-87.626312285,ROBBERY,23,10
41.853804898,-87.715060195,ROBBERY,23,10
41.677797185,-87.622649219,THEFT,20,10
41.85384608,-87.715063469,ROBBERY,21,10
41.892605313,-87.619839586,ROBBERY,21,10
41.908706263,-87.736312283,ROBBERY,22,10
41.90546759,-87.73622123,ROBBERY,22,10
41.742173435,-87.641067011,ROBBERY,17,10
41.73690503,-87.648506389,ROBBERY,19,10
41.735931109,-87.653642482,ROBBERY,17,10
41.728592358,-87.59614881,ROBBERY,18,10
41.808018808,-87.664959644,ROBBERY,16,10
41.881005857,-87.750193876,ROBBERY,18,10
41.88060406,-87.736089224,ROBBERY,8,10
41.900170246,-87.62723776,ROBBERY,13,10
41.807542507,-87.617780198,ROBBERY,4,10
41.684809877,-87.642147208,THEFT,12,10
41.880801792,-87.625515824,THEFT,10,10
41.944692907,-87.663953082,ROBBERY,2,10
41.764083357,-87.693016796,THEFT,7,10
41.793285285,-87.717593067,ROBBERY,6,10
41.74204988,-87.676585553,ROBBERY,18,9
41.706200443,-87.642811717,ROBBERY,10,9
41.736259984,-87.628068782,ROBBERY,14,2
41.877781712,-87.657627356,THEFT,12,10
41.809860998,-87.645565723,THEFT,13,10
41.756640447,-87.663590843,ROBBERY,19,10
41.959068467,-87.651596273,ROBBERY,15,10
41.769022335,-87.620206266,ROBBERY,12,10
41.885794778,-87.731615614,ROBBERY,21,10
41.722362932,-87.583871749,ROBBERY,18,10
41.952956098,-87.712871328,ROBBERY,13,10
41.87766908,-87.629284766,THEFT,15,10
41.873696851,-87.71078189,ROBBERY,18,10
41.852905207,-87.627981752,ROBBERY,14,10
41.855749808,-87.72727224,ROBBERY,1,10
41.909422255,-87.675974898,THEFT,2,10
41.949986277,-87.658758518,THEFT,2,10
41.90316534,-87.629210442,THEFT,4,10
42.007919177,-87.665351128,ROBBERY,19,1
41.783451628,-87.70326286,ROBBERY,2,10
41.743487398,-87.605018257,ROBBERY,2,10
41.69041605,-87.662908898,ROBBERY,22,10
41.80158649,-87.619394194,ROBBERY,15,10
41.845360069,-87.631822817,ROBBERY,4,10
41.869039928,-87.705753118,ROBBERY,15,10
41.890132638,-87.621589582,THEFT,13,10
41.924158759,-87.699399996,THEFT,1,10
41.880775433,-87.627029031,THEFT,14,10
41.883500187,-87.627876698,THEFT,13,10
41.808201741,-87.684420054,ROBBERY,23,10
41.852449027,-87.715021865,ROBBERY,14,10
41.854459796,-87.715387915,ROBBERY,11,10
41.890375396,-87.628021414,THEFT,5,10
41.904370109,-87.631460067,ROBBERY,8,10
41.84430575,-87.720458545,ROBBERY,21,10
41.767726292,-87.663867778,ROBBERY,21,10
41.739660888,-87.646762322,ROBBERY,4,10
41.92938643,-87.707892425,THEFT,19,10
41.852731587,-87.701390474,ROBBERY,15,10
41.854754111,-87.717558103,ROBBERY,14,10
41.885888079,-87.627942238,THEFT,14,10
41.884697098,-87.765018683,ROBBERY,13,10
41.95885623,-87.653289775,ROBBERY,23,10
41.896285,-87.667298068,ROBBERY,5,10
41.750940757,-87.625185222,THEFT,17,10
41.703418158,-87.631562476,ROBBERY,0,10
41.681109736,-87.642018411,ROBBERY,7,8
41.705717816,-87.702546548,ROBBERY,22,6
41.851099674,-87.699068471,ROBBERY,22,10
41.889203826,-87.631640804,THEFT,22,10
41.756633742,-87.56147562,ROBBERY,22,10
41.884276844,-87.622098929,THEFT,19,10
41.898006658,-87.75077386,ROBBERY,9,10
41.890013771,-87.631705393,THEFT,0,10
41.976290414,-87.905227221,THEFT,5,10
41.87395563,-87.753940727,ROBBERY,4,10
41.675299766,-87.621750607,ROBBERY,4,10
41.885741529,-87.631344503,THEFT,13,10
41.706063215,-87.639165667,ROBBERY,11,10
41.895709739,-87.626162963,ROBBERY,9,10
41.866507048,-87.696294883,ROBBERY,0,10
41.887132853,-87.772602845,ROBBERY,9,10
41.913236156,-87.649560197,ROBBERY,6,10
41.710427575,-87.618715409,THEFT,21,10
41.744207786,-87.631701108,ROBBERY,11,10
41.875588919,-87.632421308,ROBBERY,18,9
41.866264617,-87.718273702,ROBBERY,20,9
41.851393305,-87.723903515,ROBBERY,17,7
41.917671378,-87.658933611,ROBBERY,15,1
41.884484068,-87.623213022,THEFT,12,10
41.793859661,-87.679500386,ROBBERY,6,10
41.884807837,-87.760243624,ROBBERY,14,10
41.960211239,-87.708216117,ROBBERY,0,10
42.007945779,-87.681433661,ROBBERY,16,10
42.01603789,-87.668905596,ROBBERY,11,10
41.870970177,-87.704438172,ROBBERY,23,10
41.72115386,-87.632321921,ROBBERY,8,10
41.881703396,-87.626203588,THEFT,12,10
41.852062372,-87.636466158,ROBBERY,1,10
41.751827103,-87.559231739,ROBBERY,17,10
42.019529832,-87.689363741,ROBBERY,17,10
41.866810739,-87.625817031,THEFT,15,10
41.8665066,-87.696214119,ROBBERY,11,10
41.945367022,-87.801767931,THEFT,16,10
41.732148453,-87.637430415,ROBBERY,13,10
41.751443901,-87.554102046,ROBBERY,10,10
41.89337516,-87.753096793,ROBBERY,1,10
41.750361841,-87.656161828,ROBBERY,1,10
41.877369643,-87.701415852,ROBBERY,11,10
41.753400642,-87.57794388,ROBBERY,19,10
41.936186902,-87.659444231,ROBBERY,3,10
41.826513965,-87.608201967,THEFT,12,9
41.930555117,-87.715940255,ROBBERY,1,10
41.721627204,-87.624485177,THEFT,22,10
41.885191719,-87.624486846,ROBBERY,20,9
41.881883933,-87.640060441,THEFT,15,7
41.880228616,-87.765957945,ROBBERY,6,10
41.881556538,-87.627758535,THEFT,7,10
41.791669564,-87.671803526,ROBBERY,4,10
41.758273476,-87.622509699,ROBBERY,13,10
41.884576163,-87.734733858,THEFT,10,10
41.707807226,-87.620117778,ROBBERY,11,9
41.761282442,-87.662886484,ROBBERY,10,10
41.877018518,-87.731062705,ROBBERY,6,10
41.741788204,-87.558788042,ROBBERY,22,9
41.651498014,-87.548392157,ROBBERY,16,9
41.881716983,-87.752974602,ROBBERY,15,9
41.898934571,-87.76675109,ROBBERY,1,10
41.899978845,-87.726226072,ROBBERY,5,10
41.936778413,-87.648106932,ROBBERY,0,10
42.011072233,-87.686917482,ROBBERY,2,9
41.844452205,-87.646432188,ROBBERY,20,9
41.707455731,-87.605637491,ROBBERY,3,9
41.965915907,-87.685351813,ROBBERY,18,9
41.897771541,-87.718827302,ROBBERY,16,9
41.836836893,-87.728419495,ROBBERY,22,8
41.769833314,-87.573341181,ROBBERY,11,8
41.856751413,-87.658839883,ROBBERY,13,1
41.891412551,-87.647934597,ROBBERY,2,10
41.997680166,-87.692714775,ROBBERY,0,10
41.88233367,-87.627841791,THEFT,12,10
41.871998683,-87.774369015,ROBBERY,16,10
41.938101906,-87.653315529,ROBBERY,22,10
41.885741029,-87.631711749,THEFT,15,10
41.77974142,-87.645389036,ROBBERY,19,10
41.865894511,-87.745059256,ROBBERY,23,10
41.948568066,-87.687486849,ROBBERY,23,10
41.745808966,-87.547926023,ROBBERY,21,10
41.708309241,-87.608246403,ROBBERY,23,10
41.686174013,-87.631314239,ROBBERY,20,10
41.721627204,-87.624485177,THEFT,15,9
41.790719126,-87.625601983,ROBBERY,23,9
41.772952991,-87.571596016,ROBBERY,16,9
41.948395793,-87.666472846,ROBBERY,22,10
41.860793395,-87.715870245,ROBBERY,21,10
41.851794306,-87.703117482,ROBBERY,19,10
41.99669653,-87.695947259,ROBBERY,20,10
41.947252263,-87.65350869,THEFT,23,10
41.900424796,-87.642467932,ROBBERY,18,10
41.968462913,-87.707683157,ROBBERY,17,10
41.878840427,-87.639582928,ROBBERY,12,10
41.873607841,-87.712589241,ROBBERY,18,10
41.862986112,-87.703749155,ROBBERY,16,10
41.947250041,-87.653596936,THEFT,17,10
41.910676312,-87.649187069,THEFT,17,10
41.845337432,-87.633059887,ROBBERY,2,10
41.714595597,-87.563392579,ROBBERY,12,10
41.880632459,-87.733639652,THEFT,14,10
41.708038548,-87.64043354,ROBBERY,14,10
41.893219186,-87.742421235,ROBBERY,10,10
41.863504953,-87.695821738,ROBBERY,9,10
41.895529663,-87.638924852,THEFT,11,10
41.93521093,-87.670928637,ROBBERY,21,10
41.728139219,-87.656765261,ROBBERY,18,10
41.779276522,-87.615601416,ROBBERY,19,10
41.865946617,-87.705654876,THEFT,16,10
41.803851632,-87.606443973,THEFT,13,10
41.867079272,-87.651612596,ROBBERY,16,10
41.72085392,-87.649493693,THEFT,17,10
41.783270233,-87.652702765,ROBBERY,6,10
41.878864086,-87.638503099,THEFT,6,10
41.947298176,-87.651071052,THEFT,5,10
41.756550472,-87.592600053,ROBBERY,0,10
41.876128106,-87.745112291,ROBBERY,0,10
41.770738963,-87.583789126,ROBBERY,0,10
41.793487752,-87.705313526,ROBBERY,1,10
41.879279355,-87.641832814,THEFT,12,10
42.015655618,-87.689465385,ROBBERY,19,9
41.860053657,-87.727433504,ROBBERY,9,7
41.88549691,-87.629488948,ROBBERY,6,10
41.794670403,-87.631785431,ROBBERY,5,10
41.896975411,-87.760711524,ROBBERY,3,10
41.926294583,-87.794102746,ROBBERY,1,10
41.875710348,-87.758536718,ROBBERY,0,10
41.924839549,-87.761094473,ROBBERY,17,10
41.918511914,-87.690163597,THEFT,21,10
41.937115065,-87.738531933,ROBBERY,21,10
41.919575903,-87.731529842,ROBBERY,19,10
41.775313674,-87.635633193,ROBBERY,20,10
41.891412551,-87.647934597,ROBBERY,19,10
41.817933544,-87.609215906,ROBBERY,21,10
41.862853002,-87.71562282,ROBBERY,20,10
41.707462015,-87.605329791,ROBBERY,17,10
41.900478961,-87.749642063,ROBBERY,21,10
41.887318819,-87.755314708,ROBBERY,23,10
41.710096946,-87.633665303,ROBBERY,22,10
41.797662153,-87.590395813,ROBBERY,22,10
42.017148232,-87.666358542,ROBBERY,21,10
41.877469888,-87.762482982,ROBBERY,13,10
41.885741029,-87.631711749,THEFT,16,10
41.887155543,-87.77050932,ROBBERY,20,10
41.780500437,-87.664244556,ROBBERY,13,10
41.866327532,-87.772931537,ROBBERY,13,10
41.873620574,-87.711392136,THEFT,13,10
41.874532185,-87.705938056,ROBBERY,18,10
41.805286869,-87.616484885,ROBBERY,16,10
41.88895519,-87.714904997,ROBBERY,17,10
41.779295906,-87.644774188,ROBBERY,12,10
41.867428687,-87.626342565,THEFT,11,10
41.880751096,-87.723855981,ROBBERY,15,10
41.679716799,-87.634049393,ROBBERY,13,10
41.985679717,-87.690734872,ROBBERY,14,10
41.809305232,-87.606558389,THEFT,13,10
41.862842099,-87.702010464,THEFT,17,10
41.909498816,-87.756066167,THEFT,22,10
41.968613226,-87.689211248,THEFT,12,10
41.744207786,-87.631701108,ROBBERY,11,10
41.94360492,-87.650224577,THEFT,1,10
41.906344703,-87.755870492,ROBBERY,0,10
41.880966228,-87.706719713,ROBBERY,18,9
41.883143474,-87.77332077,ROBBERY,18,9
41.745873537,-87.691299591,ROBBERY,18,9
41.900125086,-87.707965002,ROBBERY,11,9
41.788987036,-87.74147999,THEFT,17,9
41.947225886,-87.655545441,THEFT,13,9
41.919205304,-87.647335969,ROBBERY,13,9
41.791904042,-87.622391283,ROBBERY,11,9
41.867833049,-87.719573027,ROBBERY,9,9
41.882059988,-87.71104223,ROBBERY,2,9
41.895946918,-87.753176359,ROBBERY,7,9
41.901822253,-87.633060157,ROBBERY,2,9
41.893917238,-87.755563741,ROBBERY,5,9
41.884168498,-87.769125361,ROBBERY,5,9
41.896561044,-87.636584978,ROBBERY,3,9
41.897492085,-87.758117377,ROBBERY,3,9
41.947252263,-87.65350869,THEFT,3,9
41.925398601,-87.652337017,THEFT,8,10
41.90348012,-87.732415703,ROBBERY,10,10
41.728109768,-87.552585361,THEFT,10,10
41.85482707,-87.711236547,ROBBERY,6,10
41.878458449,-87.745204753,ROBBERY,5,9
41.873233477,-87.740949419,ROBBERY,17,8
41.721251232,-87.659610434,ROBBERY,20,8
41.783665315,-87.604376745,ROBBERY,21,5
41.943603575,-87.650459838,ROBBERY,4,10
41.774322836,-87.596061639,ROBBERY,4,10
41.721220015,-87.627438388,THEFT,4,10
41.752923554,-87.579679271,ROBBERY,0,10
41.851684365,-87.634774508,ROBBERY,20,9
41.884275586,-87.695714449,ROBBERY,15,9
41.772837604,-87.566626344,ROBBERY,7,9
41.949343283,-87.7825311,ROBBERY,19,9
41.905539164,-87.687094158,ROBBERY,4,9
41.891404732,-87.628061509,ROBBERY,1,9
41.882381731,-87.629412971,THEFT,16,9
41.930823169,-87.756399463,THEFT,15,9
41.883061132,-87.766604911,ROBBERY,19,9
41.850317853,-87.719835919,ROBBERY,13,9
41.859903508,-87.724986405,ROBBERY,5,9
41.918821028,-87.634579214,THEFT,11,9
41.858017166,-87.702913225,ROBBERY,12,9
41.903931469,-87.629290187,THEFT,0,9
41.891990384,-87.611461502,THEFT,2,9
41.871530533,-87.744926805,THEFT,3,9
41.742710224,-87.634088181,THEFT,7,9
41.768451944,-87.623376092,ROBBERY,6,9
41.893840384,-87.75556076,ROBBERY,4,9
41.893676531,-87.635628328,THEFT,3,9
41.933776142,-87.773624125,ROBBERY,23,9
41.740508709,-87.698267243,ROBBERY,18,9
41.742553282,-87.698774748,ROBBERY,19,9
41.93110766,-87.646528573,ROBBERY,6,9
41.955313947,-87.656158266,ROBBERY,9,9
41.93448005,-87.65247563,ROBBERY,6,9
41.681109736,-87.642018411,ROBBERY,1,8
41.905294178,-87.731913785,ROBBERY,2,9
41.926525512,-87.708636947,ROBBERY,0,9
41.932399401,-87.698855341,ROBBERY,1,9
41.721623049,-87.624701342,THEFT,7,9
41.882394062,-87.627844798,ROBBERY,15,9
41.925145282,-87.668581762,ROBBERY,23,8
41.879446664,-87.628725463,ROBBERY,23,8
41.677830552,-87.620503762,ROBBERY,23,9
41.779605366,-87.654813009,ROBBERY,21,9
41.952062679,-87.711063939,ROBBERY,19,9
41.764429724,-87.69955625,ROBBERY,2,9
41.768519102,-87.666649148,ROBBERY,17,9
41.802374896,-87.668454888,ROBBERY,19,9
41.881722193,-87.624356274,THEFT,14,9
41.883527057,-87.630917053,THEFT,15,9
41.890384236,-87.624109917,THEFT,15,9
41.947225886,-87.655545441,THEFT,15,9
41.794583892,-87.629307346,ROBBERY,15,9
41.777750754,-87.657230282,ROBBERY,16,9
41.727514374,-87.605704242,ROBBERY,17,9
41.75045788,-87.56621475,ROBBERY,2,9
41.894410845,-87.62424167,THEFT,15,9
41.778864596,-87.6642029,THEFT,14,9
41.883222953,-87.625635993,THEFT,17,9
41.917694236,-87.715164042,ROBBERY,22,9
41.774330555,-87.615480591,ROBBERY,11,9
41.773600901,-87.628385732,ROBBERY,19,9
41.886665074,-87.765089381,ROBBERY,15,9
41.88136236,-87.647344302,ROBBERY,13,9
41.893676531,-87.635628328,THEFT,23,9
41.992850575,-87.672417058,ROBBERY,13,9
41.877578503,-87.629282088,THEFT,18,9
41.873807522,-87.69445629,ROBBERY,15,9
41.887527408,-87.671920927,ROBBERY,23,9
41.928873914,-87.661847409,ROBBERY,23,9
41.783325604,-87.614485626,ROBBERY,22,9
41.908828924,-87.666829706,ROBBERY,23,9
41.74792151,-87.650027372,ROBBERY,22,9
41.758598304,-87.603843171,ROBBERY,23,9
41.995290787,-87.658375943,ROBBERY,23,9
41.931776952,-87.72791651,THEFT,21,9
41.686325241,-87.612300787,ROBBERY,16,9
41.858542789,-87.71275698,ROBBERY,1,9
41.907272203,-87.729191411,ROBBERY,20,9
41.677337367,-87.628642915,ROBBERY,20,9
41.904370109,-87.631460067,ROBBERY,19,9
41.909755556,-87.775248423,ROBBERY,19,9
41.878638996,-87.627691486,THEFT,19,9
41.876877792,-87.631371748,THEFT,15,9
41.947225886,-87.655545441,THEFT,14,9
41.903141995,-87.63077557,THEFT,14,9
41.894890041,-87.627189408,THEFT,14,9
41.885741029,-87.631711749,THEFT,13,9
41.706987456,-87.620244029,ROBBERY,19,9
41.868037461,-87.721366388,ROBBERY,0,9
41.940251326,-87.649275328,THEFT,0,9
42.018966968,-87.669084869,ROBBERY,12,9
41.868541914,-87.639235361,ROBBERY,14,9
41.899075558,-87.631308677,ROBBERY,19,9
41.891404922,-87.632575298,ROBBERY,19,9
41.874060099,-87.705924314,ROBBERY,16,9
41.90982326,-87.634670006,ROBBERY,19,9
41.875933735,-87.710840962,ROBBERY,9,8
41.848795977,-87.692906769,ROBBERY,21,9
41.935916053,-87.745500411,ROBBERY,19,9
41.878638996,-87.627691486,THEFT,8,9
41.769945887,-87.653030591,ROBBERY,19,9
41.879890416,-87.630832031,THEFT,14,9
41.881503012,-87.626194781,THEFT,18,9
41.88033251,-87.715876796,ROBBERY,8,9
41.876860666,-87.744011344,ROBBERY,10,9
41.756689862,-87.663593994,ROBBERY,11,9
41.725455986,-87.600928591,ROBBERY,10,9
41.805744159,-87.669755148,ROBBERY,22,9
41.872219362,-87.655339767,ROBBERY,16,9
41.890032024,-87.630203077,THEFT,1,9
41.795653987,-87.585420533,ROBBERY,14,9
41.804295353,-87.663637606,ROBBERY,14,9
41.884994578,-87.71733391,ROBBERY,13,9
41.858169853,-87.668666487,ROBBERY,11,9
41.735833258,-87.660330057,THEFT,8,9
41.955436401,-87.679652922,ROBBERY,3,9
41.867868979,-87.627431787,ROBBERY,4,9
41.785969074,-87.657088943,ROBBERY,1,9
41.896174451,-87.722438495,ROBBERY,1,9
41.876198401,-87.723858849,ROBBERY,0,9
41.855766151,-87.723619736,ROBBERY,11,9
41.750940757,-87.625185222,THEFT,16,9
41.730515838,-87.585066558,ROBBERY,18,9
41.885347387,-87.627929824,THEFT,10,9
41.838388942,-87.620122887,ROBBERY,20,9
41.910457448,-87.678965797,ROBBERY,18,9
41.9100792,-87.709620261,THEFT,18,9
41.911356425,-87.638599033,ROBBERY,15,9
41.807773948,-87.731352252,THEFT,16,9
41.813818243,-87.688622265,ROBBERY,1,9
41.74355527,-87.630905732,ROBBERY,14,9
41.74372819,-87.566115311,ROBBERY,13,9
42.002537233,-87.661956408,ROBBERY,17,9
41.885741029,-87.631711749,THEFT,13,9
41.885481891,-87.627935689,ROBBERY,13,9
41.845975339,-87.617678737,ROBBERY,11,9
41.904370109,-87.631460067,THEFT,8,9
41.772998982,-87.576478539,ROBBERY,5,9
41.736428017,-87.58521044,ROBBERY,9,9
41.867940769,-87.729018506,ROBBERY,11,9
41.879498701,-87.626921913,THEFT,11,9
41.850725412,-87.685605427,ROBBERY,11,9
41.884025325,-87.725473736,ROBBERY,17,9
41.768546072,-87.664207499,ROBBERY,22,9
41.801322998,-87.647769563,ROBBERY,21,9
41.895505083,-87.71174182,THEFT,14,9
41.736922044,-87.551419766,ROBBERY,16,9
41.817224785,-87.699135032,ROBBERY,20,9
41.847681516,-87.724647102,ROBBERY,2,9
41.889751946,-87.631072891,THEFT,2,9
41.765687332,-87.57136673,ROBBERY,20,9
41.805978502,-87.684354461,ROBBERY,7,9
41.794614135,-87.645167671,THEFT,0,9
41.896067455,-87.667641918,ROBBERY,20,9
41.728707174,-87.597363762,ROBBERY,19,9
41.878447294,-87.644022949,ROBBERY,12,9
41.889162908,-87.634381016,ROBBERY,17,9
41.902002159,-87.77505881,ROBBERY,18,9
41.953402848,-87.748310208,THEFT,17,9
41.750538141,-87.634278086,ROBBERY,20,9
41.791396604,-87.673012783,ROBBERY,5,9
41.668822003,-87.632286042,ROBBERY,1,9
41.814834016,-87.703032409,ROBBERY,3,9
41.764281833,-87.628476756,ROBBERY,2,9
41.741763488,-87.580670871,ROBBERY,2,9
41.756692906,-87.588313984,ROBBERY,3,3
41.896176088,-87.660853065,ROBBERY,15,9
41.903120187,-87.759146848,ROBBERY,7,9
41.939300241,-87.711739358,THEFT,19,9
41.896888586,-87.628203192,THEFT,16,9
41.89799967,-87.722494562,ROBBERY,17,9
41.700502156,-87.642634662,ROBBERY,14,9
41.68819996,-87.53118545,ROBBERY,17,9
41.809314925,-87.620808615,THEFT,12,9
41.77948577,-87.66342651,THEFT,16,9
41.887795397,-87.767249835,ROBBERY,1,9
41.914118277,-87.746501414,ROBBERY,10,3
41.84359616,-87.719650575,ROBBERY,10,9
41.80738363,-87.726019054,ROBBERY,3,9
41.735388239,-87.645426564,ROBBERY,3,9
41.91038031,-87.683261288,THEFT,11,8
41.815060949,-87.632325971,ROBBERY,1,9
41.865661296,-87.717838933,ROBBERY,16,9
41.884494554,-87.627138636,THEFT,15,9
41.885741029,-87.631711749,THEFT,21,9
41.794555987,-87.630576503,ROBBERY,21,9
41.769162609,-87.626920371,ROBBERY,23,9
41.868165405,-87.62743954,THEFT,22,9
41.6867541,-87.619453388,ROBBERY,10,9
41.935585375,-87.640449414,ROBBERY,20,9
41.891470611,-87.628064457,ROBBERY,23,9
41.794001185,-87.630501886,ROBBERY,18,9
41.838227796,-87.632282365,ROBBERY,18,9
41.893085531,-87.641360705,ROBBERY,14,9
41.967458424,-87.659655286,ROBBERY,19,9
41.897050483,-87.624190432,THEFT,16,9
41.885741029,-87.631711749,THEFT,16,9
41.76622433,-87.57829932,ROBBERY,15,9
41.824830907,-87.613306089,ROBBERY,14,9
41.868165405,-87.62743954,THEFT,13,9
41.761574149,-87.643552534,ROBBERY,13,9
41.803807415,-87.58208345,ROBBERY,2,9
41.884467655,-87.771932076,ROBBERY,10,9
41.800692217,-87.684213423,ROBBERY,6,9
41.933938526,-87.715389425,ROBBERY,6,9
41.721918366,-87.585137009,ROBBERY,20,8
41.86703917,-87.624144053,ROBBERY,18,8
41.753587965,-87.716887821,ROBBERY,14,7
41.897739734,-87.67639959,ROBBERY,0,9
41.74934112,-87.697494912,ROBBERY,0,9
41.69340045,-87.630964719,ROBBERY,18,9
41.7209084,-87.629877699,ROBBERY,22,9
41.794526301,-87.645164943,ROBBERY,20,9
41.748357299,-87.736110931,ROBBERY,18,9
41.712359904,-87.62009309,ROBBERY,18,9
41.912272577,-87.679175041,ROBBERY,19,9
41.809125265,-87.631906508,THEFT,4,9
41.909881891,-87.676690246,THEFT,1,9
41.968427294,-87.71122829,THEFT,15,9
41.85242433,-87.715022103,ROBBERY,13,9
41.77873951,-87.673894236,ROBBERY,21,9
41.882364871,-87.626222,THEFT,21,9
41.925045354,-87.676490684,ROBBERY,11,9
41.769185486,-87.625732415,ROBBERY,3,9
41.991904799,-87.678812738,ROBBERY,23,9
41.912839901,-87.780886825,ROBBERY,23,9
41.936079071,-87.747865811,ROBBERY,16,9
41.885426371,-87.630966024,THEFT,15,9
41.726790404,-87.59974483,ROBBERY,15,9
41.768871204,-87.573928057,THEFT,8,9
41.779793875,-87.631826613,THEFT,6,9
41.853588984,-87.705610538,ROBBERY,13,9
41.873950952,-87.725429677,ROBBERY,12,9
41.90352381,-87.66674162,ROBBERY,2,9
41.909272342,-87.774073352,ROBBERY,2,9
41.894902877,-87.68278652,ROBBERY,12,9
41.87671722,-87.750317319,ROBBERY,16,9
41.808779722,-87.651545146,ROBBERY,20,9
41.745050162,-87.614806473,ROBBERY,4,9
41.932651187,-87.653197025,THEFT,4,9
41.794533814,-87.631438536,ROBBERY,1,9
41.919658261,-87.768261687,ROBBERY,22,9
41.891074771,-87.616433649,ROBBERY,2,9
41.682928521,-87.640988547,ROBBERY,17,9
41.887724004,-87.761701265,ROBBERY,15,9
41.952411697,-87.727577903,ROBBERY,20,9
41.751128044,-87.614247622,ROBBERY,20,9
41.779012821,-87.664208692,ROBBERY,15,9
41.765689404,-87.669911467,ROBBERY,18,9
41.903436885,-87.63142988,ROBBERY,19,9
41.885741529,-87.631344503,THEFT,17,9
41.86800901,-87.723756743,ROBBERY,4,9
41.891133566,-87.624134682,THEFT,14,9
41.910515099,-87.675607323,THEFT,16,9
41.909658573,-87.634664454,THEFT,0,9
41.897944034,-87.724937715,ROBBERY,5,9
41.874060099,-87.705924314,ROBBERY,6,9
41.710019614,-87.611402474,ROBBERY,4,9
41.81950186,-87.689640166,ROBBERY,7,9
41.870808338,-87.698466128,ROBBERY,3,9
41.894140473,-87.770117439,ROBBERY,4,9
41.845382483,-87.617663323,ROBBERY,4,9
41.854978789,-87.631838845,ROBBERY,0,9
41.89497206,-87.635669322,THEFT,3,9
41.87171972,-87.696041188,ROBBERY,0,9
41.878223415,-87.62704979,THEFT,13,9
41.736675238,-87.545820662,THEFT,17,9
41.874940121,-87.747851332,THEFT,14,9
41.909829291,-87.676609962,THEFT,23,9
41.830954079,-87.630703226,THEFT,22,9
41.853796046,-87.716987339,ROBBERY,23,9
41.786759239,-87.663614801,ROBBERY,23,9
41.780057027,-87.69829515,ROBBERY,22,9
41.883430157,-87.76023023,ROBBERY,23,9
41.92733091,-87.737810697,ROBBERY,20,9
41.84439447,-87.713976387,ROBBERY,21,9
41.877080518,-87.726160106,THEFT,18,9
41.689590102,-87.540101562,THEFT,18,9
41.884276844,-87.622098929,THEFT,18,9
41.901287144,-87.752077454,ROBBERY,9,9
41.761189334,-87.609113844,ROBBERY,11,9
41.792194049,-87.624023589,ROBBERY,11,9
41.901476242,-87.721392492,THEFT,13,9
41.874363279,-87.643013039,ROBBERY,0,9
41.767160003,-87.635120381,THEFT,11,9
41.772590799,-87.703963046,ROBBERY,9,9
41.886668404,-87.746113681,ROBBERY,8,9
41.870232503,-87.747611585,ROBBERY,3,9
41.918669066,-87.648528511,ROBBERY,1,9
41.765558228,-87.622733535,ROBBERY,13,6
41.928163691,-87.774647025,ROBBERY,19,9
41.776711023,-87.671429342,ROBBERY,22,9
41.88093461,-87.657120434,ROBBERY,2,9
41.837837294,-87.626774783,THEFT,11,9
42.016146107,-87.683009557,ROBBERY,17,9
41.886776644,-87.649166688,THEFT,18,8
41.896011332,-87.634185138,ROBBERY,3,9
41.750657714,-87.614956494,THEFT,16,9
41.881679072,-87.629391306,THEFT,12,9
41.94251952,-87.644472714,THEFT,15,9
42.013708551,-87.707563731,ROBBERY,21,9
41.788328667,-87.666865628,ROBBERY,4,9
41.895224924,-87.662916226,ROBBERY,23,9
41.889238248,-87.629194468,ROBBERY,23,9
41.994662503,-87.698318226,ROBBERY,23,9
41.922573721,-87.73331689,ROBBERY,21,9
41.839804007,-87.627964177,ROBBERY,3,9
41.901581306,-87.626876922,THEFT,21,9
41.759663838,-87.649473987,ROBBERY,0,9
41.891119761,-87.76247899,ROBBERY,0,9
41.809043324,-87.608974909,THEFT,12,9
41.747202857,-87.600219742,ROBBERY,0,9
41.944802544,-87.654582319,ROBBERY,8,9
41.721501786,-87.639911628,ROBBERY,6,9
41.709767758,-87.640480893,ROBBERY,5,9
41.868043424,-87.720940449,ROBBERY,4,9
41.751527624,-87.582334217,ROBBERY,1,9
41.745800847,-87.60458536,ROBBERY,2,9
41.882249994,-87.629410745,THEFT,13,9
41.653297739,-87.608911276,THEFT,15,9
41.74728445,-87.572251321,ROBBERY,0,9
41.839113859,-87.646305794,THEFT,12,9
41.884792337,-87.630947262,THEFT,11,9
41.739664822,-87.646502131,ROBBERY,0,9
41.934245847,-87.715893636,ROBBERY,5,9
41.735625357,-87.702030498,ROBBERY,20,9
41.808505199,-87.655238062,ROBBERY,6,9
41.891404732,-87.628061509,THEFT,15,9
41.880255584,-87.627728782,ROBBERY,12,9
41.739700299,-87.614613294,ROBBERY,17,9
41.906901954,-87.632181754,THEFT,15,9
41.900775673,-87.626621327,THEFT,16,9
41.906899902,-87.640888264,THEFT,16,9
41.871860592,-87.707183161,ROBBERY,13,9
41.901578829,-87.69191676,ROBBERY,5,9
41.883210775,-87.629906972,THEFT,13,9
41.888092864,-87.755348129,ROBBERY,19,9
41.730008806,-87.653166377,ROBBERY,23,9
41.878638996,-87.627691486,ROBBERY,17,9
41.889763017,-87.763365161,ROBBERY,19,9
41.751151039,-87.575969317,ROBBERY,19,9
41.932484964,-87.713007292,ROBBERY,5,9
41.752136604,-87.666345941,ROBBERY,15,9
41.897895128,-87.624096605,THEFT,18,9
41.895512994,-87.710669234,ROBBERY,19,9
41.890812642,-87.74566071,ROBBERY,16,9
41.709766061,-87.634309807,ROBBERY,18,9
41.887216076,-87.755620452,ROBBERY,13,9
41.954351255,-87.749713255,ROBBERY,21,9
41.880559272,-87.629366876,THEFT,20,9
41.909770708,-87.735196552,ROBBERY,19,8
41.716377684,-87.603068161,ROBBERY,17,8
41.788618631,-87.622310245,ROBBERY,10,7
41.691557251,-87.701582846,ROBBERY,16,7
41.90316534,-87.629210442,THEFT,3,6
41.878344079,-87.709488309,ROBBERY,17,9
41.800863342,-87.664766276,ROBBERY,21,9
41.890051565,-87.62891376,THEFT,3,9
41.756877411,-87.593508891,ROBBERY,2,9
41.93614248,-87.722634233,ROBBERY,20,9
41.872924943,-87.744991122,ROBBERY,21,9
41.912437783,-87.736189335,ROBBERY,20,9
41.750794483,-87.633560686,ROBBERY,22,9
41.904370109,-87.631460067,ROBBERY,12,9
41.860330052,-87.716462056,ROBBERY,10,9
41.782869932,-87.686490472,ROBBERY,6,9
41.881556538,-87.627758535,THEFT,8,9
41.876554252,-87.763225509,ROBBERY,3,9
41.794120423,-87.658627824,ROBBERY,2,9
41.690041633,-87.63505793,ROBBERY,0,9
41.896442307,-87.655722728,THEFT,11,9
41.867428687,-87.626342565,THEFT,21,9
41.877864969,-87.627666954,THEFT,20,9
41.762401555,-87.576218227,THEFT,19,9
41.866184544,-87.724361483,ROBBERY,19,9
41.894159014,-87.708956122,ROBBERY,12,9
41.908430535,-87.638509526,ROBBERY,21,9
41.743445022,-87.60137277,ROBBERY,19,9
41.721819473,-87.618310808,ROBBERY,6,9
41.756689862,-87.663593994,ROBBERY,16,9
41.882806201,-87.704953745,ROBBERY,17,9
41.776609528,-87.615235206,THEFT,8,9
41.766543623,-87.681064442,ROBBERY,13,9
41.870951132,-87.706979085,ROBBERY,12,9
41.850866118,-87.704003823,ROBBERY,18,9
41.899951772,-87.637301129,ROBBERY,16,9
41.841701405,-87.712277506,ROBBERY,4,8
41.67971892,-87.633946872,ROBBERY,18,8
41.728700248,-87.648626508,ROBBERY,16,9
41.809382395,-87.616655641,ROBBERY,16,9
41.971569461,-87.655497024,ROBBERY,15,9
41.891412551,-87.647934597,THEFT,15,9
41.789916006,-87.647476755,ROBBERY,4,9
41.828773439,-87.617099843,ROBBERY,5,9
41.945649631,-87.688225744,ROBBERY,9,9
41.885888079,-87.627942238,THEFT,11,9
41.874363279,-87.643013039,THEFT,10,9
41.770469009,-87.637280329,ROBBERY,7,9
41.830750796,-87.626643572,ROBBERY,4,9
41.807785411,-87.730398475,ROBBERY,5,9
41.884514231,-87.689792255,ROBBERY,23,9
41.739236145,-87.609745285,ROBBERY,21,9
41.809372853,-87.704024967,ROBBERY,10,5
41.875418511,-87.7616457,ROBBERY,4,9
41.759687416,-87.619954103,ROBBERY,0,9
41.870946327,-87.765155189,THEFT,2,9
41.889203579,-87.631600408,ROBBERY,1,9
41.899049889,-87.722855545,ROBBERY,3,9
41.93991842,-87.653288878,THEFT,12,9
41.895296623,-87.626813961,ROBBERY,19,9
41.893606459,-87.656009804,ROBBERY,15,9
41.755633717,-87.644173224,ROBBERY,20,9
41.880972165,-87.758753958,THEFT,17,9
41.692358646,-87.623096746,ROBBERY,17,9
41.875588919,-87.632421308,THEFT,15,9
41.885741029,-87.631711749,THEFT,11,9
41.778697566,-87.689725751,ROBBERY,14,9
41.771981229,-87.644584811,ROBBERY,13,9
42.016035402,-87.668949781,ROBBERY,5,9
41.939943482,-87.651961748,ROBBERY,3,8
41.941286092,-87.649308375,ROBBERY,3,8
41.895665915,-87.694543344,ROBBERY,6,8
41.882394062,-87.627844798,ROBBERY,11,8
41.807436951,-87.652795478,ROBBERY,22,8
41.806140361,-87.653968244,ROBBERY,13,7
41.803357453,-87.648848187,ROBBERY,18,7
41.803357453,-87.648848187,ROBBERY,17,6
41.876046196,-87.736153693,ROBBERY,16,6
41.750271173,-87.662224163,ROBBERY,13,9
41.902905441,-87.745986967,ROBBERY,13,9
41.958816054,-87.713068172,ROBBERY,3,9
41.686132015,-87.63613628,ROBBERY,0,9
41.779153403,-87.65449147,ROBBERY,2,9
41.90316534,-87.629210442,THEFT,2,9
41.823263415,-87.62158954,THEFT,19,9
41.825725898,-87.685252094,ROBBERY,7,9
41.858296757,-87.723694812,ROBBERY,13,9
41.810386978,-87.622869212,ROBBERY,16,9
41.85869689,-87.650908726,ROBBERY,21,9
41.878789312,-87.648440378,ROBBERY,23,9
41.865573338,-87.705643842,ROBBERY,21,9
41.988330261,-87.65816257,ROBBERY,20,9
41.882092584,-87.625677844,THEFT,16,9
41.876027915,-87.692047468,ROBBERY,22,9
41.794555987,-87.630576503,THEFT,22,9
41.891690385,-87.626317482,ROBBERY,4,9
41.883077223,-87.749547084,ROBBERY,12,9
41.862294538,-87.695786038,ROBBERY,22,9
41.877799444,-87.740327082,ROBBERY,23,9
41.785519673,-87.738567526,THEFT,23,9
41.866256608,-87.718828146,ROBBERY,23,9
41.836808691,-87.730885744,ROBBERY,22,9
41.764748911,-87.644401916,THEFT,22,9
41.868165405,-87.62743954,THEFT,19,9
41.699555312,-87.613559145,ROBBERY,17,9
41.868541914,-87.639235361,ROBBERY,9,9
41.875286899,-87.67649739,ROBBERY,10,9
41.73167667,-87.660509,THEFT,7,9
41.907696432,-87.755090512,ROBBERY,9,9
41.773054421,-87.644613656,ROBBERY,6,9
41.744532526,-87.560829078,ROBBERY,17,8
41.968210572,-87.730792843,ROBBERY,21,8
41.697105657,-87.681323493,ROBBERY,18,9
41.955648785,-87.65616575,ROBBERY,15,9
41.8829238,-87.627861004,THEFT,17,9
41.88786856,-87.774906441,ROBBERY,14,9
41.767910191,-87.663873198,ROBBERY,11,9
41.922786529,-87.645045119,THEFT,1,9
41.866792814,-87.719542592,ROBBERY,7,9
41.932991634,-87.713836636,ROBBERY,6,9
41.896524943,-87.639233624,THEFT,3,9
41.765384329,-87.693047847,ROBBERY,0,9
41.866427081,-87.703689696,THEFT,22,9
41.885741029,-87.631711749,THEFT,1,9
41.890013771,-87.631705393,THEFT,1,9
41.793121443,-87.732255805,ROBBERY,0,9
41.901324508,-87.723822,ROBBERY,21,9
41.8897449,-87.675769019,ROBBERY,10,9
41.885888079,-87.627942238,ROBBERY,23,9
41.878840427,-87.639582928,THEFT,20,9
41.90584722,-87.626209061,ROBBERY,18,9
41.885888079,-87.627942238,THEFT,14,9
41.875292084,-87.723724259,ROBBERY,16,9
41.706936355,-87.623514952,THEFT,7,9
42.007969901,-87.662285627,ROBBERY,5,9
41.88693185,-87.629888187,THEFT,14,9
41.740142431,-87.615539045,ROBBERY,19,9
41.862842099,-87.702010464,THEFT,16,9
41.904370109,-87.631460067,THEFT,12,9
41.780245348,-87.705596741,ROBBERY,22,9
41.850974647,-87.702776837,ROBBERY,6,9
41.938074162,-87.675879194,THEFT,5,9
41.764603614,-87.62814334,ROBBERY,5,9
41.855928214,-87.727277897,ROBBERY,4,9
41.99456721,-87.658994247,THEFT,5,9
41.742874212,-87.617930694,ROBBERY,22,9
41.888910582,-87.759163936,ROBBERY,22,9
41.880082464,-87.686406991,ROBBERY,20,9
41.886668404,-87.746113681,ROBBERY,15,9
41.818571701,-87.608581391,ROBBERY,20,9
41.783736764,-87.692300635,ROBBERY,11,9
41.688940622,-87.624214395,ROBBERY,15,9
41.880751096,-87.723855981,ROBBERY,14,9
41.732705923,-87.58804169,ROBBERY,2,9
41.885393253,-87.663547848,THEFT,2,9
41.854273529,-87.624688864,ROBBERY,5,9
41.776260604,-87.609486901,ROBBERY,23,9
41.795987556,-87.583968081,ROBBERY,3,9
41.752571189,-87.56624456,ROBBERY,3,9
41.902640036,-87.624562043,THEFT,3,9
41.940952796,-87.72723795,ROBBERY,3,9
41.875820724,-87.647175913,ROBBERY,1,9
41.869805108,-87.708183512,ROBBERY,0,9
41.86626262,-87.718413231,ROBBERY,0,9
41.779983133,-87.695854073,ROBBERY,18,9
41.887919288,-87.628019052,THEFT,20,9
41.929269378,-87.667080007,ROBBERY,22,8
41.74942623,-87.664629633,ROBBERY,16,9
41.725816334,-87.553917257,ROBBERY,12,9
41.800903483,-87.584530624,ROBBERY,2,9
41.756330877,-87.602879293,ROBBERY,9,9
41.8622303,-87.703040711,ROBBERY,23,9
41.844216012,-87.72733706,ROBBERY,22,9
41.80226856,-87.605636648,THEFT,15,9
41.655807747,-87.60396869,ROBBERY,4,9
41.862842099,-87.702010464,THEFT,19,9
41.898375221,-87.624961826,ROBBERY,4,9
41.746784577,-87.602624733,ROBBERY,21,9
42.013796364,-87.679982964,ROBBERY,19,9
41.906436404,-87.768235026,ROBBERY,23,9
41.722044385,-87.604315381,ROBBERY,6,9
41.802853851,-87.596713919,ROBBERY,17,9
41.740102856,-87.595855955,ROBBERY,6,9
41.778656405,-87.684846319,ROBBERY,2,9
41.751266254,-87.606121368,ROBBERY,11,9
41.894224684,-87.721153195,ROBBERY,7,9
41.786181906,-87.664379822,THEFT,10,9
41.904370109,-87.631460067,THEFT,8,9
41.702350298,-87.645123324,ROBBERY,5,9
41.941478117,-87.671775326,ROBBERY,4,9
41.940318272,-87.644408194,THEFT,0,9
41.77708973,-87.650792034,ROBBERY,1,9
41.893821538,-87.629709751,THEFT,23,9
41.855797543,-87.715118088,ROBBERY,10,9
41.769070498,-87.626668445,ROBBERY,0,9
41.908487575,-87.733841905,ROBBERY,20,9
41.947122294,-87.660795772,ROBBERY,23,9
41.866184544,-87.724361483,ROBBERY,20,9
41.881556538,-87.627758535,THEFT,17,9
41.704589137,-87.646410476,ROBBERY,20,9
41.885502678,-87.679198475,ROBBERY,6,9
41.884938321,-87.677922575,ROBBERY,6,9
41.879637902,-87.736054156,ROBBERY,21,9
41.895979595,-87.631232395,THEFT,22,9
41.691883355,-87.642368059,ROBBERY,21,9
41.887795397,-87.767249835,ROBBERY,13,9
41.875340701,-87.754875548,THEFT,13,9
41.903170746,-87.754459113,ROBBERY,6,9
41.748074236,-87.663379392,ROBBERY,9,9
41.884571034,-87.745427795,ROBBERY,4,9
41.76917603,-87.626425347,ROBBERY,0,9
41.868165405,-87.62743954,THEFT,7,9
41.768774646,-87.626308784,ROBBERY,5,9
41.70728151,-87.615901033,ROBBERY,14,9
41.862405706,-87.714606565,ROBBERY,7,9
41.932005294,-87.726984558,THEFT,3,9
41.88586711,-87.633935855,ROBBERY,19,8
41.890212356,-87.676891734,ROBBERY,5,8
41.876747711,-87.686319451,ROBBERY,17,8
41.8708947,-87.71174533,ROBBERY,12,8
41.899851016,-87.717679685,ROBBERY,11,7
41.881178932,-87.711014057,ROBBERY,15,7
41.836428389,-87.72433908,ROBBERY,0,9
41.872682099,-87.713942029,ROBBERY,0,9
41.92190187,-87.6957258,ROBBERY,19,8
41.741949408,-87.617054222,ROBBERY,20,9
41.72169837,-87.625345212,ROBBERY,11,9
41.753682356,-87.653821721,ROBBERY,20,9
41.802503891,-87.668457222,ROBBERY,17,9
41.931167873,-87.773929905,THEFT,19,9
41.885877917,-87.626289762,THEFT,17,9
41.795991039,-87.630542489,THEFT,15,9
41.885741029,-87.631711749,THEFT,16,9
41.882381731,-87.629412971,THEFT,15,8
41.893179495,-87.634671454,THEFT,1,8
41.880317263,-87.626156445,THEFT,13,6
41.66614306,-87.540576095,ROBBERY,5,9
41.873761627,-87.699545765,ROBBERY,4,9
41.70378684,-87.605246741,ROBBERY,20,9
41.889900183,-87.666056934,ROBBERY,20,9
41.890849144,-87.675474895,ROBBERY,20,9
41.786826729,-87.658733639,ROBBERY,18,9
41.874151311,-87.725435121,ROBBERY,16,9
41.88171846,-87.627760426,THEFT,13,9
41.878840427,-87.639582928,THEFT,16,9
41.765162688,-87.624896894,ROBBERY,14,9
41.895505083,-87.71174182,ROBBERY,17,9
41.885741029,-87.631711749,THEFT,14,9
41.81544629,-87.658638818,ROBBERY,12,9
41.805013598,-87.610102301,ROBBERY,7,9
41.885879253,-87.630979425,THEFT,9,9
41.875975619,-87.696457891,ROBBERY,9,9
41.815091011,-87.694412872,THEFT,8,9
41.839464759,-87.623233908,ROBBERY,2,9
41.865640031,-87.719505892,ROBBERY,0,9
41.883626428,-87.664098784,THEFT,19,8
41.90539115,-87.722729014,ROBBERY,21,9
41.764645026,-87.623282439,ROBBERY,18,9
41.750252404,-87.639202847,ROBBERY,5,9
41.891404732,-87.628061509,THEFT,14,9
41.907478363,-87.690832756,THEFT,9,9
41.951189878,-87.650217119,ROBBERY,3,9
41.778047988,-87.762023697,ROBBERY,17,8
41.887771177,-87.644304667,ROBBERY,23,9
41.766837163,-87.575095717,ROBBERY,11,9
41.708643906,-87.612586143,ROBBERY,1,9
41.917291808,-87.715855006,ROBBERY,23,8
41.863125321,-87.624055146,ROBBERY,21,9
41.812902753,-87.704162824,ROBBERY,1,9
41.92462436,-87.638080295,THEFT,2,9
41.889050731,-87.671967648,ROBBERY,7,8
41.866763572,-87.675593386,ROBBERY,5,8
41.933763823,-87.666033587,ROBBERY,21,8
41.95147632,-87.674818763,ROBBERY,20,8
41.804366506,-87.585755677,ROBBERY,13,8
41.83230153,-87.621790307,ROBBERY,15,8
42.001136868,-87.661345692,THEFT,4,8
41.768228145,-87.696139085,ROBBERY,20,5
41.853622744,-87.625514585,ROBBERY,21,5
41.91047209,-87.678164752,THEFT,22,9
41.923115621,-87.765960301,THEFT,7,9
41.778840516,-87.703135682,ROBBERY,20,9
41.868004983,-87.724032136,ROBBERY,23,9
41.852868298,-87.63091491,THEFT,23,9
41.675599131,-87.637022318,ROBBERY,20,9
41.934621818,-87.751631542,ROBBERY,18,9
41.781295192,-87.613228715,ROBBERY,22,9
42.008241188,-87.667875542,ROBBERY,21,9
41.996459349,-87.692285566,ROBBERY,21,9
41.895826124,-87.726096446,ROBBERY,18,9
41.878064761,-87.743354013,ROBBERY,21,8
41.909959652,-87.719518657,ROBBERY,3,8
41.974107439,-87.708635548,ROBBERY,16,9
41.972059949,-87.657701922,ROBBERY,22,9
41.771789341,-87.660364917,ROBBERY,21,9
41.678519693,-87.662497935,THEFT,18,9
41.90439335,-87.668095437,ROBBERY,14,9
41.933159155,-87.795540713,ROBBERY,15,9
41.880255584,-87.627728782,THEFT,13,9
41.736298888,-87.561129269,THEFT,13,9
41.917561753,-87.689067192,ROBBERY,12,9
41.924163149,-87.752090341,ROBBERY,9,9
41.782341144,-87.691045924,ROBBERY,3,9
41.878638996,-87.627691486,ROBBERY,19,9
41.72723571,-87.587918086,ROBBERY,1,9
41.749338364,-87.714583115,ROBBERY,17,9
41.910847394,-87.710090384,ROBBERY,22,9
41.875254895,-87.627618559,ROBBERY,21,9
41.928804847,-87.723229733,ROBBERY,17,9
41.763442831,-87.56646696,ROBBERY,14,9
41.896442307,-87.655722728,THEFT,18,9
41.721623049,-87.624701342,THEFT,8,9
41.904370109,-87.631460067,THEFT,17,9
41.748363374,-87.631817102,ROBBERY,16,9
41.845523647,-87.702613828,ROBBERY,6,9
41.77488441,-87.610151271,ROBBERY,16,9
41.869805108,-87.708183512,ROBBERY,13,9
41.809125265,-87.631906508,THEFT,7,9
41.885741029,-87.631711749,THEFT,11,9
41.8945688,-87.722387684,ROBBERY,11,9
41.870733482,-87.705817327,ROBBERY,12,9
41.764378886,-87.65045392,ROBBERY,10,9
41.880350435,-87.756805964,ROBBERY,11,9
41.931885873,-87.718974049,ROBBERY,9,9
41.885067026,-87.666907806,THEFT,8,9
41.749586081,-87.720865604,ROBBERY,9,9
41.721864455,-87.615841406,ROBBERY,16,9
41.930286342,-87.64364886,ROBBERY,0,8
41.858342244,-87.72244262,ROBBERY,1,9
41.874999275,-87.686744656,ROBBERY,18,9
41.878286676,-87.714093543,ROBBERY,20,9
41.762929162,-87.644355406,ROBBERY,5,9
41.76587359,-87.576294705,ROBBERY,23,9
41.878638996,-87.627691486,THEFT,9,9
41.868165405,-87.62743954,THEFT,15,9
41.889359525,-87.757845115,ROBBERY,22,9
41.885879253,-87.630979425,THEFT,17,9
41.872263476,-87.764581762,ROBBERY,19,9
41.801307936,-87.584690956,ROBBERY,21,9
41.893983593,-87.634677382,ROBBERY,1,9
41.879545973,-87.624795272,ROBBERY,17,9
41.854956912,-87.705343887,THEFT,21,9
41.864423657,-87.718867725,ROBBERY,18,9
41.878433338,-87.758126757,THEFT,22,9
41.817424126,-87.632384575,ROBBERY,23,9
41.756931961,-87.556454594,ROBBERY,8,9
41.877864969,-87.627666954,ROBBERY,9,9
41.877864969,-87.627666954,THEFT,3,9
42.00903345,-87.671057409,ROBBERY,6,9
41.826506269,-87.61923847,ROBBERY,6,9
41.938656759,-87.760000639,THEFT,6,9
41.893985309,-87.634508411,ROBBERY,6,9
41.756094931,-87.644659401,ROBBERY,5,9
41.913566514,-87.64835527,ROBBERY,1,9
41.93991842,-87.653288878,THEFT,3,9
41.896538265,-87.638260127,ROBBERY,3,9
41.707455731,-87.605637491,ROBBERY,2,9
41.735857166,-87.624152861,ROBBERY,4,9
41.774943649,-87.698158623,ROBBERY,2,9
41.943056436,-87.649362967,THEFT,1,9
41.932688734,-87.650737981,THEFT,1,9
41.891694878,-87.626155832,THEFT,17,6
41.893676531,-87.635628328,THEFT,2,6
41.764932153,-87.576272783,THEFT,2,9
41.924158759,-87.699399996,THEFT,0,9
41.875508384,-87.656975687,ROBBERY,5,9
41.866132024,-87.727923138,ROBBERY,1,9
41.777783389,-87.615563072,ROBBERY,14,9
41.899172336,-87.626506771,ROBBERY,21,9
41.761598392,-87.576773801,ROBBERY,17,9
41.910545777,-87.734899083,ROBBERY,18,9
41.736255193,-87.628182414,THEFT,17,9
41.866487235,-87.697671823,ROBBERY,13,9
41.845728266,-87.701397006,ROBBERY,14,9
41.748703363,-87.651829389,ROBBERY,18,9
41.883223709,-87.624868481,ROBBERY,16,9
41.891678767,-87.627551654,THEFT,13,9
41.895987813,-87.722432928,ROBBERY,15,9
41.968014689,-87.688180325,THEFT,22,9
41.788896709,-87.615835136,ROBBERY,16,9
41.881187452,-87.684780097,ROBBERY,15,9
41.890051565,-87.62891376,ROBBERY,1,9
41.880295087,-87.761102829,THEFT,13,9
41.793284058,-87.665783832,ROBBERY,11,9
41.878142265,-87.631269783,ROBBERY,13,9
41.841854646,-87.615669513,ROBBERY,23,9
41.862415678,-87.626908072,ROBBERY,20,8
41.886202772,-87.620685715,ROBBERY,18,8
41.722768379,-87.624410361,THEFT,3,9
41.871866782,-87.706808595,ROBBERY,11,9
41.881857678,-87.707647413,ROBBERY,7,9
41.867010957,-87.655835363,THEFT,10,9
41.808677362,-87.631361193,THEFT,7,9
41.679142614,-87.629900784,ROBBERY,5,9
41.867428235,-87.626269143,ROBBERY,4,9
41.893198817,-87.633338004,ROBBERY,2,9
41.909658573,-87.634664454,THEFT,1,9
41.831014114,-87.617317037,THEFT,2,9
41.763551336,-87.704011073,ROBBERY,23,9
41.872709251,-87.711856258,ROBBERY,23,9
41.874060099,-87.705924314,ROBBERY,22,9
41.868043424,-87.720940449,ROBBERY,3,9
41.931017098,-87.680394757,ROBBERY,17,9
41.743034131,-87.61146882,ROBBERY,2,8
41.891990384,-87.611461502,THEFT,19,8
41.923079929,-87.765956943,ROBBERY,11,7
41.925398601,-87.652337017,THEFT,13,6
41.884495939,-87.626025902,THEFT,16,9
41.89499875,-87.746419366,THEFT,19,9
41.785519673,-87.738567526,ROBBERY,14,9
41.885774651,-87.760962123,ROBBERY,12,9
41.866996231,-87.62741936,ROBBERY,17,9
41.872526667,-87.627545764,ROBBERY,23,9
41.893391805,-87.62098778,THEFT,12,9
41.793157671,-87.676709504,ROBBERY,23,9
41.9118226,-87.715863635,ROBBERY,23,9
41.89449469,-87.722384717,ROBBERY,20,9
41.971452044,-87.660260415,ROBBERY,15,9
41.756302533,-87.605331512,ROBBERY,12,9
41.790917474,-87.586704037,ROBBERY,14,9
41.777766227,-87.602826742,ROBBERY,13,9
41.845606062,-87.625845184,ROBBERY,22,9
41.780243493,-87.615319321,ROBBERY,23,9
41.969044846,-87.658300072,THEFT,4,9
41.894220552,-87.619660001,THEFT,16,9
41.729668303,-87.546917375,ROBBERY,14,9
41.895550165,-87.706907742,ROBBERY,14,9
41.846073202,-87.725132126,ROBBERY,6,9
41.780275796,-87.689772298,ROBBERY,8,9
41.890265219,-87.631089305,ROBBERY,3,9
41.900021536,-87.721343937,ROBBERY,0,9
41.753552239,-87.641674063,ROBBERY,13,9
41.717222534,-87.620486188,ROBBERY,3,8
41.891051707,-87.63405559,THEFT,0,8
41.722573058,-87.567048361,ROBBERY,12,7
41.896629888,-87.768519831,ROBBERY,13,9
41.973300066,-87.655794935,ROBBERY,1,9
41.876860431,-87.725537965,ROBBERY,11,9
41.739423682,-87.663766102,ROBBERY,10,9
41.758328934,-87.619503676,ROBBERY,10,9
41.891404732,-87.628061509,THEFT,8,9
41.880964005,-87.706815211,ROBBERY,2,9
41.879839662,-87.626139678,THEFT,11,9
41.74899896,-87.605175838,THEFT,12,9
41.749899475,-87.663426378,THEFT,12,9
42.00789382,-87.666653912,ROBBERY,23,9
41.884776788,-87.682331057,ROBBERY,6,9
41.885879253,-87.630979425,THEFT,18,9
42.005437753,-87.666650121,ROBBERY,1,9
41.852319063,-87.625488583,ROBBERY,0,9
41.735904563,-87.636836626,ROBBERY,1,9
41.769185486,-87.625732415,ROBBERY,20,9
41.748795197,-87.645594941,ROBBERY,22,8
41.740514571,-87.644961472,ROBBERY,1,8
41.947911541,-87.667672587,ROBBERY,1,6
41.902185965,-87.761660452,ROBBERY,20,9
41.751243434,-87.557732549,ROBBERY,21,9
41.879893301,-87.627721751,THEFT,17,9
41.910676312,-87.649187069,ROBBERY,17,9
41.780421287,-87.605198095,ROBBERY,18,9
41.885741029,-87.631711749,THEFT,17,9
41.919078487,-87.767553981,ROBBERY,2,9
41.965749236,-87.687916376,ROBBERY,15,9
41.909909727,-87.752656847,THEFT,22,9
41.719452662,-87.574059634,ROBBERY,8,9
41.877864969,-87.627666954,ROBBERY,23,9
41.886544315,-87.765086779,ROBBERY,6,9
41.699235297,-87.670298325,THEFT,15,9
41.885481891,-87.627935689,ROBBERY,2,9
41.779655611,-87.651248784,ROBBERY,15,9
41.882578749,-87.634261824,THEFT,14,9
41.881950166,-87.633335938,THEFT,12,9
41.783051325,-87.623779709,ROBBERY,8,9
41.74061672,-87.705436891,ROBBERY,8,9
41.8763156,-87.669271624,THEFT,8,9
41.936462069,-87.749247907,ROBBERY,8,9
41.67007175,-87.639245022,ROBBERY,18,8
41.729843669,-87.662891098,THEFT,19,9
41.884790858,-87.681908593,ROBBERY,22,9
41.786079418,-87.683821839,ROBBERY,22,8
41.845129574,-87.727284398,ROBBERY,22,8
41.787074218,-87.615789456,THEFT,13,9
41.922786529,-87.645045119,THEFT,1,8
41.890013771,-87.631705393,THEFT,23,9
41.883626428,-87.664098784,THEFT,20,9
41.945776947,-87.646312335,THEFT,20,9
41.885750537,-87.716041302,ROBBERY,20,9
41.854612926,-87.710207174,ROBBERY,21,9
41.882381731,-87.629412971,THEFT,16,9
41.914623484,-87.708580345,ROBBERY,20,9
41.811880297,-87.643196481,ROBBERY,15,9
41.752566947,-87.578448404,ROBBERY,12,9
41.904300091,-87.773011028,ROBBERY,17,9
41.971154212,-87.708550409,ROBBERY,19,9
41.875893078,-87.704386239,ROBBERY,19,8
41.77488441,-87.610151271,ROBBERY,11,9
41.887205571,-87.766175325,ROBBERY,17,9
41.881787077,-87.646777915,ROBBERY,1,8
41.74580301,-87.604493725,ROBBERY,18,8
41.816039143,-87.626258734,ROBBERY,12,8
41.678018588,-87.62339354,ROBBERY,18,8
41.87435219,-87.726057418,ROBBERY,7,8
41.772785679,-87.569955648,ROBBERY,10,8
41.889906681,-87.624100509,ROBBERY,17,7
41.968085383,-87.680781204,ROBBERY,20,4
41.753550927,-87.565837089,ROBBERY,1,3
41.894858269,-87.764862497,ROBBERY,3,9
41.767282129,-87.572663824,ROBBERY,2,9
41.938797346,-87.723377074,ROBBERY,2,9
41.736259984,-87.628068782,ROBBERY,2,9
41.902678812,-87.725638467,THEFT,2,9
41.880972165,-87.758753958,ROBBERY,22,9
41.80888194,-87.61958096,ROBBERY,10,9
41.906539296,-87.633012282,THEFT,4,9
41.968407674,-87.712673606,ROBBERY,22,9
41.745368292,-87.602589491,THEFT,21,9
41.750877385,-87.628715036,ROBBERY,13,9
41.90982859,-87.677447594,THEFT,12,8
41.794530106,-87.632179351,ROBBERY,23,9
41.770856634,-87.586265868,ROBBERY,15,9
41.910623586,-87.638577589,ROBBERY,13,9
41.745415648,-87.702271724,ROBBERY,19,9
41.819419851,-87.623106888,ROBBERY,18,9
41.876860431,-87.725537965,THEFT,17,9
41.908416842,-87.651330926,ROBBERY,16,9
41.743356333,-87.614711765,ROBBERY,14,9
41.909078207,-87.790809021,ROBBERY,9,9
41.749624207,-87.554069084,ROBBERY,8,9
41.795190552,-87.588007653,ROBBERY,4,9
41.935432921,-87.668504341,ROBBERY,2,9
41.867293196,-87.711552595,ROBBERY,0,9
41.779012821,-87.664208692,ROBBERY,0,9
41.967457221,-87.720669509,ROBBERY,22,8
41.968368626,-87.716630608,ROBBERY,22,8
41.77077466,-87.583792377,ROBBERY,21,8
41.758090343,-87.633807628,ROBBERY,18,7
41.982270338,-87.806941262,ROBBERY,22,9
41.877483769,-87.732916341,ROBBERY,16,6
41.909152038,-87.652675042,THEFT,1,9
41.778172446,-87.602836797,ROBBERY,22,9
41.947270099,-87.652813748,THEFT,0,9
41.782374308,-87.649713037,THEFT,14,9
41.894848727,-87.765707358,THEFT,22,9
41.894552747,-87.637117341,THEFT,1,9
41.891412551,-87.647934597,THEFT,16,9
41.883210775,-87.629906972,THEFT,15,9
41.784339285,-87.659478372,ROBBERY,13,9
41.884309147,-87.694840099,ROBBERY,13,9
42.017639781,-87.704334633,ROBBERY,12,9
41.76587359,-87.576294705,ROBBERY,11,9
41.801677015,-87.744223967,ROBBERY,9,9
41.761010056,-87.624814287,ROBBERY,11,9
41.958222108,-87.727750826,ROBBERY,11,9
41.872709056,-87.624187857,ROBBERY,4,9
41.772887854,-87.58506919,ROBBERY,21,9
41.924488265,-87.699933231,ROBBERY,23,9
42.019530225,-87.689433659,ROBBERY,23,9
41.883085374,-87.769858328,ROBBERY,22,9
41.844162699,-87.695199039,THEFT,17,9
41.949128779,-87.64880179,ROBBERY,15,9
41.968446906,-87.708775431,ROBBERY,18,9
41.884955101,-87.716625521,ROBBERY,16,9
41.767062556,-87.641239381,THEFT,11,9
41.896702014,-87.626423821,ROBBERY,14,9
41.88171846,-87.627760426,ROBBERY,12,9
41.939753879,-87.721089139,ROBBERY,12,9
41.873699424,-87.704705156,ROBBERY,1,9
41.782854706,-87.62216127,ROBBERY,8,9
41.765719051,-87.582436322,ROBBERY,2,9
41.67736022,-87.641893815,ROBBERY,2,9
41.778677993,-87.721296466,ROBBERY,0,9
41.754001713,-87.554525554,ROBBERY,4,9
41.801761681,-87.728305724,ROBBERY,22,9
41.924365478,-87.695598381,ROBBERY,1,9
41.889672607,-87.679930861,ROBBERY,2,9
41.772887854,-87.58506919,ROBBERY,11,9
41.752613598,-87.6052376,THEFT,21,9
41.884932988,-87.664621314,THEFT,19,9
41.943056436,-87.649362967,THEFT,4,9
41.940370659,-87.654122097,THEFT,4,9
41.896683405,-87.627860183,THEFT,13,9
41.966612994,-87.710146501,ROBBERY,21,9
41.65661587,-87.547137066,ROBBERY,12,9
41.877874887,-87.734241933,ROBBERY,22,9
41.779975054,-87.630937377,ROBBERY,13,9
41.756467423,-87.560004274,ROBBERY,15,9
41.892753031,-87.624193896,THEFT,14,9
41.854864309,-87.724846958,ROBBERY,8,9
41.890032024,-87.630203077,ROBBERY,1,9
41.891135724,-87.628049777,THEFT,18,9
41.893893173,-87.615127644,THEFT,14,9
41.93184422,-87.722998641,ROBBERY,16,9
41.87671722,-87.750317319,THEFT,9,9
41.8716728,-87.72173192,ROBBERY,14,9
41.783937143,-87.612663831,ROBBERY,12,8
41.904370109,-87.631460067,ROBBERY,20,8
41.882446804,-87.624377641,THEFT,14,8
41.890380784,-87.625329284,THEFT,20,8
41.890964824,-87.635562349,THEFT,23,7
41.899410159,-87.624131266,THEFT,18,7
41.786340696,-87.697661133,ROBBERY,21,7
41.999999972,-87.68994331,ROBBERY,23,6
41.852449912,-87.659094296,ROBBERY,8,4
41.862379586,-87.7168939,ROBBERY,5,9
41.866363726,-87.727627247,ROBBERY,13,9
41.874850606,-87.735272577,ROBBERY,5,9
41.891984471,-87.62416567,THEFT,13,9
41.774201644,-87.597276485,ROBBERY,11,9
41.926714681,-87.644782411,ROBBERY,6,9
41.877864969,-87.627666954,ROBBERY,6,9
41.908590818,-87.630128032,ROBBERY,7,9
41.882139587,-87.71104513,ROBBERY,7,9
41.873907046,-87.725430093,ROBBERY,3,9
41.91431366,-87.63480841,ROBBERY,3,9
41.775197587,-87.651955919,ROBBERY,1,9
41.762244664,-87.659427362,ROBBERY,0,9
41.886637007,-87.685661461,ROBBERY,0,9
41.944137828,-87.649391842,THEFT,1,9
41.870506538,-87.728998012,ROBBERY,21,9
41.885888079,-87.627942238,ROBBERY,18,9
41.86902457,-87.682773608,ROBBERY,21,9
41.769449202,-87.659088027,ROBBERY,20,9
41.903931469,-87.629290187,THEFT,22,8
41.773059113,-87.59116371,ROBBERY,11,8
41.697613123,-87.622061265,ROBBERY,0,9
41.960987351,-87.724463378,ROBBERY,2,9
41.794766069,-87.618369729,ROBBERY,0,9
41.890051565,-87.62891376,THEFT,15,9
41.885686845,-87.749515983,ROBBERY,11,9
41.978751343,-87.656480057,ROBBERY,7,9
41.810720178,-87.618188676,ROBBERY,9,9
41.891990384,-87.611461502,ROBBERY,3,9
41.866862652,-87.665184141,ROBBERY,21,9
41.746010581,-87.643906039,ROBBERY,19,9
41.778270442,-87.695808709,ROBBERY,18,9
41.978108446,-87.904122758,THEFT,14,9
41.997555636,-87.699944941,THEFT,16,9
41.854836249,-87.712425748,ROBBERY,17,8
41.70595936,-87.620409201,ROBBERY,19,8
41.973504693,-87.659790155,ROBBERY,13,6
41.722389451,-87.581629631,ROBBERY,12,9
41.934245847,-87.715893636,ROBBERY,10,9
41.808856306,-87.621198838,ROBBERY,9,9
42.018498254,-87.672983233,THEFT,4,9
41.978165506,-87.658586238,ROBBERY,4,9
41.767504682,-87.686989416,ROBBERY,3,9
41.921253704,-87.729122007,ROBBERY,4,9
41.892567687,-87.635599995,THEFT,2,9
41.758536614,-87.586130225,THEFT,12,9
41.884276844,-87.622098929,THEFT,21,9
41.801394863,-87.729523149,ROBBERY,21,9
41.779004438,-87.701003946,ROBBERY,23,9
41.961398631,-87.65489522,ROBBERY,22,9
41.856821062,-87.657616789,ROBBERY,22,9
41.894782761,-87.634775188,THEFT,2,9
41.979006297,-87.906463155,THEFT,14,8
41.876607964,-87.627644063,THEFT,2,8
41.795191528,-87.588157998,THEFT,16,8
41.789509861,-87.698564888,ROBBERY,1,8
41.799243582,-87.591782186,THEFT,21,7
41.721870193,-87.577774819,ROBBERY,23,8
41.913774315,-87.703838114,ROBBERY,19,8
41.749899475,-87.663426378,ROBBERY,23,8
41.750538141,-87.634278086,ROBBERY,10,8
41.76180945,-87.580495297,ROBBERY,12,8
41.746844283,-87.624420391,ROBBERY,21,8
41.775417555,-87.63331142,ROBBERY,23,8
41.884688535,-87.684678588,ROBBERY,21,8
41.773274786,-87.592264684,ROBBERY,16,8
41.743521771,-87.633060702,ROBBERY,19,8
41.705400051,-87.537706324,ROBBERY,21,8
41.778864596,-87.6642029,ROBBERY,21,8
41.77488441,-87.610151271,ROBBERY,11,8
41.968338342,-87.719171817,ROBBERY,19,8
41.88033698,-87.629365643,THEFT,19,8
41.936292055,-87.754148659,ROBBERY,14,8
42.008532139,-87.667887228,ROBBERY,13,8
41.896442307,-87.655722728,THEFT,15,8
41.976290414,-87.905227221,THEFT,12,8
41.7799566,-87.605921959,THEFT,11,8
41.931133442,-87.776443923,ROBBERY,12,8
41.903892302,-87.631858359,ROBBERY,10,8
41.880816562,-87.624795924,THEFT,11,8
41.866098236,-87.730368538,THEFT,12,8
41.877428692,-87.696704171,THEFT,8,8
41.978165506,-87.658586238,THEFT,3,8
41.915969794,-87.675940778,THEFT,23,8
41.824547013,-87.633081028,ROBBERY,13,8
41.877788135,-87.627667799,ROBBERY,15,8
41.807352632,-87.728465862,ROBBERY,23,7
41.923392508,-87.668243523,THEFT,2,8
41.880751096,-87.723855981,ROBBERY,3,8
41.883286954,-87.667543246,ROBBERY,1,8
41.86645124,-87.701093842,ROBBERY,1,8
42.007919177,-87.665351128,THEFT,1,8
41.87268417,-87.713817173,ROBBERY,0,8
41.8910671,-87.628046859,ROBBERY,0,8
41.992204748,-87.697514987,ROBBERY,15,8
41.805162792,-87.62435004,THEFT,16,8
41.74985747,-87.570425251,ROBBERY,1,8
41.756049738,-87.599243132,ROBBERY,20,8
41.896442307,-87.655722728,THEFT,17,8
41.918431595,-87.690032129,THEFT,13,8
41.891404732,-87.628061509,THEFT,17,8
41.758979631,-87.567143179,ROBBERY,20,8
41.915990756,-87.687370839,THEFT,13,8
41.75089655,-87.627813307,THEFT,19,8
41.92412494,-87.646291126,ROBBERY,22,8
41.89076946,-87.680264916,ROBBERY,22,8
42.019431567,-87.678302357,ROBBERY,17,8
41.757751768,-87.60537011,ROBBERY,20,8
41.885879253,-87.630979425,THEFT,17,8
41.885741029,-87.631711749,THEFT,17,8
41.770612086,-87.702948621,ROBBERY,14,8
41.722359092,-87.584124547,THEFT,16,8
41.795103793,-87.665830959,ROBBERY,15,8
41.857906209,-87.62191033,THEFT,13,8
41.740649137,-87.637686734,ROBBERY,14,8
41.791160785,-87.579836586,ROBBERY,23,8
41.861985088,-87.716508557,ROBBERY,16,8
41.88446517,-87.634446911,THEFT,13,8
41.836860039,-87.726045031,ROBBERY,22,8
41.842619561,-87.620398861,ROBBERY,23,8
42.02151059,-87.671895842,ROBBERY,21,8
41.852351309,-87.634789274,ROBBERY,21,8
41.833735126,-87.675370229,ROBBERY,10,8
41.808981361,-87.606551046,THEFT,17,8
41.735335992,-87.663053811,ROBBERY,13,8
41.904658324,-87.631471604,ROBBERY,19,8
41.972359593,-87.728142793,THEFT,10,8
41.854317042,-87.715378277,THEFT,14,8
41.873620574,-87.711392136,THEFT,17,8
41.871104177,-87.750111317,ROBBERY,17,8
41.99775681,-87.688269956,ROBBERY,13,8
41.992483176,-87.681109581,ROBBERY,3,8
41.732542486,-87.574392763,ROBBERY,6,8
41.732828802,-87.568322337,ROBBERY,6,8
41.922692765,-87.806214967,ROBBERY,4,8
41.884433151,-87.641850689,ROBBERY,1,8
41.909202816,-87.677431958,ROBBERY,2,8
41.709223382,-87.608291066,ROBBERY,1,8
41.882114362,-87.632361012,THEFT,11,8
41.76573639,-87.66381882,ROBBERY,17,8
41.904394255,-87.775442055,ROBBERY,11,8
41.926129874,-87.774576576,ROBBERY,23,7
41.892694268,-87.631154519,ROBBERY,0,7
41.799407048,-87.601007664,ROBBERY,15,8
41.882267084,-87.650881983,ROBBERY,11,8
41.881624191,-87.629391908,THEFT,13,8
41.75031811,-87.666515018,ROBBERY,9,8
41.757548551,-87.586112366,ROBBERY,11,8
41.866341527,-87.711154301,ROBBERY,11,8
41.794436869,-87.618388056,ROBBERY,9,8
41.881730836,-87.626203285,THEFT,11,8
41.765997125,-87.66382344,ROBBERY,11,8
41.750772111,-87.624538423,THEFT,7,8
42.008981153,-87.709229045,ROBBERY,3,8
41.876524397,-87.708433815,ROBBERY,17,8
41.897996957,-87.732382628,ROBBERY,22,8
41.85283133,-87.633400262,ROBBERY,21,8
41.947225886,-87.655545441,ROBBERY,16,8
41.760987994,-87.687172105,ROBBERY,21,8
41.975702441,-87.712797693,ROBBERY,22,8
41.976290414,-87.905227221,THEFT,8,8
41.910676312,-87.649187069,ROBBERY,22,8
41.873620574,-87.711392136,ROBBERY,23,8
41.844243782,-87.725321944,THEFT,11,6
41.883641965,-87.648579514,THEFT,19,8
41.947225886,-87.655545441,THEFT,22,8
41.891004201,-87.632564987,ROBBERY,2,8
41.977043475,-87.76899404,ROBBERY,1,8
41.907487393,-87.677383392,ROBBERY,5,8
41.746704306,-87.605110156,ROBBERY,11,8
41.874697418,-87.686259352,ROBBERY,13,8
41.808608378,-87.622819173,ROBBERY,12,8
41.768760396,-87.621778099,ROBBERY,3,8
42.014512189,-87.678466914,ROBBERY,15,8
41.763647552,-87.722344693,ROBBERY,14,8
41.865938393,-87.699659752,THEFT,9,8
41.91036846,-87.684076998,ROBBERY,2,8
41.779650333,-87.649437662,ROBBERY,22,8
41.860042524,-87.723773675,THEFT,16,8
41.749541695,-87.560135043,ROBBERY,21,8
41.862132355,-87.666264958,THEFT,14,8
41.779743198,-87.645227698,THEFT,12,8
41.895003278,-87.62152816,THEFT,16,8
41.947252263,-87.65350869,ROBBERY,3,8
41.777166242,-87.666625589,ROBBERY,1,8
41.761847539,-87.599961434,ROBBERY,0,8
41.880801792,-87.625515824,ROBBERY,15,8
41.885741029,-87.631711749,THEFT,14,8
41.756443249,-87.624322095,ROBBERY,22,8
41.809407414,-87.614949721,ROBBERY,13,8
41.742507146,-87.547863664,ROBBERY,16,8
41.878449423,-87.642550457,THEFT,15,8
41.743503863,-87.60501807,ROBBERY,3,8
41.953962409,-87.654529255,ROBBERY,14,8
41.903892594,-87.631906111,ROBBERY,13,8
41.75063231,-87.575960756,ROBBERY,8,8
41.865571921,-87.766032483,ROBBERY,11,8
41.855725091,-87.727268803,ROBBERY,15,8
41.769185486,-87.625732415,ROBBERY,7,6
41.898096233,-87.72985826,ROBBERY,7,8
41.852868298,-87.63091491,THEFT,8,8
41.900870422,-87.624184899,ROBBERY,4,8
41.780353685,-87.609264884,ROBBERY,0,8
41.876788256,-87.745411005,ROBBERY,3,8
41.879567359,-87.712913462,ROBBERY,1,8
41.677810006,-87.642302645,ROBBERY,10,8
41.877864969,-87.627666954,ROBBERY,1,8
41.872684032,-87.713791472,ROBBERY,0,8
41.685168816,-87.635242416,ROBBERY,0,8
41.824914418,-87.605655435,ROBBERY,23,8
41.955934352,-87.682287519,ROBBERY,21,8
41.852673409,-87.712358574,ROBBERY,23,8
41.927175129,-87.667009928,ROBBERY,21,8
41.885741029,-87.631711749,THEFT,17,8
41.765162688,-87.624896894,ROBBERY,8,8
41.904370109,-87.631460067,THEFT,17,8
41.889982151,-87.714509462,ROBBERY,14,8
41.895003278,-87.62152816,THEFT,10,8
41.909740492,-87.737301918,ROBBERY,13,8
41.977040052,-87.672683537,ROBBERY,13,8
41.915775297,-87.736290493,ROBBERY,13,8
41.794523788,-87.596530603,THEFT,11,8
41.750486532,-87.624955674,THEFT,13,8
41.970560964,-87.726880123,ROBBERY,10,8
41.866264617,-87.718273702,ROBBERY,1,8
41.975729415,-87.654989539,THEFT,10,8
41.775639009,-87.645898477,ROBBERY,8,8
41.890695236,-87.684599457,ROBBERY,5,8
41.80888194,-87.61958096,ROBBERY,16,8
41.891617801,-87.67265368,ROBBERY,5,8
42.006459723,-87.661197694,ROBBERY,4,8
41.8744151,-87.627609439,THEFT,0,8
41.745695613,-87.702279976,ROBBERY,11,8
41.691661449,-87.624407855,ROBBERY,21,8
41.890051565,-87.62891376,THEFT,2,8
41.901221584,-87.70673844,ROBBERY,21,8
41.813085944,-87.621313392,ROBBERY,21,8
41.800820216,-87.669633576,ROBBERY,1,8
41.691638449,-87.626465785,ROBBERY,21,8
41.88320802,-87.633498478,ROBBERY,19,8
41.880775433,-87.627029031,THEFT,18,8
41.751649411,-87.664679854,ROBBERY,13,8
41.963562068,-87.757019744,THEFT,16,8
41.853202065,-87.729674813,ROBBERY,14,8
41.867131594,-87.720802297,ROBBERY,18,8
41.8614393,-87.720155461,ROBBERY,17,8
41.885741529,-87.631344503,THEFT,22,8
41.894898651,-87.75973838,ROBBERY,18,8
41.779000241,-87.701238632,ROBBERY,16,8
41.802370862,-87.596286669,ROBBERY,15,8
41.924629465,-87.714759032,ROBBERY,15,8
41.885741029,-87.631711749,THEFT,15,8
41.901869443,-87.718968006,ROBBERY,3,8
41.915767137,-87.728960661,ROBBERY,11,8
41.889967243,-87.659214079,ROBBERY,22,8
41.874374287,-87.724012035,ROBBERY,23,8
41.897340797,-87.625876834,ROBBERY,23,8
41.737246605,-87.562085194,ROBBERY,22,8
41.911964629,-87.632111653,THEFT,20,8
41.862923669,-87.639108902,THEFT,18,8
41.746259974,-87.663332294,ROBBERY,18,8
41.744985502,-87.606272864,ROBBERY,3,8
41.934519702,-87.650372988,ROBBERY,0,8
41.751245333,-87.568660742,ROBBERY,0,8
41.902701761,-87.763845193,ROBBERY,1,8
41.871846166,-87.653023249,ROBBERY,0,8
41.710578526,-87.62358842,ROBBERY,1,8
41.735441394,-87.655758015,ROBBERY,10,8
41.893261633,-87.628801359,THEFT,0,8
41.890013771,-87.631705393,THEFT,23,8
41.76587359,-87.576294705,ROBBERY,3,8
41.910249866,-87.693751367,ROBBERY,1,8
41.791130303,-87.710840721,ROBBERY,1,8
41.871000907,-87.701537329,ROBBERY,0,8
41.80779181,-87.703963414,ROBBERY,1,8
41.77488441,-87.610151271,ROBBERY,13,8
41.78118765,-87.623730594,ROBBERY,11,7
41.908925763,-87.802819807,ROBBERY,14,6
41.891770726,-87.717959287,ROBBERY,9,8
41.751013563,-87.620980989,ROBBERY,20,8
41.905735457,-87.666233704,ROBBERY,22,8
41.952327266,-87.679181047,ROBBERY,22,8
41.896108086,-87.760682542,ROBBERY,22,8
41.956165677,-87.665704352,ROBBERY,21,8
41.978052908,-87.692576858,ROBBERY,22,8
41.710925838,-87.685644714,ROBBERY,20,8
41.769809227,-87.645748107,ROBBERY,21,8
41.809487437,-87.588307789,ROBBERY,21,8
41.865214622,-87.72880922,ROBBERY,20,8
41.982494207,-87.662520098,ROBBERY,14,8
41.893676531,-87.635628328,THEFT,4,8
41.678349533,-87.662496042,ROBBERY,2,8
41.885191719,-87.624486846,THEFT,16,8
41.759085126,-87.658815348,ROBBERY,5,8
41.884276366,-87.622021816,THEFT,18,8
41.837782374,-87.732880255,ROBBERY,3,8
41.946658527,-87.708896246,ROBBERY,21,8
41.893179585,-87.634686145,ROBBERY,3,8
41.770615749,-87.732308322,ROBBERY,7,8
41.841778489,-87.722042371,ROBBERY,3,8
41.752892887,-87.582120402,ROBBERY,5,8
41.713753878,-87.642987258,ROBBERY,5,8
41.922786529,-87.645045119,THEFT,22,8
41.856125838,-87.713910929,ROBBERY,16,8
41.816760495,-87.609889444,ROBBERY,22,8
41.909443652,-87.630923227,ROBBERY,18,8
41.880489945,-87.745887499,ROBBERY,5,8
41.749134679,-87.623797861,ROBBERY,18,8
41.877299992,-87.708749389,THEFT,1,8
41.881722193,-87.624356274,THEFT,15,8
41.886843497,-87.765098817,ROBBERY,16,8
41.721194807,-87.664043287,ROBBERY,15,8
41.907926167,-87.64819515,ROBBERY,1,8
41.721943127,-87.590645969,ROBBERY,0,8
41.879063556,-87.761782127,ROBBERY,0,8
41.998375714,-87.670700712,THEFT,3,8
42.018498254,-87.672983233,THEFT,2,8
41.894821547,-87.632133928,ROBBERY,2,8
41.749565105,-87.684058121,THEFT,18,8
41.78315608,-87.613270225,ROBBERY,20,8
41.828851109,-87.631460054,ROBBERY,12,8
41.764349018,-87.673521113,ROBBERY,9,8
41.906276004,-87.670011875,ROBBERY,8,8
41.924857153,-87.692231173,ROBBERY,5,8
41.885741029,-87.631711749,THEFT,14,8
41.807499342,-87.590234482,ROBBERY,22,8
41.836030805,-87.718221999,ROBBERY,14,7
41.885741029,-87.631711749,THEFT,17,8
41.963533005,-87.711989219,ROBBERY,23,8
41.76607541,-87.575687513,ROBBERY,14,8
41.719072732,-87.625454616,ROBBERY,14,8
41.873454991,-87.724534806,ROBBERY,3,8
41.855972736,-87.717590462,ROBBERY,13,8
42.018498254,-87.672983233,THEFT,3,8
41.821518024,-87.618490443,ROBBERY,8,8
41.710707509,-87.597840134,ROBBERY,4,8
41.773485276,-87.633262777,ROBBERY,7,8
41.954301137,-87.752276131,ROBBERY,10,8
41.891401361,-87.744336798,ROBBERY,4,8
41.796957266,-87.593433172,ROBBERY,22,8
41.899064749,-87.721007793,ROBBERY,15,8
41.892017191,-87.754269682,ROBBERY,20,8
41.791788842,-87.662088297,ROBBERY,17,8
41.869625333,-87.725301773,ROBBERY,18,8
41.768096835,-87.663878589,ROBBERY,15,8
41.736702644,-87.601002338,ROBBERY,9,8
41.8804407,-87.749684919,ROBBERY,3,8
42.005168784,-87.682422303,ROBBERY,5,8
41.785930664,-87.723266186,ROBBERY,2,8
41.883579906,-87.709452068,ROBBERY,0,8
41.793121443,-87.732255805,ROBBERY,2,8
41.967483718,-87.7133371,ROBBERY,0,8
41.880751096,-87.723855981,ROBBERY,22,8
41.896922593,-87.62570147,ROBBERY,23,8
41.89430185,-87.724829039,ROBBERY,23,8
41.732425977,-87.588037599,ROBBERY,22,8
41.754592961,-87.741528537,ROBBERY,14,7
41.884007198,-87.759281286,ROBBERY,19,6
41.885748304,-87.627525121,THEFT,17,8
41.885191719,-87.624486846,THEFT,16,8
41.885191719,-87.624486846,THEFT,14,8
41.881623795,-87.626200793,THEFT,12,8
41.744703128,-87.645085294,THEFT,14,8
41.874621573,-87.754848987,THEFT,9,8
41.879079395,-87.624341423,THEFT,11,8
41.751457646,-87.552892516,ROBBERY,8,8
41.853633845,-87.734570978,THEFT,11,8
41.759727521,-87.592043057,THEFT,12,8
41.885741029,-87.631711749,THEFT,5,8
41.916017601,-87.677582632,ROBBERY,18,8
41.976762981,-87.900983721,THEFT,1,8
41.883210946,-87.631280397,THEFT,15,8
41.886817431,-87.63452043,ROBBERY,23,8
41.88320802,-87.633498478,ROBBERY,23,8
41.866286618,-87.715725607,ROBBERY,23,8
41.721224218,-87.662028315,ROBBERY,18,8
41.820263549,-87.614916441,ROBBERY,23,8
41.701174072,-87.619656445,ROBBERY,23,8
41.692363894,-87.64150249,ROBBERY,21,8
41.953025235,-87.778378288,ROBBERY,17,8
41.722451478,-87.623754488,ROBBERY,3,8
41.688282809,-87.605904857,ROBBERY,5,8
41.894308615,-87.628139749,THEFT,3,8
41.88023916,-87.765315233,ROBBERY,7,8
41.88561737,-87.756949579,ROBBERY,1,8
41.719506128,-87.620537873,THEFT,6,8
41.745320376,-87.606283743,ROBBERY,21,8
41.91020429,-87.698395528,ROBBERY,0,8
41.910743054,-87.749228937,ROBBERY,1,8
41.778527609,-87.723981624,ROBBERY,1,8
41.725300675,-87.604556978,THEFT,9,8
41.976290414,-87.905227221,THEFT,15,8
41.880579428,-87.627732563,THEFT,18,8
41.885741029,-87.631711749,THEFT,19,8
41.976315575,-87.748030677,ROBBERY,17,8
41.898790182,-87.740327597,ROBBERY,16,8
41.947222328,-87.68827238,ROBBERY,17,8
41.925398601,-87.652337017,THEFT,8,8
41.884790951,-87.624469241,THEFT,11,8
41.871530533,-87.744926805,THEFT,14,8
41.717227708,-87.5352822,ROBBERY,12,8
41.884434972,-87.774796793,ROBBERY,22,8
41.782655024,-87.664299154,ROBBERY,16,8
41.739677465,-87.616229405,ROBBERY,19,8
41.748370093,-87.625752166,ROBBERY,16,8
41.882880585,-87.698023476,ROBBERY,0,8
41.80042095,-87.598197793,ROBBERY,21,8
41.903919035,-87.630396032,THEFT,14,8
41.852419963,-87.711164439,ROBBERY,12,8
41.875136518,-87.735897791,ROBBERY,19,8
41.750185415,-87.644029945,ROBBERY,6,8
41.882774244,-87.629427024,THEFT,12,8
41.809674573,-87.593910414,THEFT,16,8
41.78228741,-87.6946983,ROBBERY,1,8
41.772998982,-87.576478539,ROBBERY,1,8
41.745815753,-87.603474871,ROBBERY,23,8
41.886017951,-87.624521781,THEFT,8,5
41.854302497,-87.713697274,ROBBERY,21,8
42.004863381,-87.660861288,THEFT,15,6
41.871833046,-87.726591619,ROBBERY,13,8
41.677260659,-87.625093036,ROBBERY,5,8
41.904370109,-87.631460067,ROBBERY,23,8
41.756244883,-87.605328499,ROBBERY,10,8
41.87690303,-87.741044048,THEFT,21,8
41.779124124,-87.640849396,ROBBERY,21,8
41.902132368,-87.766348138,ROBBERY,5,8
42.015493729,-87.676392437,ROBBERY,22,8
41.896888586,-87.628203192,ROBBERY,22,8
41.904370109,-87.631460067,THEFT,15,8
41.945155904,-87.669491378,THEFT,1,8
41.908137401,-87.673963872,THEFT,2,8
41.744190468,-87.58629292,ROBBERY,16,8
41.954496783,-87.653939043,ROBBERY,0,8
41.889945222,-87.662482973,ROBBERY,15,8
41.897131302,-87.766689895,ROBBERY,13,7
41.884162337,-87.624439467,THEFT,14,8
41.88591938,-87.720924005,ROBBERY,9,8
41.886596135,-87.690597666,ROBBERY,5,8
41.794533814,-87.631438536,ROBBERY,13,8
41.882381731,-87.629412971,THEFT,13,8
41.882080827,-87.636771693,THEFT,7,8
41.872974978,-87.730300239,ROBBERY,9,8
41.891662431,-87.628466349,ROBBERY,12,8
41.899882907,-87.709352172,ROBBERY,12,8
41.903304304,-87.670064675,ROBBERY,7,8
41.852837101,-87.632996441,THEFT,15,8
41.875039843,-87.74374167,ROBBERY,20,8
41.802064797,-87.618640688,THEFT,4,8
41.885741029,-87.631711749,THEFT,17,8
41.877322622,-87.706858122,ROBBERY,17,8
41.884363351,-87.714262554,ROBBERY,17,8
41.831050489,-87.622732491,ROBBERY,18,8
41.839474378,-87.641446839,THEFT,15,8
41.884013483,-87.627896757,THEFT,14,8
41.765838575,-87.68449889,ROBBERY,14,8
41.775288853,-87.666575377,ROBBERY,23,8
41.846101794,-87.72379592,ROBBERY,16,8
41.887956917,-87.772764576,ROBBERY,12,8
41.99157427,-87.655431953,THEFT,7,8
41.903083471,-87.666051927,ROBBERY,3,8
41.751375148,-87.55895132,ROBBERY,21,8
41.97551745,-87.729569215,ROBBERY,22,8
41.883527335,-87.725750205,ROBBERY,22,8
41.876121224,-87.641003973,THEFT,19,8
42.018264962,-87.67584503,THEFT,5,8
41.882381731,-87.629412971,THEFT,18,8
41.78131246,-87.605950633,ROBBERY,6,8
41.760903559,-87.644303769,ROBBERY,23,8
41.967158886,-87.751412854,ROBBERY,23,8
41.885426371,-87.630966024,THEFT,18,8
41.877532811,-87.672387519,ROBBERY,19,8
41.778099133,-87.633828531,THEFT,20,8
41.96119177,-87.707364558,THEFT,1,8
41.750564801,-87.649193107,THEFT,13,8
41.929743818,-87.684273777,THEFT,17,8
41.896281615,-87.748288208,THEFT,20,8
41.900259319,-87.690038243,ROBBERY,23,8
41.904142408,-87.675984979,ROBBERY,9,8
41.885741029,-87.631711749,THEFT,14,8
41.830899475,-87.634798732,THEFT,20,8
41.972132776,-87.747907169,ROBBERY,23,8
41.995233085,-87.713340065,ROBBERY,22,8
41.896752197,-87.756140569,ROBBERY,21,8
41.909553442,-87.75166448,ROBBERY,21,8
41.722392879,-87.581314566,ROBBERY,20,8
41.966081547,-87.657908498,ROBBERY,20,8
41.905844192,-87.726398267,ROBBERY,18,8
41.893298918,-87.626384218,THEFT,17,8
41.808634077,-87.645527495,ROBBERY,12,8
42.00202818,-87.680268931,ROBBERY,12,8
41.868385458,-87.639229711,ROBBERY,10,8
41.920861843,-87.723518521,ROBBERY,5,8
41.780218151,-87.684889246,ROBBERY,6,8
41.904370109,-87.631460067,THEFT,8,8
41.901042458,-87.662873742,ROBBERY,5,8
41.993228887,-87.689735615,ROBBERY,4,8
41.741670871,-87.603752655,ROBBERY,1,8
41.885741029,-87.631711749,THEFT,0,8
41.884493504,-87.627414073,ROBBERY,18,8
41.862132355,-87.666264958,ROBBERY,17,8
41.910209871,-87.772742592,ROBBERY,9,8
41.789705338,-87.668120125,ROBBERY,15,8
41.903824088,-87.72633291,ROBBERY,0,7
41.916894725,-87.749051596,THEFT,13,6
41.93856853,-87.767106075,ROBBERY,13,4
41.81611063,-87.621393611,THEFT,22,8
41.794325001,-87.624693192,ROBBERY,12,8
41.884457946,-87.624315012,THEFT,9,8
41.880200375,-87.692754859,THEFT,6,8
41.815829892,-87.670318697,ROBBERY,4,8
41.928707991,-87.673461761,ROBBERY,4,8
41.865620656,-87.725148813,ROBBERY,4,8
41.816694925,-87.613430247,ROBBERY,2,8
41.834397774,-87.718186263,ROBBERY,2,8
41.994567578,-87.65905678,THEFT,1,8
41.695799448,-87.620785048,ROBBERY,22,8
41.804235433,-87.666073619,ROBBERY,23,8
41.707968517,-87.652593046,ROBBERY,14,8
41.913174046,-87.675091385,ROBBERY,9,7
41.778495502,-87.695813812,ROBBERY,0,8
41.990033137,-87.736700595,ROBBERY,22,8
41.889751946,-87.631072891,ROBBERY,2,8
41.751188365,-87.610739804,ROBBERY,18,8
41.761086517,-87.586199606,ROBBERY,17,8
41.873119908,-87.745551103,ROBBERY,15,8
41.90896722,-87.687184491,ROBBERY,22,8
41.800341449,-87.591806203,ROBBERY,20,8
41.754607889,-87.565076854,ROBBERY,17,8
41.928772886,-87.724446425,ROBBERY,19,8
41.895683533,-87.627702231,ROBBERY,10,8
41.814977932,-87.701754405,ROBBERY,5,8
41.884389103,-87.706866213,ROBBERY,0,8
41.896419049,-87.716346281,ROBBERY,19,8
41.736952615,-87.66309196,ROBBERY,14,8
42.018498254,-87.672983233,ROBBERY,15,8
41.885741529,-87.631344503,THEFT,14,8
42.018498254,-87.672983233,ROBBERY,0,8
41.716473666,-87.570944732,ROBBERY,14,8
41.967004323,-87.658498114,ROBBERY,12,8
41.911406122,-87.750104626,ROBBERY,1,8
41.890300993,-87.763386087,ROBBERY,2,8
41.89001546,-87.63153276,ROBBERY,1,8
41.909272539,-87.774113762,ROBBERY,23,8
41.883110616,-87.761639565,ROBBERY,17,8
41.911402836,-87.626419612,THEFT,13,8
41.885481891,-87.627935689,THEFT,12,8
41.861683236,-87.710410189,ROBBERY,14,8
41.878840427,-87.639582928,THEFT,6,8
41.886790456,-87.728910671,ROBBERY,1,8
41.891404732,-87.628061509,THEFT,1,8
41.937978264,-87.67830595,ROBBERY,3,8
41.797670534,-87.665030507,THEFT,1,8
41.915999403,-87.74783627,ROBBERY,0,8
41.9305046,-87.648938479,ROBBERY,18,8
42.019527044,-87.688866955,ROBBERY,9,8
41.874127193,-87.647120593,THEFT,12,8
41.938593616,-87.764963064,ROBBERY,20,7
41.961232178,-87.701216639,ROBBERY,5,8
41.798955787,-87.652569818,ROBBERY,23,8
41.876008053,-87.626035048,ROBBERY,23,8
41.714738706,-87.560999159,ROBBERY,22,8
41.722427751,-87.578680397,ROBBERY,19,8
41.869703985,-87.71791397,ROBBERY,23,8
41.965909558,-87.705946849,ROBBERY,21,8
41.877649878,-87.74272258,ROBBERY,19,8
41.890032024,-87.630203077,ROBBERY,2,8
41.868534276,-87.662424177,ROBBERY,2,8
41.911609558,-87.679365506,ROBBERY,4,8
41.881556538,-87.627758535,THEFT,17,8
41.758090343,-87.633807628,ROBBERY,14,8
41.910121292,-87.638560993,THEFT,14,8
41.799123774,-87.587265261,THEFT,2,8
41.756623356,-87.55303151,ROBBERY,13,8
41.779279263,-87.676616458,THEFT,1,8
41.898767916,-87.624116333,THEFT,15,8
41.909097722,-87.789133621,ROBBERY,13,8
41.931582515,-87.742747165,THEFT,15,8
41.885001213,-87.725791327,ROBBERY,12,8
41.729183264,-87.60100715,ROBBERY,13,8
41.863873951,-87.708032037,ROBBERY,12,8
41.706925829,-87.642045876,ROBBERY,9,8
41.891404732,-87.628061509,THEFT,2,8
41.882177654,-87.745350586,ROBBERY,2,8
41.880401861,-87.752850634,ROBBERY,4,8
41.889177567,-87.633183586,ROBBERY,23,8
41.911116804,-87.638454676,ROBBERY,19,8
41.766259585,-87.665067012,THEFT,18,8
41.981345458,-87.674551542,ROBBERY,23,8
41.768096835,-87.663878589,ROBBERY,11,8
41.866184544,-87.724361483,ROBBERY,0,8
41.868541914,-87.639235361,THEFT,13,2
41.770988374,-87.586268005,ROBBERY,1,8
41.927992712,-87.641913321,ROBBERY,20,7
41.922564008,-87.697350698,ROBBERY,16,8
41.883563352,-87.75396043,ROBBERY,15,8
41.885741029,-87.631711749,THEFT,18,8
41.87494761,-87.732826253,ROBBERY,8,8
41.90093755,-87.715601187,ROBBERY,15,8
41.736625423,-87.60656135,ROBBERY,23,8
41.874349834,-87.726130876,ROBBERY,19,8
41.815782234,-87.619772142,ROBBERY,21,8
41.907078886,-87.680822425,ROBBERY,21,8
41.853505832,-87.695498927,ROBBERY,17,8
41.788731946,-87.625550503,ROBBERY,2,8
41.880658696,-87.731311277,ROBBERY,0,8
41.921135215,-87.663729029,ROBBERY,4,8
41.751651017,-87.665900202,ROBBERY,5,8
41.910723346,-87.677471499,ROBBERY,3,8
41.90028343,-87.687977308,ROBBERY,1,8
41.704567385,-87.635512351,ROBBERY,0,8
42.004893586,-87.660864649,ROBBERY,2,8
41.74181305,-87.604967558,ROBBERY,2,8
41.893964211,-87.636003504,THEFT,3,8
41.844252543,-87.724903476,ROBBERY,2,8
41.882381731,-87.629412971,THEFT,13,8
41.82584221,-87.607860994,ROBBERY,3,8
41.903708614,-87.631437924,THEFT,16,8
41.880509252,-87.624358666,THEFT,13,8
41.785373819,-87.6085264,ROBBERY,13,8
41.935473395,-87.663663596,ROBBERY,13,8
41.88946287,-87.624222942,THEFT,14,8
41.960769869,-87.678947633,THEFT,4,8
41.779903748,-87.635447784,ROBBERY,3,8
41.893179406,-87.634656764,THEFT,1,8
41.744830331,-87.602577269,ROBBERY,1,8
41.741803541,-87.607367713,ROBBERY,17,8
41.736259984,-87.628068782,THEFT,19,8
41.880518571,-87.743441605,ROBBERY,2,8
41.878840427,-87.639582928,THEFT,15,8
41.875328156,-87.705963317,ROBBERY,16,8
41.801358629,-87.661698689,ROBBERY,14,8
41.751208679,-87.609607175,THEFT,17,8
41.794976356,-87.667042466,ROBBERY,11,8
41.759811611,-87.566389244,ROBBERY,11,8
41.737318723,-87.71927111,ROBBERY,21,8
41.750940757,-87.625185222,ROBBERY,19,8
41.88771985,-87.761969397,ROBBERY,5,8
41.872924943,-87.744991122,ROBBERY,1,8
41.765115668,-87.589664429,ROBBERY,1,8
41.77312998,-87.665310977,ROBBERY,1,8
41.935721524,-87.727089019,ROBBERY,4,8
41.883829743,-87.614201099,ROBBERY,0,8
41.747620598,-87.555243974,ROBBERY,2,8
41.732796839,-87.586827961,ROBBERY,1,8
41.889745245,-87.634022095,THEFT,15,8
41.954614809,-87.708035521,THEFT,18,8
41.735478834,-87.643601006,THEFT,8,8
41.737478934,-87.637600036,ROBBERY,18,8
41.879297705,-87.627706271,THEFT,17,8
41.902697969,-87.723041199,ROBBERY,14,8
41.896274163,-87.713901444,ROBBERY,15,8
41.693640973,-87.641206872,ROBBERY,15,8
41.885481891,-87.627935689,THEFT,13,8
41.918001886,-87.722913776,ROBBERY,13,8
41.88033698,-87.629365643,THEFT,11,8
41.767191036,-87.627176601,ROBBERY,12,8
41.793935909,-87.625680278,ROBBERY,19,8
41.994042625,-87.69392474,THEFT,12,8
41.749118345,-87.594217306,ROBBERY,11,8
41.795023298,-87.660969048,ROBBERY,2,8
41.943948446,-87.649386514,THEFT,2,8
41.866184544,-87.724361483,ROBBERY,0,8
41.89912401,-87.629361363,THEFT,0,8
41.786736065,-87.665290751,ROBBERY,0,8
41.789806987,-87.649905425,ROBBERY,0,8
41.900403235,-87.725006203,ROBBERY,17,8
41.938554681,-87.768194131,THEFT,10,7
41.767104609,-87.63865832,ROBBERY,8,8
41.899072814,-87.631308707,ROBBERY,3,8
41.751181266,-87.663460692,ROBBERY,23,8
41.727456812,-87.571833309,ROBBERY,21,8
41.751955615,-87.584418146,ROBBERY,13,8
41.771216179,-87.662779386,ROBBERY,22,8
41.651431574,-87.617230951,ROBBERY,19,8
41.8363442,-87.626739832,ROBBERY,21,8
41.758172703,-87.626637744,ROBBERY,16,8
41.884335468,-87.619164088,THEFT,21,8
41.880518571,-87.743441605,ROBBERY,2,8
41.865186674,-87.711242595,ROBBERY,18,6
41.765618973,-87.619694123,ROBBERY,14,6
41.880569279,-87.738906066,ROBBERY,9,8
41.819541339,-87.664370254,ROBBERY,10,8
41.896442307,-87.655722728,THEFT,17,8
41.743220259,-87.636731919,ROBBERY,20,8
41.807499342,-87.590234482,ROBBERY,20,8
41.80888194,-87.61958096,ROBBERY,14,8
41.931918908,-87.716434262,ROBBERY,17,8
41.797999294,-87.67731288,ROBBERY,21,8
41.65543532,-87.596778721,ROBBERY,20,8
41.870724666,-87.628597294,ROBBERY,20,8
41.885226028,-87.669722872,ROBBERY,20,8
41.768096835,-87.663878589,ROBBERY,0,8
41.800908558,-87.644091747,ROBBERY,15,8
41.829776309,-87.626599252,ROBBERY,16,8
41.885490396,-87.726444052,ROBBERY,12,8
41.87574418,-87.755980808,ROBBERY,1,8
41.880835137,-87.623804244,THEFT,9,8
41.794960529,-87.671901705,ROBBERY,3,8
41.757567866,-87.605364858,ROBBERY,5,8
41.854567855,-87.652013433,ROBBERY,5,8
41.88093546,-87.709132611,ROBBERY,2,8
41.797310384,-87.589046623,ROBBERY,1,8
41.762118889,-87.701525295,ROBBERY,0,8
41.766581515,-87.586341127,ROBBERY,20,8
41.844291726,-87.721431241,ROBBERY,7,7
41.903478069,-87.631433102,ROBBERY,20,8
41.880708104,-87.629919733,ROBBERY,23,8
41.782655024,-87.664299154,ROBBERY,19,8
41.90352381,-87.66674162,THEFT,17,8
41.769707193,-87.659092657,ROBBERY,11,8
41.948131672,-87.797308029,THEFT,22,8
41.800645362,-87.665978833,ROBBERY,23,8
41.683031177,-87.642085705,ROBBERY,22,8
41.819068693,-87.70008535,ROBBERY,23,8
41.770483347,-87.721264393,ROBBERY,23,8
41.766044422,-87.644435709,ROBBERY,23,8
41.880257766,-87.764084913,ROBBERY,22,8
41.889534429,-87.760443773,ROBBERY,22,8
41.852868298,-87.63091491,ROBBERY,14,8
41.779789065,-87.602873445,ROBBERY,0,8
41.866168484,-87.725474038,ROBBERY,11,8
41.904370109,-87.631460067,THEFT,15,8
41.885481891,-87.627935689,THEFT,20,8
41.876620177,-87.62428048,THEFT,19,8
41.87435219,-87.726057418,ROBBERY,15,8
41.896733835,-87.642930114,THEFT,16,8
41.866260623,-87.71855276,THEFT,16,8
41.930049492,-87.685920733,THEFT,13,8
41.8841543,-87.730679873,ROBBERY,13,8
41.750361841,-87.656161828,ROBBERY,9,8
41.801538809,-87.616145232,ROBBERY,11,8
41.891404732,-87.628061509,THEFT,1,8
41.845331341,-87.620471518,ROBBERY,4,8
41.906980951,-87.7460488,ROBBERY,2,8
41.750001514,-87.644024583,THEFT,2,8
41.717979754,-87.631598209,ROBBERY,11,7
41.832301359,-87.617346723,ROBBERY,2,8
41.873807522,-87.69445629,THEFT,2,8
42.007070079,-87.661393635,ROBBERY,0,8
41.766282991,-87.615273397,ROBBERY,12,8
41.885741029,-87.631711749,THEFT,16,8
41.684719294,-87.63488118,ROBBERY,21,8
41.878089777,-87.741282785,ROBBERY,19,8
41.788576572,-87.647439696,ROBBERY,21,8
41.894848727,-87.765707358,ROBBERY,22,8
41.780110888,-87.615617777,THEFT,12,8
41.874566082,-87.732811466,ROBBERY,9,8
41.872005323,-87.744933466,ROBBERY,5,8
41.953982789,-87.696398756,ROBBERY,7,8
41.93687538,-87.795656506,ROBBERY,10,8
41.76932069,-87.578838536,ROBBERY,18,8
41.773294218,-87.590174849,ROBBERY,18,8
41.885741029,-87.631711749,THEFT,17,8
41.88465094,-87.75522124,ROBBERY,18,8
41.889906681,-87.624100509,THEFT,15,8
41.938882125,-87.742742299,ROBBERY,14,8
41.96621537,-87.693732416,ROBBERY,15,8
42.017499124,-87.668187508,THEFT,5,8
41.940573762,-87.654127293,THEFT,14,8
41.783973137,-87.703279754,THEFT,17,8
41.808929094,-87.616576329,ROBBERY,23,8
41.896943556,-87.624206307,THEFT,20,8
41.779012821,-87.664208692,ROBBERY,22,8
41.684415309,-87.657944725,ROBBERY,6,8
41.769808537,-87.665165814,ROBBERY,6,8
41.892757104,-87.712572811,ROBBERY,3,8
41.713554609,-87.622456903,ROBBERY,4,8
41.850679839,-87.622232656,THEFT,7,8
41.899629304,-87.715231782,ROBBERY,3,8
41.885741029,-87.631711749,THEFT,6,8
41.88018827,-87.626154195,ROBBERY,5,8
41.87950297,-87.626723575,ROBBERY,5,8
41.997717385,-87.690536524,ROBBERY,21,7
42.002351762,-87.672079596,ROBBERY,20,7
42.005379612,-87.670352091,ROBBERY,19,7
41.803978979,-87.667279298,ROBBERY,15,6
41.752689332,-87.723339178,ROBBERY,1,1
41.709826766,-87.627182158,ROBBERY,1,8
41.865538932,-87.720101604,ROBBERY,1,8
41.933664036,-87.64769925,ROBBERY,2,8
41.958010544,-87.652747282,ROBBERY,0,8
41.966053999,-87.657890403,ROBBERY,1,8
41.879297705,-87.627706271,THEFT,14,8
41.878099868,-87.635570127,THEFT,18,8
41.743086665,-87.605008128,ROBBERY,14,8
41.868039638,-87.721259897,THEFT,22,8
41.947225886,-87.655545441,THEFT,22,8
41.901794019,-87.627998616,THEFT,22,8
41.801538809,-87.616145232,ROBBERY,11,8
41.766180932,-87.582145021,ROBBERY,13,8
41.884276844,-87.622098929,THEFT,21,8
41.911746725,-87.802201274,ROBBERY,19,8
41.811063477,-87.625319391,ROBBERY,2,8
41.809196402,-87.628285382,ROBBERY,5,8
41.824249366,-87.633774023,ROBBERY,23,8
41.880992442,-87.704486793,ROBBERY,22,8
41.867072031,-87.72612265,ROBBERY,9,8
41.899205739,-87.624357592,ROBBERY,22,8
41.892241945,-87.748798864,ROBBERY,22,8
41.865483238,-87.721493543,ROBBERY,12,8
41.888092864,-87.755348129,ROBBERY,18,8
41.868541914,-87.639235361,ROBBERY,12,8
41.745761357,-87.57100875,ROBBERY,9,8
42.001539066,-87.660204629,ROBBERY,3,8
41.978108446,-87.904122758,THEFT,15,8
41.887216061,-87.765521526,ROBBERY,16,8
41.920858401,-87.649816872,ROBBERY,4,8
41.887849586,-87.625610638,THEFT,13,8
41.866996231,-87.62741936,THEFT,9,8
41.797549961,-87.622541592,ROBBERY,16,8
41.793241282,-87.664563122,ROBBERY,15,8
41.899945921,-87.627798561,ROBBERY,15,8
41.868165405,-87.62743954,THEFT,12,8
41.958032583,-87.652761754,ROBBERY,3,8
41.883221363,-87.625823296,ROBBERY,4,8
41.899421341,-87.764186563,ROBBERY,1,8
41.743722853,-87.545456061,ROBBERY,3,8
41.843742983,-87.728185628,ROBBERY,4,8
41.894951726,-87.64001463,ROBBERY,4,8
41.799116083,-87.587771459,ROBBERY,1,8
41.801137262,-87.622626646,ROBBERY,4,8
41.889751946,-87.631072891,THEFT,2,7
41.82949715,-87.624940179,ROBBERY,8,7
41.769663372,-87.685824021,ROBBERY,11,8
41.904370109,-87.631460067,THEFT,12,8
41.769250315,-87.689479275,ROBBERY,5,8
41.967340314,-87.650809437,ROBBERY,10,8
41.781294083,-87.644829807,ROBBERY,23,8
41.779249554,-87.683942092,THEFT,18,8
41.75291585,-87.559936962,ROBBERY,15,8
41.692957319,-87.538899524,ROBBERY,22,8
41.874837454,-87.755757646,THEFT,23,8
41.866996231,-87.62741936,THEFT,17,8
41.925540497,-87.665751819,ROBBERY,19,8
41.874086805,-87.62599014,ROBBERY,19,8
41.903931469,-87.629290187,THEFT,1,8
41.681109736,-87.642018411,ROBBERY,12,8
41.849858589,-87.714030121,ROBBERY,22,8
41.769318992,-87.676402799,ROBBERY,20,8
41.892529722,-87.757963571,THEFT,23,8
41.794402412,-87.620350386,ROBBERY,22,8
41.856125838,-87.713910929,ROBBERY,8,8
41.877076078,-87.726358432,ROBBERY,17,8
41.880903366,-87.712324013,ROBBERY,18,8
41.922786529,-87.645045119,THEFT,0,8
41.739817594,-87.604913162,THEFT,17,8
41.764376777,-87.703401867,ROBBERY,14,8
41.794772338,-87.618054279,ROBBERY,16,8
41.794398823,-87.704805893,ROBBERY,15,8
41.882381731,-87.629412971,THEFT,14,8
41.881556538,-87.627758535,THEFT,16,8
41.891404732,-87.628061509,THEFT,14,8
41.720350929,-87.549664664,ROBBERY,2,8
41.667706399,-87.620900934,ROBBERY,0,8
41.936924549,-87.648222979,THEFT,1,8
41.936295389,-87.652713593,ROBBERY,0,8
41.924696573,-87.766016113,ROBBERY,1,8
41.780352232,-87.66424243,ROBBERY,0,8
41.880689561,-87.631374096,THEFT,12,8
41.809428874,-87.613555623,THEFT,21,8
41.871836409,-87.709294579,ROBBERY,1,8
41.85032578,-87.634745245,ROBBERY,22,7
41.854912647,-87.634944935,ROBBERY,21,7
41.883938743,-87.683114423,ROBBERY,17,7
41.750832464,-87.605224746,ROBBERY,21,6
41.882389156,-87.624374606,THEFT,18,8
41.889751946,-87.631072891,THEFT,4,8
41.881547038,-87.740123512,ROBBERY,3,8
41.947763579,-87.649500126,THEFT,23,8
41.708419873,-87.633617566,ROBBERY,7,8
41.763894612,-87.681897673,ROBBERY,5,8
41.861907278,-87.736053996,ROBBERY,12,8
41.918257112,-87.689747288,THEFT,11,8
41.787778475,-87.688754894,ROBBERY,1,8
41.909484866,-87.75711332,ROBBERY,9,8
41.772285481,-87.625115462,THEFT,3,8
41.915084941,-87.74771236,ROBBERY,6,8
41.797097969,-87.795370509,ROBBERY,0,8
41.867131594,-87.720802297,ROBBERY,7,8
41.78131246,-87.605950633,ROBBERY,2,8
41.850756176,-87.631969403,ROBBERY,3,8
41.773371336,-87.583039945,ROBBERY,1,8
41.75652833,-87.592570988,ROBBERY,23,8
41.749378982,-87.609726672,ROBBERY,12,8
41.936942209,-87.719763502,ROBBERY,23,8
41.742778601,-87.555899707,ROBBERY,23,8
41.836010789,-87.626519656,ROBBERY,22,8
41.80710661,-87.616530622,ROBBERY,22,8
41.884162337,-87.624439467,THEFT,15,8
41.747393001,-87.585438607,ROBBERY,12,8
41.885155992,-87.711133375,ROBBERY,8,8
41.802145101,-87.664796963,ROBBERY,20,8
41.658635903,-87.617297524,ROBBERY,14,8
41.976290414,-87.905227221,THEFT,13,8
41.925228574,-87.662613222,ROBBERY,12,8
41.794611377,-87.627972184,ROBBERY,10,8
41.851198492,-87.724426567,ROBBERY,10,8
41.997511423,-87.702380769,ROBBERY,1,8
41.812719607,-87.606637175,ROBBERY,9,8
41.932575738,-87.657615295,ROBBERY,2,8
41.939496745,-87.641958131,ROBBERY,2,8
41.95208984,-87.647891491,ROBBERY,2,8
41.941751789,-87.653328207,ROBBERY,2,8
41.94255752,-87.639844636,ROBBERY,3,8
41.926296467,-87.702880861,ROBBERY,2,7
41.794906402,-87.659752752,THEFT,22,8
41.872892586,-87.620587588,ROBBERY,22,8
41.667961689,-87.641577151,ROBBERY,12,8
41.882833753,-87.702471034,ROBBERY,20,7
41.747752338,-87.556462671,ROBBERY,17,7
41.798567826,-87.659846439,ROBBERY,17,7
41.688059939,-87.622477701,ROBBERY,19,8
41.698809129,-87.559545667,ROBBERY,20,8
41.993475466,-87.68236489,ROBBERY,16,8
41.885741029,-87.631711749,THEFT,15,8
41.891162264,-87.639614884,ROBBERY,15,8
41.801491341,-87.622637403,THEFT,15,8
41.940535785,-87.638153735,ROBBERY,22,8
41.736800047,-87.655795029,ROBBERY,22,8
41.885741029,-87.631711749,THEFT,21,8
41.869966908,-87.713733265,ROBBERY,23,8
41.736933406,-87.66309216,ROBBERY,22,8
41.891461317,-87.665526502,ROBBERY,0,8
41.92938643,-87.707892425,ROBBERY,4,8
41.926710801,-87.64505071,ROBBERY,2,8
41.949555698,-87.644018328,ROBBERY,1,8
41.764005085,-87.694238174,ROBBERY,0,8
41.797049619,-87.644012075,ROBBERY,0,8
41.779219485,-87.68639517,ROBBERY,0,8
41.764106016,-87.576256836,ROBBERY,12,8
41.793436846,-87.654857841,ROBBERY,18,8
41.779202212,-87.687715222,ROBBERY,0,8
41.882381731,-87.629412971,THEFT,19,8
41.868948901,-87.659185293,ROBBERY,20,8
41.853626457,-87.724810973,ROBBERY,23,8
41.779244781,-87.684554417,ROBBERY,22,8
41.872642295,-87.716233534,ROBBERY,10,8
41.883216462,-87.629043927,THEFT,21,8
41.931582515,-87.742747165,THEFT,19,8
41.884727161,-87.773373043,ROBBERY,0,8
41.851644898,-87.716541842,ROBBERY,17,8
41.833506372,-87.679041998,ROBBERY,18,8
41.801021911,-87.692099046,ROBBERY,14,8
41.764693821,-87.648038682,ROBBERY,3,8
42.002225812,-87.680277948,THEFT,17,8
41.774330555,-87.615480591,ROBBERY,18,8
41.945121424,-87.645911357,THEFT,15,8
41.895032672,-87.631206037,THEFT,17,8
41.892289009,-87.744582066,ROBBERY,13,8
41.982161273,-87.668500261,THEFT,16,8
41.860909516,-87.705902374,ROBBERY,12,8
41.790591824,-87.590231774,ROBBERY,0,8
41.878144785,-87.631233035,THEFT,21,8
41.798645478,-87.792973727,ROBBERY,2,8
41.781184105,-87.615649806,ROBBERY,3,8
41.940015298,-87.668897807,ROBBERY,1,8
41.929061926,-87.650453257,ROBBERY,1,8
42.019381373,-87.672418401,ROBBERY,15,7
41.969936675,-87.659695364,ROBBERY,17,8
41.884144784,-87.636819048,THEFT,14,8
41.869839358,-87.686128445,ROBBERY,10,8
41.766035315,-87.580442229,ROBBERY,12,8
41.899105026,-87.716739169,ROBBERY,10,8
41.783032117,-87.623779921,ROBBERY,10,8
41.873907046,-87.725430093,THEFT,11,8
41.782827243,-87.622157907,ROBBERY,11,8
41.896685066,-87.627683859,ROBBERY,10,8
41.9101204,-87.706100347,ROBBERY,5,8
41.902957942,-87.693170281,ROBBERY,5,8
41.813259609,-87.59877365,ROBBERY,9,8
41.810408823,-87.666805534,ROBBERY,8,8
41.882910823,-87.69506334,ROBBERY,8,8
41.891404732,-87.628061509,THEFT,19,8
41.768096835,-87.663878589,ROBBERY,1,8
41.920028972,-87.678423415,ROBBERY,3,8
41.809952617,-87.666219702,THEFT,14,6
41.893321024,-87.625072769,ROBBERY,19,8
41.819663721,-87.63332867,ROBBERY,23,8
41.884640562,-87.629465296,THEFT,13,4
41.895960342,-87.64299354,THEFT,4,6
41.88451259,-87.647776992,ROBBERY,15,8
41.884180033,-87.684048419,ROBBERY,15,8
41.906755198,-87.763331599,ROBBERY,14,8
41.907143118,-87.672857317,THEFT,16,8
41.751256776,-87.606792121,ROBBERY,19,8
41.89428231,-87.721152644,ROBBERY,12,8
41.750975144,-87.623641998,ROBBERY,11,8
41.750635938,-87.644563836,ROBBERY,20,8
41.742705689,-87.657172998,ROBBERY,22,8
41.786534536,-87.647391795,ROBBERY,6,8
41.844527593,-87.704135675,ROBBERY,15,8
41.906503211,-87.639272492,ROBBERY,14,7
41.884606524,-87.765015813,ROBBERY,13,6
41.781646505,-87.613235784,ROBBERY,3,8
41.756259091,-87.624719943,ROBBERY,1,8
41.72550966,-87.585403058,ROBBERY,0,8
41.880717301,-87.72628358,ROBBERY,19,8
41.771568636,-87.661573303,ROBBERY,22,8
41.754619083,-87.562650544,ROBBERY,20,8
41.823761896,-87.622761725,ROBBERY,22,8
41.799520795,-87.723342683,THEFT,12,8
41.85216632,-87.676455032,ROBBERY,12,8
41.897230664,-87.721862775,ROBBERY,19,8
41.750075627,-87.644027455,ROBBERY,3,8
41.884284361,-87.622870035,THEFT,19,8
41.910110651,-87.707331169,ROBBERY,16,8
41.939297868,-87.71079478,THEFT,17,8
41.779798546,-87.641648739,THEFT,18,8
41.891394311,-87.669589248,ROBBERY,14,8
41.882429735,-87.627844406,THEFT,11,8
41.772519864,-87.708564508,ROBBERY,11,8
41.986015228,-87.699253826,ROBBERY,0,8
41.656839592,-87.597505573,ROBBERY,10,8
41.852840961,-87.626459189,THEFT,9,8
41.884335468,-87.619164088,THEFT,10,8
41.842002544,-87.720829166,ROBBERY,21,8
41.751464464,-87.644063902,THEFT,22,8
41.672025269,-87.629692781,ROBBERY,22,8
41.888119752,-87.765135251,ROBBERY,23,8
41.891581162,-87.762001097,ROBBERY,17,8
41.877864969,-87.627666954,THEFT,16,8
41.875646591,-87.735301874,ROBBERY,20,8
41.786559587,-87.679453562,ROBBERY,18,8
41.919532014,-87.768259126,ROBBERY,15,8
41.893179585,-87.634686145,THEFT,1,8
41.819422512,-87.611209533,ROBBERY,18,8
41.753952352,-87.666649653,ROBBERY,7,8
41.913600913,-87.794933386,ROBBERY,9,8
41.769417774,-87.569856281,THEFT,8,8
41.916426062,-87.719192156,ROBBERY,1,8
41.915851549,-87.711871422,ROBBERY,2,8
41.96542436,-87.655356257,THEFT,5,8
41.90831752,-87.746073287,ROBBERY,4,8
41.698668326,-87.538909797,ROBBERY,1,8
41.851560833,-87.723927618,ROBBERY,15,8
41.885730721,-87.634972962,THEFT,13,8
41.655374688,-87.602326895,ROBBERY,9,8
41.896685066,-87.627683859,ROBBERY,1,8
41.873809714,-87.694357132,ROBBERY,7,8
41.851668606,-87.714317311,ROBBERY,6,8
41.894195047,-87.775112112,ROBBERY,8,8
41.722578383,-87.662706548,ROBBERY,3,8
41.766003325,-87.686949501,ROBBERY,23,8
41.909636288,-87.745300725,ROBBERY,14,7
41.980949807,-87.656541365,ROBBERY,15,7
41.88033698,-87.629365643,THEFT,14,8
41.890719324,-87.745657892,THEFT,14,8
41.889751946,-87.631072891,THEFT,2,8
41.893179585,-87.634686145,THEFT,0,8
41.884335468,-87.619164088,THEFT,20,8
41.884335468,-87.619164088,THEFT,22,8
41.663458528,-87.619633912,THEFT,23,8
41.884333364,-87.619266937,ROBBERY,21,8
41.721185964,-87.624581602,THEFT,20,8
41.92082527,-87.769522744,ROBBERY,5,8
41.803090162,-87.670182311,ROBBERY,15,8
41.979838505,-87.668770837,ROBBERY,16,8
41.687801737,-87.642236002,ROBBERY,14,8
41.884333364,-87.619266937,THEFT,21,8
41.884333364,-87.619266937,THEFT,15,8
41.907153315,-87.639680572,ROBBERY,21,8
41.84425229,-87.724855768,ROBBERY,23,8
41.866994833,-87.731266936,ROBBERY,22,8
41.860330052,-87.716462056,ROBBERY,20,8
41.973263481,-87.658435722,ROBBERY,2,8
41.736922044,-87.551419766,ROBBERY,18,8
41.878222138,-87.627288482,ROBBERY,20,8
41.884492861,-87.626863229,THEFT,21,8
41.884333364,-87.619266937,THEFT,19,8
41.730561173,-87.607102309,ROBBERY,20,8
41.963312139,-87.722996234,ROBBERY,20,8
41.880910746,-87.711659284,ROBBERY,0,8
41.844361092,-87.716442982,ROBBERY,11,6
41.878931004,-87.639585621,ROBBERY,10,3
41.925230739,-87.662513983,ROBBERY,3,8
41.799563873,-87.587421525,ROBBERY,0,8
41.877649878,-87.74272258,ROBBERY,0,8
41.718664218,-87.551025769,ROBBERY,1,8
41.90994186,-87.720812006,ROBBERY,1,8
41.884335468,-87.619164088,THEFT,18,8
41.998186818,-87.660869046,ROBBERY,6,8
41.90088655,-87.775325658,THEFT,3,8
41.804133114,-87.703859846,THEFT,4,8
41.880346513,-87.757118129,ROBBERY,6,8
41.884335468,-87.619164088,THEFT,10,8
41.897960915,-87.635732292,ROBBERY,4,8
41.959395977,-87.701157577,ROBBERY,21,8
41.892816145,-87.624193198,THEFT,17,8
41.909851453,-87.673773564,ROBBERY,4,8
41.890051565,-87.62891376,ROBBERY,3,8
42.005578021,-87.658252499,ROBBERY,2,8
41.890053025,-87.628704402,THEFT,0,8
41.890812201,-87.631681964,ROBBERY,1,8
41.884335468,-87.619164088,THEFT,18,8
41.884335468,-87.619164088,THEFT,21,8
41.884333364,-87.619266937,THEFT,20,8
41.896371061,-87.721224523,ROBBERY,14,8
41.913584379,-87.713822273,ROBBERY,12,8
41.894291948,-87.664810182,ROBBERY,15,7
41.954359684,-87.663767383,THEFT,11,7
41.903141995,-87.63077557,ROBBERY,20,7
41.898196897,-87.679568487,ROBBERY,14,7
41.890853973,-87.628644182,ROBBERY,4,7
41.879449017,-87.732986074,ROBBERY,21,8
41.750001514,-87.644024583,THEFT,19,8
41.870477315,-87.620533646,THEFT,20,8
41.884335468,-87.619164088,THEFT,20,8
41.884335468,-87.619164088,THEFT,22,8
41.884335468,-87.619164088,THEFT,22,8
41.884335468,-87.619164088,THEFT,15,8
41.884333364,-87.619266937,THEFT,22,8
41.887231329,-87.755925133,ROBBERY,19,8
41.735513537,-87.637522325,ROBBERY,22,8
41.749398209,-87.67068756,THEFT,14,8
41.885741029,-87.631711749,THEFT,7,8
41.884333364,-87.619266937,THEFT,17,8
41.771501216,-87.587482793,ROBBERY,0,8
41.884335468,-87.619164088,THEFT,18,8
41.703205882,-87.613657589,ROBBERY,16,8
41.884333364,-87.619266937,THEFT,21,8
41.887155139,-87.62070451,THEFT,22,8
41.941640613,-87.660074149,ROBBERY,23,8
41.689328068,-87.657545525,ROBBERY,22,8
41.695799448,-87.620785048,ROBBERY,22,8
41.884333364,-87.619266937,THEFT,19,8
41.884333364,-87.619266937,THEFT,16,8
41.737064393,-87.575116277,ROBBERY,19,8
41.990902511,-87.695762289,ROBBERY,19,8
41.884333364,-87.619266937,THEFT,18,8
41.925398449,-87.652311296,THEFT,14,8
41.779310448,-87.674394341,ROBBERY,17,8
41.88537836,-87.624492127,THEFT,17,8
41.883014153,-87.754435442,ROBBERY,15,8
41.853622744,-87.625514585,ROBBERY,16,4
41.884335468,-87.619164088,THEFT,21,8
41.884335468,-87.619164088,THEFT,17,8
41.876540576,-87.624277688,THEFT,23,8
41.780155491,-87.586451255,ROBBERY,2,8
42.012808266,-87.664700179,ROBBERY,3,8
41.89293369,-87.764133978,THEFT,13,8
41.884335468,-87.619164088,THEFT,21,8
41.884335468,-87.619164088,THEFT,22,8
41.786079418,-87.683821839,ROBBERY,8,7
41.884333364,-87.619266937,THEFT,15,8
41.899258978,-87.631685006,ROBBERY,23,8
41.68803603,-87.633787235,THEFT,21,8
41.884333364,-87.619266937,THEFT,15,8
41.939300341,-87.711757734,THEFT,18,8
41.777052981,-87.675062702,THEFT,16,8
41.884335468,-87.619164088,THEFT,20,8
41.742600118,-87.664454959,ROBBERY,8,8
41.76508964,-87.623288534,THEFT,11,8
41.884335468,-87.619164088,THEFT,16,8
41.884335468,-87.619164088,THEFT,17,8
41.884335468,-87.619164088,THEFT,21,8
41.884335468,-87.619164088,THEFT,20,8
41.758536614,-87.586130225,ROBBERY,16,8
41.884335468,-87.619164088,THEFT,20,8
41.681732837,-87.642041028,ROBBERY,22,8
41.884333364,-87.619266937,THEFT,20,8
41.880237051,-87.765443776,THEFT,18,8
41.671565583,-87.623665762,ROBBERY,15,8
41.867088845,-87.620200483,THEFT,22,8
41.880898729,-87.619011408,THEFT,18,8
41.909152038,-87.652675042,THEFT,1,8
41.877352615,-87.702811356,ROBBERY,23,8
41.922843556,-87.711311187,ROBBERY,13,8
41.884333364,-87.619266937,THEFT,18,8
41.906906878,-87.670435159,ROBBERY,22,8
41.910962486,-87.662340099,ROBBERY,5,8
41.906386907,-87.715471511,ROBBERY,23,8
41.749632061,-87.585815728,ROBBERY,5,8
41.764682386,-87.663785792,ROBBERY,0,8
41.931277244,-87.653814325,ROBBERY,7,8
41.893676531,-87.635628328,THEFT,0,8
41.946430253,-87.663997398,ROBBERY,7,8
41.890032024,-87.630203077,THEFT,0,8
41.830954079,-87.630703226,ROBBERY,0,8
41.894266947,-87.631192386,ROBBERY,1,8
41.884333364,-87.619266937,THEFT,0,8
41.90316534,-87.629210442,THEFT,4,8
41.996751001,-87.67688322,ROBBERY,5,8
41.808929094,-87.616576329,ROBBERY,22,8
41.884333364,-87.619266937,THEFT,18,8
41.884335468,-87.619164088,THEFT,6,8
41.956454556,-87.727697707,THEFT,19,8
41.876742586,-87.748290197,ROBBERY,16,8
41.874233514,-87.630666333,ROBBERY,15,8
41.88233367,-87.627841791,THEFT,15,8
41.88107271,-87.696642296,ROBBERY,9,8
41.793105647,-87.665778349,ROBBERY,9,8
41.895361374,-87.726431415,ROBBERY,10,8
41.885879253,-87.630979425,THEFT,13,8
41.884335468,-87.619164088,THEFT,21,8
41.884335468,-87.619164088,THEFT,18,8
41.884335468,-87.619164088,THEFT,19,8
41.884335468,-87.619164088,THEFT,21,8
41.890032024,-87.630203077,THEFT,22,8
41.884335468,-87.619164088,THEFT,22,8
41.884335468,-87.619164088,THEFT,16,8
41.893428145,-87.765341632,THEFT,18,8
41.884335468,-87.619164088,THEFT,22,8
41.852071802,-87.682508633,THEFT,8,8
41.722362932,-87.583871749,THEFT,11,8
41.998202971,-87.659412043,THEFT,9,8
41.893822376,-87.772970392,ROBBERY,4,8
41.888358546,-87.765144152,ROBBERY,5,8
41.808069268,-87.70803582,ROBBERY,4,8
41.883171147,-87.741625138,ROBBERY,2,8
41.884335468,-87.619164088,THEFT,20,8
41.779798546,-87.641648739,THEFT,17,7
41.946488939,-87.718661096,ROBBERY,22,8
41.885730181,-87.634433124,THEFT,22,8
41.994166045,-87.685591379,ROBBERY,21,8
41.885741029,-87.631711749,THEFT,21,8
41.875292483,-87.705963666,ROBBERY,19,8
41.884790858,-87.681908593,ROBBERY,18,8
41.784771476,-87.620592765,ROBBERY,15,8
41.789592556,-87.693683399,ROBBERY,4,7
41.891404732,-87.628061509,ROBBERY,2,5
41.750323974,-87.658588247,ROBBERY,4,5
41.884335468,-87.619164088,THEFT,19,8
41.884333364,-87.619266937,THEFT,21,8
41.884335468,-87.619164088,THEFT,8,8
41.697958905,-87.630984694,ROBBERY,13,8
41.768559705,-87.663250604,ROBBERY,19,8
41.809934604,-87.665009423,ROBBERY,19,8
41.872795719,-87.704049438,ROBBERY,21,8
41.920565308,-87.662941315,ROBBERY,20,8
41.884389103,-87.706866213,ROBBERY,18,8
41.895389602,-87.723988622,ROBBERY,19,8
41.75938721,-87.60664544,ROBBERY,17,8
41.922519725,-87.772021205,ROBBERY,14,8
41.944953005,-87.649416212,ROBBERY,3,8
41.952087328,-87.837268602,ROBBERY,15,8
41.884422224,-87.619434875,THEFT,20,8
41.888438092,-87.624476665,THEFT,16,8
41.885601067,-87.651298208,ROBBERY,18,8
41.882394062,-87.627844798,THEFT,17,8
41.882381731,-87.629412971,THEFT,18,8
41.94161272,-87.649319586,ROBBERY,2,8
41.898650538,-87.748953467,ROBBERY,11,7
41.902678618,-87.725601735,ROBBERY,1,8
41.86703917,-87.624144053,THEFT,12,7
41.884335468,-87.619164088,THEFT,23,8
41.884335468,-87.619164088,THEFT,21,8
41.884335468,-87.619164088,THEFT,16,8
41.964313223,-87.661001082,ROBBERY,23,8
41.866792814,-87.719542592,ROBBERY,22,8
41.884335468,-87.619164088,THEFT,22,8
41.880302933,-87.760474828,ROBBERY,19,8
41.884333364,-87.619266937,THEFT,21,8
41.75063458,-87.616525242,ROBBERY,14,8
41.736264617,-87.627929503,ROBBERY,22,8
41.884333364,-87.619266937,THEFT,20,8
41.874380415,-87.723615426,ROBBERY,1,8
41.877427291,-87.696946533,ROBBERY,9,8
41.782434909,-87.714122033,ROBBERY,16,8
41.743997966,-87.603308578,ROBBERY,5,8
41.817398864,-87.692427281,ROBBERY,16,8
41.884333364,-87.619266937,THEFT,21,8
41.87766908,-87.629284766,THEFT,13,8
41.885481891,-87.627935689,THEFT,13,8
41.879097968,-87.632283818,THEFT,16,8
41.797322774,-87.751950648,THEFT,11,8
41.779304087,-87.67472071,ROBBERY,11,8
41.689530057,-87.621011671,ROBBERY,9,8
41.882842155,-87.755156756,ROBBERY,10,8
41.813134171,-87.632277284,ROBBERY,6,8
41.87001987,-87.709323261,ROBBERY,1,8
41.733542413,-87.652059289,ROBBERY,1,8
41.948803362,-87.669560141,ROBBERY,23,8
41.897266086,-87.671335601,ROBBERY,23,8
41.870028132,-87.708823855,ROBBERY,0,8
41.678769048,-87.617843118,ROBBERY,22,8
41.725661136,-87.575433532,ROBBERY,23,8
41.77266371,-87.607016167,ROBBERY,15,8
41.880717437,-87.726309284,THEFT,18,8
41.949292415,-87.670135884,ROBBERY,23,8
41.766824032,-87.657411001,ROBBERY,22,8
41.99258894,-87.678478338,ROBBERY,22,8
41.876891865,-87.74153986,ROBBERY,21,8
41.903708614,-87.631437924,ROBBERY,19,8
41.895732399,-87.687784384,ROBBERY,19,8
41.908170625,-87.674014962,ROBBERY,18,8
41.912117796,-87.760646006,THEFT,10,8
41.754592961,-87.741528537,THEFT,17,8
41.72244342,-87.660275653,ROBBERY,13,8
41.906733474,-87.72642658,ROBBERY,8,8
41.882381731,-87.629412971,THEFT,18,8
41.882848699,-87.641225131,THEFT,17,8
41.806777425,-87.606506266,ROBBERY,14,8
41.885741029,-87.631711749,THEFT,13,8
41.918912054,-87.653398053,ROBBERY,14,8
41.751151039,-87.575969317,ROBBERY,12,8
41.777273097,-87.690183606,ROBBERY,10,8
41.8924816,-87.627351831,THEFT,0,8
41.800757892,-87.665981333,ROBBERY,11,8
41.88450925,-87.648136917,ROBBERY,1,8
41.895971375,-87.686849035,ROBBERY,8,8
41.738675948,-87.553886354,ROBBERY,9,8
41.871832676,-87.709617718,ROBBERY,0,8
42.017109884,-87.668736199,ROBBERY,0,8
41.792831057,-87.676701837,ROBBERY,15,7
41.891404732,-87.628061509,THEFT,7,7
41.76587359,-87.576294705,THEFT,4,6
41.806457662,-87.655186296,ROBBERY,20,7
41.883216931,-87.628673023,THEFT,14,6
41.706366113,-87.686858719,ROBBERY,2,7
41.799551527,-87.588056142,ROBBERY,16,7
41.750293697,-87.61248323,ROBBERY,20,7
41.938633302,-87.761901059,ROBBERY,20,7
42.01608781,-87.680474697,ROBBERY,16,7
41.734993723,-87.631918643,ROBBERY,12,7
41.893179495,-87.634671454,THEFT,1,7
41.884476226,-87.631310613,THEFT,19,7
41.871589936,-87.661709306,ROBBERY,21,7
41.88256499,-87.67177748,ROBBERY,21,7
41.786515941,-87.68677283,ROBBERY,6,8
41.769278449,-87.58286403,THEFT,10,8
41.783601519,-87.606001759,ROBBERY,2,8
41.878091461,-87.741077138,ROBBERY,0,8
41.794792764,-87.616928218,ROBBERY,3,8
41.885741029,-87.631711749,THEFT,14,7
41.981693509,-87.666864773,THEFT,16,7
41.877864969,-87.627666954,THEFT,17,6
41.871561458,-87.710714493,ROBBERY,0,8
41.887084037,-87.651018015,ROBBERY,23,7
41.808685803,-87.602787347,ROBBERY,22,7
41.869039928,-87.705753118,ROBBERY,21,7
41.77845932,-87.700686668,ROBBERY,20,7
41.776045735,-87.590443709,ROBBERY,20,7
41.943059957,-87.653189333,THEFT,18,7
41.89486351,-87.629125336,THEFT,19,7
41.866376012,-87.708407828,ROBBERY,14,7
41.881883933,-87.640060441,THEFT,17,7
41.877628303,-87.735371526,ROBBERY,16,7
41.901550058,-87.698095575,ROBBERY,17,7
41.931679111,-87.642064612,ROBBERY,1,7
41.765763563,-87.586317625,ROBBERY,20,7
41.975501383,-87.805963607,ROBBERY,16,7
41.909957887,-87.755676281,ROBBERY,23,7
41.873907046,-87.725430093,ROBBERY,13,7
41.874288556,-87.725441164,ROBBERY,11,7
41.80462016,-87.684368169,ROBBERY,13,7
41.837887238,-87.71949228,ROBBERY,11,7
41.770932968,-87.589571579,ROBBERY,12,6
41.727806613,-87.567894692,ROBBERY,13,7
41.844459201,-87.709204691,ROBBERY,12,7
41.974367233,-87.713531445,ROBBERY,12,7
41.858342244,-87.72244262,ROBBERY,2,7
41.830701415,-87.621756659,ROBBERY,15,7
41.872709056,-87.624187857,THEFT,23,7
41.809297059,-87.591967028,ROBBERY,18,7
41.885741029,-87.631711749,THEFT,16,7
41.900547979,-87.765598114,ROBBERY,17,7
41.750410091,-87.629486066,ROBBERY,5,7
41.878840427,-87.639582928,THEFT,13,7
41.716940454,-87.57554699,ROBBERY,4,7
41.871324705,-87.744925021,ROBBERY,6,7
41.799607937,-87.656582484,ROBBERY,4,7
41.881882996,-87.639450868,THEFT,11,7
41.846633104,-87.724627678,ROBBERY,22,7
41.851949553,-87.618995915,THEFT,13,7
41.912138405,-87.633156819,ROBBERY,16,7
41.722573058,-87.567048361,ROBBERY,13,7
41.885741529,-87.631344503,THEFT,15,7
41.880489945,-87.745887499,ROBBERY,13,7
41.882012735,-87.726311713,ROBBERY,12,7
41.892907126,-87.76708717,THEFT,11,7
41.885667595,-87.735638101,ROBBERY,11,7
41.84425229,-87.724855768,ROBBERY,9,7
41.754878573,-87.722171321,ROBBERY,9,7
41.853828887,-87.620685495,THEFT,10,7
41.768575688,-87.662227701,ROBBERY,9,7
41.884493832,-87.627021129,THEFT,19,7
41.758086305,-87.59928956,ROBBERY,23,7
41.873907046,-87.725430093,ROBBERY,22,7
41.872750915,-87.735207703,ROBBERY,23,7
41.793175403,-87.675491838,ROBBERY,22,7
41.810900271,-87.662600425,ROBBERY,22,7
41.904394115,-87.630001432,ROBBERY,20,7
41.917719262,-87.65820928,ROBBERY,21,7
41.875133111,-87.736298051,ROBBERY,21,7
41.783183065,-87.623781923,ROBBERY,22,7
41.92939592,-87.770167564,ROBBERY,22,7
41.887376484,-87.654522146,ROBBERY,22,7
41.709180262,-87.611030982,ROBBERY,21,7
41.782394813,-87.620575088,ROBBERY,19,7
41.885741029,-87.631711749,THEFT,20,7
41.884924096,-87.630953163,ROBBERY,17,7
41.732865315,-87.585119891,ROBBERY,14,7
41.930386758,-87.645749863,ROBBERY,21,7
41.875323928,-87.631719215,THEFT,16,7
41.941074855,-87.648399087,ROBBERY,2,7
41.884476226,-87.631310613,THEFT,16,7
41.893676531,-87.635628328,THEFT,2,7
41.857432634,-87.675990013,THEFT,20,7
41.753372051,-87.644113126,ROBBERY,20,7
41.743391331,-87.605015678,ROBBERY,21,7
41.771502865,-87.587314143,ROBBERY,18,7
41.899115035,-87.715537942,ROBBERY,12,7
41.776150216,-87.74220661,ROBBERY,15,6
41.923997831,-87.643856226,ROBBERY,0,6
41.750782715,-87.625813624,ROBBERY,2,7
41.880745357,-87.724326068,ROBBERY,3,7
41.948312107,-87.659191557,ROBBERY,2,7
41.942919845,-87.66390179,ROBBERY,0,7
41.769073553,-87.630297501,ROBBERY,0,7
41.677830552,-87.620503762,ROBBERY,15,7
41.967549054,-87.715785423,ROBBERY,3,7
41.885741029,-87.631711749,THEFT,10,7
41.692638537,-87.619106399,ROBBERY,23,7
41.87435219,-87.726057418,ROBBERY,3,7
41.875272573,-87.624251314,THEFT,20,7
41.876446016,-87.696166813,ROBBERY,15,7
41.891412551,-87.647934597,THEFT,18,7
41.872823407,-87.726013143,ROBBERY,18,7
41.896265798,-87.655574,THEFT,17,7
41.836230523,-87.645536665,ROBBERY,19,7
41.921877776,-87.644518411,ROBBERY,14,7
41.748494145,-87.634813302,ROBBERY,16,7
41.967114799,-87.718216495,ROBBERY,2,7
41.721220015,-87.627438388,ROBBERY,14,7
41.801969727,-87.587709038,THEFT,18,7
41.764682386,-87.663785792,ROBBERY,16,7
41.798410368,-87.749413959,ROBBERY,13,7
41.874363279,-87.643013039,ROBBERY,12,7
41.797283882,-87.593440417,ROBBERY,12,7
41.944953005,-87.649416212,THEFT,3,7
41.888662662,-87.748644193,ROBBERY,2,7
41.890013771,-87.631705393,THEFT,2,7
41.893983235,-87.63461862,ROBBERY,4,7
41.896172886,-87.765442195,ROBBERY,0,7
41.782432685,-87.664290466,ROBBERY,4,7
41.881509134,-87.679081305,ROBBERY,1,7
41.78159369,-87.61444264,ROBBERY,0,7
41.759749714,-87.616735353,ROBBERY,2,7
41.78813302,-87.6992055,ROBBERY,3,7
41.889571081,-87.636973116,THEFT,1,7
41.776783945,-87.605448213,ROBBERY,1,7
41.866946079,-87.659735008,ROBBERY,14,7
41.78279012,-87.65458144,ROBBERY,23,7
41.972963404,-87.728159141,ROBBERY,18,7
41.928525595,-87.648867761,THEFT,1,7
41.839956322,-87.715890782,ROBBERY,13,7
41.947252263,-87.65350869,THEFT,2,7
41.845276717,-87.694677825,ROBBERY,4,7
41.875260744,-87.726096551,ROBBERY,5,7
41.896888586,-87.628203192,ROBBERY,6,7
41.885626774,-87.75609015,ROBBERY,5,7
41.904394115,-87.630001432,ROBBERY,5,7
41.88479231,-87.752781515,ROBBERY,19,7
41.902200612,-87.760194649,ROBBERY,12,7
41.96831643,-87.721234913,ROBBERY,18,7
41.815344336,-87.665140272,ROBBERY,1,7
41.788053301,-87.661991594,ROBBERY,13,7
41.759030974,-87.66363196,THEFT,11,7
41.910138649,-87.677440747,THEFT,15,7
41.730968886,-87.586790508,ROBBERY,16,7
41.934334428,-87.716036114,ROBBERY,15,7
41.92228434,-87.687560904,ROBBERY,21,6
41.779012821,-87.664208692,ROBBERY,0,7
41.893957888,-87.765362648,ROBBERY,15,7
41.875588919,-87.632421308,THEFT,19,7
41.883209386,-87.763291208,ROBBERY,16,7
41.873559064,-87.716268776,ROBBERY,23,7
41.895239896,-87.745814792,ROBBERY,21,7
41.890013771,-87.631705393,THEFT,0,7
41.898091745,-87.750776759,ROBBERY,22,7
41.706767978,-87.657025996,ROBBERY,20,7
41.79525934,-87.709117502,ROBBERY,22,7
41.887889134,-87.625793828,ROBBERY,1,7
41.741170915,-87.585745319,ROBBERY,3,7
41.738206547,-87.551444489,ROBBERY,20,7
41.90231718,-87.7495592,ROBBERY,8,7
41.778642413,-87.694595146,ROBBERY,9,7
41.882553868,-87.624383802,ROBBERY,9,7
41.783079768,-87.622166116,ROBBERY,9,7
41.82372869,-87.693193323,ROBBERY,1,7
41.786729308,-87.666016839,ROBBERY,0,7
41.872894484,-87.627560076,ROBBERY,0,7
41.917387541,-87.746137108,ROBBERY,0,7
41.94631018,-87.654297987,THEFT,17,7
41.84585638,-87.72460935,ROBBERY,18,7
41.84585638,-87.72460935,ROBBERY,18,7
41.84585638,-87.72460935,ROBBERY,17,7
41.857318013,-87.663749112,ROBBERY,23,7
41.967450492,-87.688866282,ROBBERY,12,7
41.845273415,-87.723352361,ROBBERY,2,7
42.004923771,-87.660864331,ROBBERY,22,6
41.871652181,-87.723531206,ROBBERY,17,7
41.882381731,-87.629412971,THEFT,13,7
41.817573449,-87.626300553,ROBBERY,16,7
41.758174759,-87.549934016,ROBBERY,21,7
41.740997762,-87.721639747,ROBBERY,15,7
41.939905846,-87.654410045,ROBBERY,20,7
41.978991238,-87.659941972,THEFT,16,7
41.996850539,-87.688635952,ROBBERY,17,7
41.791472014,-87.663287053,ROBBERY,14,7
41.87940511,-87.631799423,ROBBERY,17,7
41.882381731,-87.629412971,THEFT,16,7
41.946159169,-87.655678044,THEFT,1,7
41.741001049,-87.60979509,ROBBERY,16,7
41.771521464,-87.683429837,ROBBERY,16,7
41.881492431,-87.62938601,THEFT,13,7
41.88033698,-87.629365643,THEFT,16,7
41.801634875,-87.616147829,ROBBERY,12,7
41.784614846,-87.625441788,ROBBERY,11,7
41.791979753,-87.632929555,ROBBERY,7,7
41.896442307,-87.655722728,THEFT,6,7
41.921694887,-87.656216226,ROBBERY,4,7
41.782432685,-87.664290466,ROBBERY,0,7
41.891475999,-87.62537228,ROBBERY,0,7
41.781361155,-87.601088376,ROBBERY,0,7
41.743009401,-87.634095927,THEFT,15,7
41.896442307,-87.655722728,THEFT,19,7
41.765286276,-87.577122687,ROBBERY,0,7
41.880641841,-87.70611331,ROBBERY,19,7
41.746685097,-87.605110373,ROBBERY,14,7
41.76907549,-87.630165513,THEFT,15,7
41.880827171,-87.745289524,THEFT,15,7
41.72852756,-87.662150113,ROBBERY,18,7
41.884498939,-87.625621911,ROBBERY,14,7
41.870869779,-87.71373556,ROBBERY,23,7
41.858413159,-87.724945467,THEFT,17,7
41.903343349,-87.667801443,ROBBERY,0,7
41.887919288,-87.628019052,ROBBERY,3,7
41.70273219,-87.622206261,ROBBERY,1,7
41.764065037,-87.674726296,ROBBERY,2,7
41.849326633,-87.716149364,ROBBERY,19,7
41.7619185,-87.576209245,ROBBERY,1,7
41.890265219,-87.631089305,ROBBERY,1,7
41.7050135,-87.603940179,ROBBERY,19,7
41.924435828,-87.766007399,ROBBERY,22,7
41.793436846,-87.654857841,ROBBERY,0,7
41.755239277,-87.673277249,ROBBERY,23,7
41.909577258,-87.749867783,ROBBERY,23,7
41.745559362,-87.553989986,ROBBERY,22,7
41.722768379,-87.624410361,ROBBERY,1,7
41.940560511,-87.672071504,ROBBERY,0,7
41.67646088,-87.620463968,ROBBERY,0,7
41.768269451,-87.687318984,ROBBERY,13,7
41.984833964,-87.713087872,THEFT,14,7
41.779725566,-87.646408453,ROBBERY,13,7
41.779012821,-87.664208692,ROBBERY,9,7
41.879117911,-87.740564591,ROBBERY,3,7
41.831063762,-87.621330678,ROBBERY,2,7
41.884916598,-87.76334948,THEFT,12,7
41.951186446,-87.650562715,ROBBERY,0,7
41.739125643,-87.692348774,ROBBERY,23,7
41.893676531,-87.635628328,ROBBERY,3,7
41.874145725,-87.701021687,ROBBERY,20,7
41.883222494,-87.626006897,THEFT,17,7
41.885481891,-87.627935689,THEFT,18,7
41.882381731,-87.629412971,THEFT,15,7
41.854128907,-87.695522101,ROBBERY,12,7
41.882363356,-87.755443834,ROBBERY,23,7
41.866604054,-87.686645691,ROBBERY,17,7
41.752606251,-87.572342378,ROBBERY,5,7
41.752090412,-87.653779875,THEFT,19,7
41.847312612,-87.713650953,ROBBERY,22,7
41.761893505,-87.55846566,ROBBERY,5,7
41.750636801,-87.581659302,THEFT,4,7
41.750764865,-87.608857231,ROBBERY,20,7
41.994737874,-87.699542476,ROBBERY,4,7
41.736342753,-87.623238875,ROBBERY,18,7
41.779173667,-87.653277703,ROBBERY,1,7
41.722142026,-87.65661938,ROBBERY,7,7
41.749530884,-87.554066548,ROBBERY,11,7
41.767144454,-87.627188109,ROBBERY,21,7
41.907791643,-87.74680917,ROBBERY,10,7
41.892263752,-87.746080798,ROBBERY,23,7
41.819329274,-87.62310422,ROBBERY,22,7
41.964917443,-87.71325535,ROBBERY,16,7
41.879001279,-87.696233231,ROBBERY,18,7
41.879538948,-87.715278545,ROBBERY,17,7
41.775659328,-87.586294455,ROBBERY,15,7
41.922039747,-87.697330182,THEFT,17,7
41.892201869,-87.721095382,ROBBERY,6,7
41.886815464,-87.628361716,THEFT,10,7
41.776753913,-87.664147851,ROBBERY,6,7
41.960771905,-87.654718033,ROBBERY,21,7
41.878342431,-87.709690285,ROBBERY,23,7
41.749899475,-87.663426378,ROBBERY,20,7
41.903892302,-87.631858359,ROBBERY,19,7
41.706376588,-87.682394407,ROBBERY,0,7
41.904349062,-87.668029774,ROBBERY,15,6
41.89485258,-87.653263974,THEFT,16,7
41.880586939,-87.706110174,THEFT,11,7
41.695970822,-87.623199808,ROBBERY,19,7
41.799994639,-87.674479546,ROBBERY,11,7
41.670020962,-87.622405345,ROBBERY,20,7
41.721980734,-87.609004827,ROBBERY,22,7
41.786497532,-87.687891373,ROBBERY,12,7
41.939943264,-87.651924995,ROBBERY,2,7
41.909636288,-87.745300725,ROBBERY,22,7
41.923109586,-87.726668264,ROBBERY,19,7
41.764900898,-87.576943938,ROBBERY,15,7
41.907056567,-87.634586291,ROBBERY,18,7
41.886572269,-87.755292058,ROBBERY,17,7
41.891404732,-87.628061509,THEFT,18,7
41.88336939,-87.633860272,THEFT,17,7
41.880509252,-87.624358666,THEFT,16,7
41.896888586,-87.628203192,THEFT,15,7
41.7073771,-87.6096998,ROBBERY,10,7
41.673164189,-87.626118905,ROBBERY,8,7
41.782228091,-87.698354392,ROBBERY,1,7
41.781954235,-87.686162358,ROBBERY,11,7
41.751013563,-87.620980989,ROBBERY,0,7
41.748824266,-87.595429995,ROBBERY,22,7
41.871450654,-87.719699971,ROBBERY,3,1
41.749908192,-87.644021916,ROBBERY,1,7
41.757018244,-87.652694344,ROBBERY,1,7
41.716062028,-87.6285497,ROBBERY,0,7
41.966622321,-87.709337457,ROBBERY,0,7
41.976290414,-87.905227221,THEFT,15,7
41.773316624,-87.665316372,ROBBERY,21,7
41.721180629,-87.623717187,ROBBERY,1,7
41.905675926,-87.637701825,ROBBERY,17,7
41.736922044,-87.551419766,THEFT,13,7
41.885742269,-87.631465684,THEFT,15,7
41.762439576,-87.583269943,ROBBERY,22,7
41.800915746,-87.597469628,ROBBERY,23,7
41.858099141,-87.723689347,ROBBERY,19,7
41.791606165,-87.6693766,ROBBERY,3,7
41.799023412,-87.602820085,ROBBERY,23,7
41.750112571,-87.703028287,ROBBERY,18,7
41.743514031,-87.633592108,ROBBERY,21,7
41.804386201,-87.584145303,ROBBERY,20,7
41.968924107,-87.715823623,ROBBERY,22,7
41.867072681,-87.688483984,ROBBERY,20,7
41.958732778,-87.651445434,ROBBERY,19,7
41.893119413,-87.639244787,ROBBERY,20,7
41.893676531,-87.635628328,ROBBERY,4,7
41.851558283,-87.723964347,ROBBERY,18,7
41.721326098,-87.653682861,ROBBERY,13,7
41.878229659,-87.626726587,ROBBERY,10,7
41.953902476,-87.709763005,THEFT,2,7
41.809125265,-87.631906508,ROBBERY,3,7
41.873198864,-87.664196558,ROBBERY,10,7
41.895383921,-87.724469836,ROBBERY,13,7
41.890845813,-87.629103359,THEFT,2,7
41.751457646,-87.552892516,ROBBERY,15,7
41.868186876,-87.769309967,ROBBERY,4,7
41.791711717,-87.668172722,ROBBERY,20,7
41.892960189,-87.641053541,THEFT,21,7
41.884932988,-87.664621314,THEFT,20,7
41.947225886,-87.655545441,THEFT,14,7
41.878169847,-87.629051607,THEFT,15,7
41.86393215,-87.717789436,ROBBERY,21,7
41.873668176,-87.686233016,ROBBERY,6,7
41.788987036,-87.74147999,THEFT,16,7
41.772998982,-87.576478539,ROBBERY,18,7
41.889453169,-87.627994833,THEFT,22,7
41.985705176,-87.713837116,ROBBERY,16,7
41.934250683,-87.666701073,ROBBERY,22,7
41.81936863,-87.621482258,ROBBERY,20,7
41.78222443,-87.713258764,ROBBERY,3,7
41.779012821,-87.664208692,THEFT,19,7
41.85316405,-87.658734423,THEFT,21,7
41.953597923,-87.732415725,THEFT,1,7
41.890051565,-87.62891376,THEFT,3,7
41.771170158,-87.659135991,ROBBERY,0,7
41.785632317,-87.620011227,ROBBERY,0,7
41.780628239,-87.665456809,ROBBERY,0,7
41.877993702,-87.701119618,ROBBERY,0,7
41.84304697,-87.646403179,ROBBERY,1,7
41.781036889,-87.687003863,ROBBERY,0,7
41.990446658,-87.698676476,ROBBERY,7,6
41.969110786,-87.653199102,THEFT,1,7
41.91452983,-87.648370688,ROBBERY,13,7
41.976290414,-87.905227221,THEFT,14,7
41.787793481,-87.692417896,ROBBERY,0,7
41.870193366,-87.664103072,ROBBERY,2,7
41.749732039,-87.663420789,ROBBERY,1,7
41.897963083,-87.632033445,ROBBERY,1,7
41.787887518,-87.714575588,ROBBERY,0,7
41.880579428,-87.627732563,ROBBERY,23,6
41.909117784,-87.728946237,ROBBERY,16,6
41.892968409,-87.635610325,ROBBERY,4,7
41.726311229,-87.6567185,ROBBERY,1,7
41.885481891,-87.627935689,THEFT,2,7
41.924378772,-87.774518362,ROBBERY,22,7
41.750991481,-87.622289537,ROBBERY,19,7
41.841701633,-87.722039432,ROBBERY,19,7
41.867081407,-87.619003708,THEFT,16,7
41.823033098,-87.618528623,ROBBERY,9,7
41.908305473,-87.628793935,ROBBERY,23,7
41.909897313,-87.760566661,ROBBERY,4,7
41.899261233,-87.699561823,ROBBERY,23,7
41.884613395,-87.706228705,THEFT,23,7
41.945047856,-87.759961761,ROBBERY,6,7
41.872516604,-87.662496354,ROBBERY,16,7
41.89274448,-87.713792309,ROBBERY,19,7
41.796980711,-87.701216008,ROBBERY,14,7
41.931776952,-87.72791651,THEFT,13,7
41.915681997,-87.736291363,THEFT,14,7
41.773382291,-87.58219664,THEFT,11,7
41.853001768,-87.69912676,THEFT,5,7
41.859776693,-87.717667769,ROBBERY,10,7
41.922786529,-87.645045119,THEFT,1,7
41.910134206,-87.75690542,ROBBERY,4,7
41.772863433,-87.58384871,ROBBERY,4,7
41.904235634,-87.691985678,ROBBERY,3,7
41.873554102,-87.737678626,ROBBERY,11,7
41.78384739,-87.674025229,ROBBERY,21,7
41.876746804,-87.64144152,THEFT,6,7
41.695062798,-87.637614302,ROBBERY,5,7
41.893179585,-87.634686145,ROBBERY,3,7
41.761089218,-87.64551866,THEFT,5,7
41.885686584,-87.749464571,ROBBERY,1,7
41.924947914,-87.700678316,ROBBERY,2,7
41.929267764,-87.698768778,ROBBERY,1,7
41.801712698,-87.595076567,ROBBERY,1,7
41.866217989,-87.721875695,ROBBERY,2,7
41.865619133,-87.763374067,THEFT,13,7
41.939436148,-87.649250961,ROBBERY,14,7
41.980783214,-87.903898835,ROBBERY,4,7
41.873333547,-87.662821937,THEFT,19,7
41.752564662,-87.637191609,ROBBERY,18,7
41.768788957,-87.625513163,ROBBERY,16,7
41.867293336,-87.711578293,ROBBERY,15,7
41.895877613,-87.706566627,ROBBERY,18,7
41.88336939,-87.633860272,THEFT,18,7
41.8744151,-87.627609439,THEFT,17,7
41.89499875,-87.746419366,THEFT,5,7
41.932714992,-87.709877544,ROBBERY,16,7
41.959041217,-87.656265869,ROBBERY,14,7
41.909664252,-87.742728815,THEFT,13,7
41.808944648,-87.70400715,ROBBERY,15,7
41.750185415,-87.644029945,ROBBERY,0,7
41.911568497,-87.772789486,ROBBERY,3,7
41.800908558,-87.644091747,ROBBERY,13,7
41.678018588,-87.62339354,ROBBERY,9,7
41.738744511,-87.551456283,ROBBERY,5,7
41.750832464,-87.605224746,ROBBERY,4,7
41.736126864,-87.629184056,THEFT,21,7
41.746773864,-87.65923006,ROBBERY,17,7
41.769082376,-87.57515359,ROBBERY,4,7
41.884640562,-87.629465296,THEFT,14,7
41.786068521,-87.686267652,ROBBERY,17,7
41.766102387,-87.573539169,THEFT,14,6
41.909740607,-87.73732396,ROBBERY,15,5
41.902033103,-87.692672596,ROBBERY,21,5
41.744647338,-87.552238463,ROBBERY,21,7
41.894468631,-87.745788804,ROBBERY,22,7
41.728577705,-87.598574176,ROBBERY,20,7
41.884620263,-87.765019364,ROBBERY,23,7
41.773184708,-87.693241558,ROBBERY,22,7
41.903851922,-87.733719967,ROBBERY,20,7
41.747233609,-87.556454267,ROBBERY,21,7
41.945910991,-87.655474824,THEFT,20,7
41.8848616,-87.627920479,ROBBERY,11,7
41.905936496,-87.640858265,ROBBERY,20,7
41.931589197,-87.74244575,ROBBERY,14,7
41.900926862,-87.750839149,THEFT,10,7
41.915413523,-87.720748667,ROBBERY,9,7
41.754592961,-87.741528537,ROBBERY,20,7
41.875625633,-87.629450396,ROBBERY,22,7
41.736272399,-87.64413477,ROBBERY,19,7
41.923054841,-87.804389404,ROBBERY,22,7
41.78490137,-87.61325803,ROBBERY,23,7
41.885888079,-87.627942238,THEFT,17,7
41.851630289,-87.717911066,ROBBERY,10,7
41.910860169,-87.65195519,THEFT,11,7
41.896033163,-87.711453877,ROBBERY,7,7
41.931265251,-87.766924444,ROBBERY,9,7
41.8926701,-87.628106353,THEFT,3,7
41.9039189,-87.630373993,ROBBERY,12,7
41.906187671,-87.72648318,ROBBERY,21,7
41.8939091,-87.660810734,ROBBERY,18,7
41.938380973,-87.711241075,ROBBERY,14,7
42.015938932,-87.673156906,ROBBERY,19,7
41.828439817,-87.621704653,ROBBERY,17,7
41.800897763,-87.59894786,ROBBERY,21,7
41.909798633,-87.652036281,THEFT,23,7
41.912843356,-87.780464288,ROBBERY,10,7
41.96242493,-87.693608546,ROBBERY,11,7
41.899564734,-87.676413943,THEFT,12,7
41.851652503,-87.715914119,ROBBERY,6,7
41.89403137,-87.748833968,ROBBERY,7,7
41.76028691,-87.61223945,ROBBERY,7,7
41.809482639,-87.704027561,ROBBERY,5,7
41.947376194,-87.659168334,ROBBERY,9,7
41.880475282,-87.725665283,ROBBERY,19,7
41.713753878,-87.642987258,ROBBERY,22,7
41.919062591,-87.647333823,ROBBERY,22,7
41.955436401,-87.679652922,ROBBERY,2,7
41.887238537,-87.763964185,ROBBERY,2,7
41.761706086,-87.60317387,ROBBERY,14,7
41.76533868,-87.610416098,ROBBERY,1,7
41.983649153,-87.658712242,THEFT,21,7
41.760606622,-87.651571506,ROBBERY,22,7
41.964499839,-87.661002797,ROBBERY,16,7
41.918578314,-87.636183854,THEFT,11,7
41.775213354,-87.649528794,ROBBERY,12,7
41.866184544,-87.724361483,ROBBERY,4,7
41.884177138,-87.677261992,ROBBERY,21,7
41.77268594,-87.605758495,ROBBERY,14,7
41.89432798,-87.719940148,ROBBERY,4,7
41.866331725,-87.666379171,THEFT,17,7
41.933802868,-87.779702636,ROBBERY,3,7
41.747689769,-87.671859457,ROBBERY,7,7
41.901823251,-87.726278394,ROBBERY,22,7
41.862842099,-87.702010464,ROBBERY,21,7
41.897114739,-87.697981589,ROBBERY,5,6
41.749899475,-87.663426378,ROBBERY,0,7
41.969534744,-87.755090524,ROBBERY,22,7
41.852355707,-87.715019094,ROBBERY,23,7
41.826358557,-87.633134667,THEFT,23,7
41.710047727,-87.640488874,ROBBERY,22,7
41.750936036,-87.682871596,ROBBERY,18,7
41.909152038,-87.652675042,THEFT,1,7
41.901626655,-87.765636312,ROBBERY,16,7
41.892753031,-87.624193896,THEFT,16,7
41.757009515,-87.580470766,ROBBERY,22,7
41.856362937,-87.685750435,THEFT,19,7
41.891662431,-87.628466349,THEFT,19,7
41.722573058,-87.567048361,ROBBERY,15,7
41.94715825,-87.658505286,ROBBERY,15,7
41.903775756,-87.639324074,THEFT,16,7
41.871530533,-87.744926805,ROBBERY,17,7
41.859811169,-87.72620603,ROBBERY,14,7
41.884571034,-87.745427795,ROBBERY,10,7
41.750515364,-87.613697427,ROBBERY,13,7
41.779582501,-87.640862796,ROBBERY,9,7
41.936814564,-87.815257672,THEFT,11,7
41.852394125,-87.715018724,THEFT,8,7
41.879494129,-87.745955373,ROBBERY,9,7
41.749034032,-87.557696847,ROBBERY,1,6
41.721689256,-87.626539467,ROBBERY,19,6
41.88529876,-87.624489335,THEFT,18,7
41.895363905,-87.726390989,THEFT,16,7
41.848181157,-87.690431801,ROBBERY,14,7
41.910195948,-87.699369172,ROBBERY,15,7
41.927998524,-87.673208159,ROBBERY,18,7
41.903343349,-87.667801443,THEFT,18,7
41.968446906,-87.708775431,ROBBERY,1,7
41.868232071,-87.705059779,ROBBERY,11,7
41.773556277,-87.664056445,THEFT,20,7
41.851393305,-87.723903515,ROBBERY,23,7
41.816062126,-87.624644373,ROBBERY,20,7
41.733733884,-87.649642862,ROBBERY,22,7
41.74739313,-87.619100809,ROBBERY,23,7
41.681109736,-87.642018411,ROBBERY,21,7
41.882227891,-87.720834401,ROBBERY,23,7
41.925496725,-87.715794268,ROBBERY,23,7
41.894037998,-87.755566325,ROBBERY,22,7
41.839113859,-87.646305794,ROBBERY,22,7
41.905379201,-87.649522814,ROBBERY,21,7
41.817259769,-87.635588963,ROBBERY,22,7
41.78217519,-87.687388414,ROBBERY,4,7
41.898450088,-87.673457468,ROBBERY,3,7
41.887968146,-87.625701143,ROBBERY,3,7
41.779391377,-87.668435711,ROBBERY,18,7
41.812669441,-87.704154102,ROBBERY,17,7
41.888757117,-87.633988801,THEFT,18,7
41.845506722,-87.633370001,ROBBERY,13,7
41.908697313,-87.711867343,THEFT,18,7
41.881631341,-87.632355275,ROBBERY,14,7
41.878638996,-87.627691486,THEFT,15,7
41.919945833,-87.687485275,THEFT,11,7
41.844538907,-87.703196029,ROBBERY,12,7
41.806308386,-87.656398268,ROBBERY,11,7
41.87766908,-87.629284766,THEFT,13,7
41.883910746,-87.706206198,ROBBERY,21,6
41.987362912,-87.702293402,ROBBERY,10,6
41.779012821,-87.664208692,ROBBERY,0,7
41.872770124,-87.735207523,ROBBERY,1,7
41.900846448,-87.623413777,ROBBERY,1,7
41.727590123,-87.585023579,ROBBERY,0,7
41.871667582,-87.696041706,ROBBERY,11,7
41.750320344,-87.666427043,ROBBERY,12,7
41.880509252,-87.624358666,ROBBERY,21,7
41.903927445,-87.629529005,THEFT,0,7
41.869494287,-87.722843118,ROBBERY,20,7
41.880420133,-87.651331272,ROBBERY,1,7
41.910835515,-87.653351515,ROBBERY,15,7
41.894807897,-87.633044963,THEFT,11,7
41.89765683,-87.726152565,THEFT,16,7
41.872906974,-87.758238727,ROBBERY,16,7
41.831920035,-87.621783524,ROBBERY,16,7
41.976290414,-87.905227221,THEFT,12,7
41.880586939,-87.706110174,THEFT,9,7
41.773320568,-87.587465382,ROBBERY,12,7
41.722768379,-87.624410361,THEFT,10,7
41.808176943,-87.700636452,ROBBERY,3,7
41.85733537,-87.656411027,THEFT,1,7
41.890824988,-87.630183362,ROBBERY,4,7
41.973263481,-87.658435722,THEFT,3,7
41.856581054,-87.719985296,ROBBERY,0,7
41.89049036,-87.655774619,ROBBERY,2,7
41.890013771,-87.631705393,ROBBERY,2,7
41.878638996,-87.627691486,ROBBERY,17,7
41.950777806,-87.664121019,THEFT,16,7
41.755951067,-87.616649337,ROBBERY,21,7
41.75389304,-87.553878184,THEFT,3,7
41.889031102,-87.716263129,ROBBERY,23,7
41.887486889,-87.625981892,ROBBERY,22,7
41.905043352,-87.749244158,ROBBERY,22,7
41.885879253,-87.630979425,THEFT,15,7
41.947252263,-87.65350869,ROBBERY,0,7
41.882786228,-87.706823115,ROBBERY,21,7
41.894196224,-87.719934063,ROBBERY,13,7
41.886759742,-87.706292182,ROBBERY,15,7
41.860299399,-87.712809744,ROBBERY,14,6
41.779059693,-87.615596501,ROBBERY,2,6
42.019815524,-87.66729486,ROBBERY,16,7
41.808914329,-87.608972694,ROBBERY,13,7
41.909658573,-87.634664454,ROBBERY,2,7
41.909573038,-87.750117639,ROBBERY,11,7
42.000332559,-87.679355484,ROBBERY,12,7
41.862138032,-87.65088315,ROBBERY,11,7
41.885481891,-87.627935689,THEFT,11,7
41.761091088,-87.643084885,ROBBERY,1,7
41.865223317,-87.657506294,ROBBERY,22,7
41.774905362,-87.676224815,ROBBERY,13,7
41.779960201,-87.632099778,ROBBERY,20,7
41.75033427,-87.665045312,ROBBERY,17,7
41.807111738,-87.607731238,ROBBERY,17,7
41.921751279,-87.652757947,THEFT,1,7
41.765788342,-87.590987258,ROBBERY,17,7
41.903687445,-87.632914878,ROBBERY,3,7
41.924690764,-87.709856457,ROBBERY,12,7
41.793211097,-87.664563436,ROBBERY,9,7
41.885481891,-87.627935689,THEFT,9,7
41.673199969,-87.640554747,ROBBERY,8,7
41.88060406,-87.736089224,ROBBERY,3,7
41.870387635,-87.735115917,ROBBERY,4,7
41.890013771,-87.631705393,THEFT,1,7
41.783522021,-87.593125671,THEFT,0,7
41.855233644,-87.71283669,ROBBERY,3,7
41.784332848,-87.709351828,ROBBERY,4,7
42.019399237,-87.675049485,ROBBERY,4,7
41.880801792,-87.625515824,ROBBERY,19,7
41.968382827,-87.715189025,ROBBERY,2,7
42.018498254,-87.672983233,THEFT,3,7
41.962190295,-87.720521421,ROBBERY,19,7
41.96805477,-87.667326866,THEFT,15,7
41.879499198,-87.627002693,ROBBERY,16,6
41.88233367,-87.627841791,ROBBERY,13,1
41.885751514,-87.628494602,ROBBERY,17,7
41.747639564,-87.695005161,ROBBERY,13,7
41.916263362,-87.799162027,ROBBERY,14,7
41.851672339,-87.695440063,ROBBERY,22,7
41.880775433,-87.627029031,THEFT,16,7
41.99222613,-87.694939803,ROBBERY,19,7
41.93991842,-87.653288878,THEFT,22,7
41.795232929,-87.583555139,ROBBERY,21,7
41.784225452,-87.687437501,THEFT,19,7
41.657251865,-87.600179558,THEFT,23,7
41.780313815,-87.66424283,ROBBERY,22,7
41.796970514,-87.689007523,ROBBERY,1,7
41.890053025,-87.628704402,ROBBERY,4,6
41.922607933,-87.697353936,THEFT,15,7
41.881307619,-87.676949835,ROBBERY,14,7
41.9635303,-87.718111253,ROBBERY,14,7
41.892017399,-87.624165306,THEFT,17,7
41.948131367,-87.649510899,THEFT,15,7
41.77861786,-87.603832639,ROBBERY,10,7
41.880362306,-87.755891501,THEFT,11,7
41.892864392,-87.770675902,THEFT,12,7
41.768003513,-87.663875893,ROBBERY,8,7
41.909525798,-87.753795526,ROBBERY,11,7
41.953527155,-87.757154271,ROBBERY,7,7
41.814322906,-87.622972448,THEFT,2,7
41.882184655,-87.768617687,ROBBERY,1,7
41.751290617,-87.604768806,ROBBERY,1,7
41.783490389,-87.700827875,ROBBERY,3,7
41.865601613,-87.71950626,ROBBERY,2,7
41.891071345,-87.629633426,ROBBERY,3,7
41.913270306,-87.632916661,THEFT,1,7
41.754179421,-87.626139146,ROBBERY,0,7
41.802187969,-87.581614573,ROBBERY,21,7
41.877104077,-87.724390016,ROBBERY,16,7
41.935559608,-87.645749431,ROBBERY,1,7
41.90590813,-87.753100877,ROBBERY,6,7
41.895479821,-87.714177247,THEFT,18,6
41.841254383,-87.621962698,ROBBERY,0,7
41.984622486,-87.836582104,THEFT,16,7
41.884243737,-87.704370448,ROBBERY,8,6
41.756308361,-87.576088271,ROBBERY,9,6
41.750317104,-87.619750027,ROBBERY,16,6
41.853268942,-87.705298,ROBBERY,10,6
41.716561501,-87.570947357,ROBBERY,21,6
41.733014083,-87.603557532,ROBBERY,11,6
41.871495318,-87.67522912,ROBBERY,22,6
41.758249888,-87.566356527,ROBBERY,3,5
41.778767526,-87.683627986,ROBBERY,14,7
41.708335899,-87.639229114,ROBBERY,11,7
41.891412551,-87.647934597,THEFT,16,7
41.775954169,-87.594543506,ROBBERY,22,7
41.884276844,-87.622098929,THEFT,15,7
41.899410159,-87.624131266,THEFT,10,7
41.882985588,-87.721917826,ROBBERY,17,7
41.969330114,-87.659679691,ROBBERY,12,7
41.88336939,-87.633860272,THEFT,17,7
41.880287347,-87.761752861,ROBBERY,22,7
41.937979548,-87.81193669,ROBBERY,23,7
41.850359857,-87.623741058,ROBBERY,11,7
41.885360796,-87.716030364,ROBBERY,23,7
41.839320243,-87.650542155,ROBBERY,22,7
41.854255981,-87.653103244,ROBBERY,21,7
41.884653752,-87.626251847,THEFT,22,7
41.802869042,-87.60642207,ROBBERY,21,7
41.80533715,-87.589008745,THEFT,22,7
41.893070845,-87.628120309,THEFT,17,7
41.878236649,-87.626524551,ROBBERY,18,7
41.798679621,-87.651351484,ROBBERY,19,7
41.804206784,-87.667284274,ROBBERY,16,7
41.882381731,-87.629412971,THEFT,14,7
41.885517614,-87.726921208,ROBBERY,14,7
41.867402548,-87.651058457,THEFT,13,7
41.884472382,-87.633378182,THEFT,14,7
41.904538325,-87.632942313,ROBBERY,3,7
41.968407833,-87.712703021,ROBBERY,10,7
41.809301105,-87.690571276,ROBBERY,9,7
41.870498342,-87.764465233,THEFT,10,7
41.781710088,-87.635094549,THEFT,9,7
41.7781821,-87.599185088,ROBBERY,23,7
41.946464013,-87.720672053,ROBBERY,3,7
41.780835284,-87.664252074,ROBBERY,2,7
41.750384481,-87.661420416,ROBBERY,0,7
41.732771785,-87.604728989,ROBBERY,2,7
41.996365706,-87.697157197,ROBBERY,1,7
41.957333828,-87.650622101,ROBBERY,1,7
41.751457646,-87.552892516,ROBBERY,0,7
41.879503218,-87.626763965,THEFT,11,7
41.681109736,-87.642018411,ROBBERY,21,7
41.874192787,-87.66240172,ROBBERY,19,6
41.885749789,-87.629107914,THEFT,15,7
41.750682777,-87.613699222,ROBBERY,14,7
41.968277336,-87.72472123,ROBBERY,2,7
41.981313322,-87.882548649,THEFT,15,7
41.747765135,-87.702336664,ROBBERY,20,7
41.92938643,-87.707892425,THEFT,13,7
41.817084142,-87.643313032,ROBBERY,3,7
41.904579871,-87.640696598,ROBBERY,10,7
41.78151751,-87.613233561,THEFT,9,7
41.895112214,-87.684378457,THEFT,9,7
41.888045958,-87.625413826,THEFT,14,7
41.910116718,-87.677444645,THEFT,18,7
41.763484107,-87.637623404,ROBBERY,17,7
41.892167963,-87.682979548,ROBBERY,13,7
41.87616378,-87.745111964,ROBBERY,22,7
42.009795543,-87.678092147,ROBBERY,2,7
42.009087258,-87.690171862,ROBBERY,11,7
41.751917861,-87.650135245,ROBBERY,0,6
41.793978547,-87.668655354,ROBBERY,16,7
41.794008339,-87.666220044,ROBBERY,12,7
41.70577349,-87.540118732,ROBBERY,7,7
41.751201471,-87.670731314,ROBBERY,23,6
41.855533457,-87.697409562,ROBBERY,8,6
41.761488524,-87.579263838,ROBBERY,13,5
41.90440684,-87.670427959,ROBBERY,13,7
41.884333364,-87.619266937,THEFT,20,7
41.893116679,-87.770078687,ROBBERY,12,7
41.795339302,-87.671912479,ROBBERY,22,7
41.86344706,-87.72875979,ROBBERY,23,7
41.899566969,-87.699268617,ROBBERY,19,7
41.93991842,-87.653288878,ROBBERY,21,7
41.848230896,-87.633226526,ROBBERY,21,7
41.919878626,-87.65628687,ROBBERY,23,7
41.764894521,-87.580569197,ROBBERY,22,7
41.871332438,-87.664138921,ROBBERY,10,7
41.77925651,-87.677918238,ROBBERY,19,7
41.893717779,-87.681891347,ROBBERY,15,7
41.751528912,-87.548046864,ROBBERY,11,7
41.769718408,-87.58425923,ROBBERY,17,7
41.884491256,-87.627494889,THEFT,16,7
41.865519477,-87.769873088,ROBBERY,13,7
41.843698882,-87.633022705,THEFT,16,7
41.910676312,-87.649187069,THEFT,4,7
41.880559272,-87.629366876,THEFT,15,7
41.983452474,-87.773178217,ROBBERY,11,7
41.899935425,-87.667399718,ROBBERY,1,5
41.983121233,-87.699459086,ROBBERY,22,5
41.896685066,-87.627683859,ROBBERY,22,7
41.750953946,-87.624653693,ROBBERY,13,7
41.736422269,-87.604815966,ROBBERY,0,7
41.808515836,-87.674036444,ROBBERY,13,7
41.890051565,-87.62891376,THEFT,22,5
41.931582515,-87.742747165,THEFT,18,7
41.756060031,-87.647082345,ROBBERY,10,7
41.866812486,-87.672163862,ROBBERY,1,7
41.856561793,-87.633117317,ROBBERY,21,7
41.857429784,-87.620755641,ROBBERY,23,7
41.725400721,-87.594866522,ROBBERY,21,7
41.864857059,-87.641621126,ROBBERY,22,7
41.901505867,-87.72749727,ROBBERY,20,7
41.858371261,-87.641889251,ROBBERY,22,7
41.707139627,-87.625325518,THEFT,23,7
41.861923555,-87.62944284,ROBBERY,23,7
41.852878684,-87.635770908,ROBBERY,22,7
41.925354198,-87.753729467,ROBBERY,19,7
41.908771527,-87.674956602,THEFT,15,7
41.727818175,-87.639741133,ROBBERY,6,7
41.897077415,-87.769121944,ROBBERY,10,7
41.94690946,-87.674733431,THEFT,0,7
41.78701723,-87.645505595,THEFT,0,7
41.890222244,-87.765215781,ROBBERY,1,7
41.876046196,-87.736153693,ROBBERY,17,6
41.896147721,-87.733505543,ROBBERY,14,3
41.795671974,-87.762600661,ROBBERY,0,7
41.891404732,-87.628061509,ROBBERY,0,7
41.880501243,-87.633792406,THEFT,17,7
41.895372477,-87.72541757,THEFT,16,7
42.010996301,-87.662680653,ROBBERY,0,7
41.94670237,-87.656117076,THEFT,0,7
41.768233816,-87.645717276,ROBBERY,13,7
41.882185193,-87.72571151,ROBBERY,13,7
41.878507556,-87.752155409,ROBBERY,19,7
41.877864969,-87.627666954,ROBBERY,8,7
41.896685066,-87.627683859,THEFT,16,7
41.753720143,-87.65139884,ROBBERY,14,7
41.857860941,-87.662264109,ROBBERY,13,7
41.930227799,-87.703172898,ROBBERY,11,7
41.779511964,-87.605912319,ROBBERY,10,7
41.786447144,-87.653464847,ROBBERY,11,7
41.671512682,-87.642915371,THEFT,22,7
41.897895128,-87.624096605,THEFT,19,7
41.921028637,-87.75851232,ROBBERY,23,7
41.878064761,-87.743354013,ROBBERY,22,7
41.967397872,-87.721890876,ROBBERY,21,7
41.841825184,-87.623292218,ROBBERY,22,7
41.974678235,-87.654963918,ROBBERY,23,7
41.705677782,-87.600944364,ROBBERY,20,7
41.966369067,-87.7376017,ROBBERY,21,7
41.895562545,-87.655915676,ROBBERY,22,7
41.830697249,-87.614476891,ROBBERY,20,7
41.885481891,-87.627935689,THEFT,8,7
41.783432002,-87.615701737,ROBBERY,11,7
41.74673998,-87.605109753,THEFT,10,7
41.926287021,-87.785547998,THEFT,13,7
41.882733388,-87.711237669,ROBBERY,11,7
41.771664677,-87.670073519,ROBBERY,8,7
41.766274325,-87.66382789,ROBBERY,13,7
41.858475257,-87.713972687,ROBBERY,10,7
41.875739485,-87.75613874,THEFT,0,7
41.821460144,-87.621543473,ROBBERY,11,7
41.783283846,-87.637567068,ROBBERY,2,7
41.853451745,-87.728101461,ROBBERY,8,7
41.854532623,-87.722332049,ROBBERY,9,7
41.782418097,-87.686176026,ROBBERY,9,7
41.891314248,-87.75473145,ROBBERY,7,7
41.886192908,-87.766724132,ROBBERY,6,7
41.884100669,-87.770962122,ROBBERY,7,7
41.767245969,-87.57632989,ROBBERY,0,7
42.004640306,-87.659322034,ROBBERY,2,7
41.687211959,-87.661250737,ROBBERY,0,7
41.894898651,-87.75973838,ROBBERY,0,7
41.893340847,-87.623838474,THEFT,18,7
41.895420546,-87.720521042,ROBBERY,18,7
41.885741029,-87.631711749,THEFT,11,7
41.896561044,-87.636584978,ROBBERY,3,7
42.018498254,-87.672983233,THEFT,5,7
41.92938643,-87.707892425,THEFT,18,7
41.895140898,-87.624255632,THEFT,16,7
41.858954299,-87.716809329,ROBBERY,14,7
41.882774244,-87.629427024,THEFT,17,7
41.883567647,-87.774767624,THEFT,18,7
41.890666356,-87.628032904,ROBBERY,15,7
41.727872617,-87.551207132,ROBBERY,14,7
41.881959891,-87.699762202,ROBBERY,11,7
41.846386825,-87.635492769,ROBBERY,17,7
41.885481891,-87.627935689,THEFT,18,7
41.87910013,-87.715837251,ROBBERY,5,7
41.869749161,-87.640107132,ROBBERY,4,7
41.686261889,-87.642190243,ROBBERY,16,4
41.973261823,-87.778537299,ROBBERY,2,7
41.760903559,-87.644303769,ROBBERY,17,7
41.898440359,-87.769488281,ROBBERY,13,7
41.795682623,-87.762534555,ROBBERY,1,7
41.904370109,-87.631460067,THEFT,17,7
41.864493678,-87.639158,ROBBERY,6,7
41.685228429,-87.630614288,ROBBERY,1,7
41.917617873,-87.737577676,ROBBERY,10,7
41.881742321,-87.750932635,ROBBERY,4,7
41.873814246,-87.745023355,ROBBERY,2,7
41.909760125,-87.63466702,THEFT,0,7
41.881828824,-87.744219076,ROBBERY,7,7
41.968880988,-87.723156355,ROBBERY,1,7
41.968384165,-87.714927933,ROBBERY,2,7
41.93335774,-87.713028236,ROBBERY,0,7
41.893141629,-87.63747424,ROBBERY,4,7
41.881909514,-87.70457695,ROBBERY,4,7
41.882173245,-87.74288657,ROBBERY,3,7
41.795327341,-87.70447777,ROBBERY,2,7
41.953885576,-87.65453007,THEFT,4,7
41.988341219,-87.65676102,ROBBERY,2,7
41.896107828,-87.629765461,ROBBERY,1,7
41.807010932,-87.622774469,ROBBERY,2,7
41.782408986,-87.65092995,ROBBERY,23,7
41.780799978,-87.666675944,ROBBERY,23,7
41.891893286,-87.628074498,THEFT,16,7
41.897738941,-87.722489701,THEFT,19,7
41.73627756,-87.614519556,ROBBERY,22,7
41.892164276,-87.607702294,THEFT,19,7
41.797572754,-87.601263259,ROBBERY,1,7
41.879191873,-87.648759219,ROBBERY,0,7
41.974124595,-87.823145202,ROBBERY,0,7
41.976840051,-87.836613167,ROBBERY,0,7
41.786932247,-87.651505334,ROBBERY,2,7
41.819958179,-87.700645228,ROBBERY,1,6
41.882774244,-87.629427024,ROBBERY,13,6
41.89488209,-87.627681669,ROBBERY,18,6
41.996073378,-87.78748829,THEFT,14,7
41.857588962,-87.620757545,ROBBERY,14,7
41.885741029,-87.631711749,THEFT,11,7
41.759283913,-87.741709017,ROBBERY,12,7
41.757614433,-87.586115266,ROBBERY,12,7
41.810393359,-87.621240504,ROBBERY,22,7
41.886148483,-87.725824526,ROBBERY,18,7
41.844334316,-87.718102101,ROBBERY,15,7
41.893250886,-87.672699289,ROBBERY,14,7
41.885741029,-87.631711749,THEFT,14,7
41.721623049,-87.624701342,THEFT,13,7
41.786881521,-87.654989298,ROBBERY,10,7
41.919249338,-87.784090688,ROBBERY,12,7
41.726828822,-87.599744393,ROBBERY,9,7
41.966769949,-87.657375406,ROBBERY,1,7
41.882381731,-87.629412971,THEFT,15,7
41.893676531,-87.635628328,THEFT,3,7
41.850707296,-87.634755775,ROBBERY,0,7
41.88104652,-87.699348928,ROBBERY,4,7
41.879430968,-87.750795724,ROBBERY,2,7
42.012154238,-87.663132128,ROBBERY,1,7
41.977696889,-87.689763313,ROBBERY,1,7
41.885741029,-87.631711749,THEFT,21,7
41.754592961,-87.741528537,THEFT,16,7
41.775258605,-87.654382233,ROBBERY,21,7
41.800615481,-87.689106709,ROBBERY,22,7
41.887782957,-87.662516613,ROBBERY,22,7
41.913646556,-87.718241514,ROBBERY,21,7
41.963599708,-87.655397663,ROBBERY,22,7
41.894795169,-87.769318332,ROBBERY,16,7
41.797955242,-87.599274848,ROBBERY,20,7
41.844361092,-87.716442982,ROBBERY,18,7
41.767506074,-87.688213733,ROBBERY,18,7
41.858286713,-87.64288863,ROBBERY,14,7
41.82489711,-87.609430959,ROBBERY,16,7
41.692363894,-87.64150249,THEFT,8,6
41.915990756,-87.687370839,THEFT,1,7
42.019382771,-87.672661273,ROBBERY,23,7
41.884231489,-87.696669693,ROBBERY,12,7
41.670064293,-87.641649804,ROBBERY,22,7
41.887739656,-87.763746728,ROBBERY,22,7
41.7537726,-87.647762725,ROBBERY,23,7
41.947225886,-87.655545441,THEFT,17,7
41.797715262,-87.585469914,ROBBERY,22,7
41.797093555,-87.589041797,ROBBERY,22,7
41.877597788,-87.752417017,ROBBERY,5,7
41.798032735,-87.592962377,ROBBERY,21,7
41.842293671,-87.73335187,ROBBERY,13,7
41.701199673,-87.618477034,ROBBERY,21,7
41.886271995,-87.76996988,ROBBERY,21,7
41.884943039,-87.716423657,ROBBERY,20,7
41.891404732,-87.628061509,THEFT,18,7
41.834042232,-87.674368991,ROBBERY,17,7
41.780089131,-87.644795033,ROBBERY,6,7
41.773109884,-87.586294711,THEFT,14,7
41.878638996,-87.627691486,THEFT,19,7
41.811363903,-87.605764805,ROBBERY,2,6
41.753429056,-87.575590712,ROBBERY,20,6
41.744680815,-87.549900201,ROBBERY,19,7
42.018498254,-87.672983233,THEFT,10,7
41.884492937,-87.624648808,THEFT,19,7
41.923820753,-87.776018796,ROBBERY,17,7
41.830407799,-87.67371278,ROBBERY,16,7
41.968815819,-87.674618145,THEFT,12,7
41.890949318,-87.707639495,ROBBERY,9,7
41.911655568,-87.730391858,ROBBERY,0,7
41.770798941,-87.612458988,ROBBERY,8,7
41.788609502,-87.647439345,ROBBERY,12,7
41.778900291,-87.664206195,THEFT,10,7
41.945453213,-87.655560542,ROBBERY,17,7
41.779975054,-87.630937377,ROBBERY,22,7
41.880421366,-87.751282465,ROBBERY,11,7
41.867355724,-87.695926664,ROBBERY,7,7
41.94670237,-87.656117076,ROBBERY,18,7
41.87690443,-87.628999406,THEFT,11,7
41.909558,-87.75148075,ROBBERY,9,7
41.776322631,-87.605838376,ROBBERY,21,2
42.018498254,-87.672983233,THEFT,12,6
41.882389568,-87.626221727,ROBBERY,14,7
41.896685066,-87.627683859,ROBBERY,23,6
41.750433485,-87.600311248,ROBBERY,18,6
41.852510539,-87.711167232,ROBBERY,19,6
41.949399974,-87.664080289,ROBBERY,21,5
41.757689816,-87.609028578,ROBBERY,19,2
41.880751096,-87.723855981,ROBBERY,18,7
41.878064761,-87.743354013,ROBBERY,14,7
41.884643948,-87.670621277,ROBBERY,2,7
41.748399868,-87.630603731,ROBBERY,22,7
41.86653034,-87.694066163,ROBBERY,10,7
41.734842718,-87.552756625,THEFT,15,7
41.853403811,-87.702866766,THEFT,22,7
41.793502466,-87.667006391,ROBBERY,22,7
41.984793427,-87.660105197,ROBBERY,3,7
41.891527835,-87.655800382,ROBBERY,4,7
41.765860846,-87.606620044,ROBBERY,3,7
41.742267488,-87.702192623,ROBBERY,1,7
41.788766858,-87.622315941,ROBBERY,2,7
41.890773801,-87.713734226,ROBBERY,16,7
41.77268594,-87.605758495,ROBBERY,14,7
41.794893197,-87.630521478,ROBBERY,18,7
41.95411032,-87.681956831,ROBBERY,18,7
41.759360805,-87.588382086,ROBBERY,19,7
41.888165132,-87.622937212,THEFT,18,7
41.8924816,-87.627351831,THEFT,15,7
41.857655711,-87.676608095,ROBBERY,6,7
41.786499587,-87.649815884,ROBBERY,3,7
41.731892324,-87.617184283,ROBBERY,2,7
41.903003447,-87.726311296,THEFT,5,7
41.99784988,-87.682879495,ROBBERY,4,7
41.897742135,-87.626878833,ROBBERY,2,7
41.73322286,-87.555483714,ROBBERY,3,7
41.892753031,-87.624193896,THEFT,15,7
41.683409941,-87.630330221,ROBBERY,0,7
41.760296795,-87.571254574,ROBBERY,17,7
41.883500187,-87.627876698,THEFT,12,7
41.997888171,-87.680440023,ROBBERY,10,7
41.766960783,-87.648527745,ROBBERY,13,7
41.807499342,-87.590234482,ROBBERY,22,7
41.908623747,-87.63012767,ROBBERY,23,7
41.895030153,-87.744512816,ROBBERY,23,7
41.968359268,-87.717443351,ROBBERY,0,7
41.839068717,-87.704038693,ROBBERY,23,7
41.987368632,-87.654707821,ROBBERY,22,7
41.868924178,-87.628554655,ROBBERY,22,7
41.931693061,-87.711702971,ROBBERY,16,7
41.794088699,-87.631799109,ROBBERY,16,7
42.019380398,-87.672249127,ROBBERY,18,7
41.969110742,-87.715829175,ROBBERY,17,7
41.852004263,-87.688536253,THEFT,16,7
41.960211239,-87.708216117,ROBBERY,14,7
41.758518119,-87.55726012,ROBBERY,14,7
41.909852583,-87.728821744,ROBBERY,22,7
41.751214876,-87.571098146,ROBBERY,5,7
41.880531795,-87.742277421,ROBBERY,5,7
41.886530422,-87.744355834,ROBBERY,13,7
41.98375277,-87.709041483,ROBBERY,1,7
41.804018962,-87.668496575,ROBBERY,9,7
41.680448327,-87.661449244,ROBBERY,3,7
41.87216529,-87.730274805,ROBBERY,4,7
41.84401176,-87.708676885,THEFT,12,7
41.910390576,-87.682651328,THEFT,12,7
41.802111489,-87.606401292,THEFT,13,6
41.947252263,-87.65350869,THEFT,14,6
41.875229772,-87.686253982,ROBBERY,14,7
41.79830982,-87.729434752,ROBBERY,4,6
41.760456816,-87.564790842,ROBBERY,4,6
41.973286475,-87.656747535,ROBBERY,0,7
41.951187878,-87.65034213,ROBBERY,18,7
41.874850606,-87.735272577,ROBBERY,18,6
41.872963554,-87.753663295,ROBBERY,17,6
41.976046505,-87.698929798,ROBBERY,2,6
41.865628998,-87.715401522,ROBBERY,0,6
41.808634077,-87.645527495,ROBBERY,20,6
41.808745799,-87.72361831,ROBBERY,10,5
41.912023876,-87.759423428,ROBBERY,21,3
41.757712936,-87.606605687,ROBBERY,13,7
41.870422778,-87.624136026,ROBBERY,8,7
41.876911425,-87.740012163,THEFT,22,7
41.944862379,-87.739665593,ROBBERY,21,7
41.776198773,-87.637680313,ROBBERY,21,7
41.672300448,-87.645685085,ROBBERY,21,7
41.806249568,-87.663686943,ROBBERY,16,7
41.758092329,-87.633682992,ROBBERY,19,7
41.891404732,-87.628061509,THEFT,20,7
41.916993881,-87.740555916,ROBBERY,21,6
41.753175999,-87.557005635,ROBBERY,20,7
41.886799059,-87.646944603,ROBBERY,18,7
41.794976356,-87.667042466,ROBBERY,17,7
41.885741029,-87.631711749,THEFT,14,7
41.778321993,-87.586402872,THEFT,16,7
41.91734972,-87.711331472,ROBBERY,11,7
41.85230337,-87.667372812,ROBBERY,1,7
41.883208906,-87.63319367,ROBBERY,10,7
41.873192907,-87.743196874,ROBBERY,12,7
41.909422255,-87.675974898,THEFT,2,7
41.793835574,-87.681539573,ROBBERY,10,7
41.771518515,-87.665214054,ROBBERY,0,7
41.893124489,-87.772234578,ROBBERY,22,7
41.922511,-87.64623495,ROBBERY,23,7
41.884276844,-87.622098929,ROBBERY,21,7
41.749899475,-87.663426378,ROBBERY,16,7
41.69274985,-87.700868185,ROBBERY,3,7
41.748356162,-87.634235796,ROBBERY,23,7
41.877636536,-87.735371449,ROBBERY,19,7
41.977017622,-87.692447486,ROBBERY,19,7
41.747393001,-87.585438607,ROBBERY,19,7
42.01158435,-87.664698279,ROBBERY,17,7
41.903708614,-87.631437924,THEFT,9,7
41.73920063,-87.647353473,ROBBERY,11,7
42.018498254,-87.672983233,THEFT,3,7
41.929743818,-87.684273777,ROBBERY,18,5
41.769136729,-87.594020551,ROBBERY,21,3
41.869331367,-87.662169854,ROBBERY,12,3
41.881631341,-87.632355275,ROBBERY,13,2
41.728263473,-87.550169307,ROBBERY,9,1
41.756231803,-87.588304657,ROBBERY,4,7
41.872736496,-87.624187554,ROBBERY,3,7
41.740097696,-87.579415219,ROBBERY,0,7
41.799058715,-87.589081404,ROBBERY,1,7
41.928144354,-87.687755371,ROBBERY,18,7
41.90227194,-87.753629703,ROBBERY,14,7
41.690547081,-87.623047109,ROBBERY,21,7
41.736264617,-87.627929503,ROBBERY,18,7
41.87366807,-87.735845376,ROBBERY,22,7
41.885481891,-87.627935689,THEFT,17,7
41.763027016,-87.586243072,ROBBERY,21,7
41.894942226,-87.755293723,THEFT,11,7
41.894006477,-87.633028008,ROBBERY,3,7
41.927156242,-87.687721235,ROBBERY,23,7
41.978511843,-87.814408627,ROBBERY,21,7
41.970150868,-87.719937663,ROBBERY,23,7
41.734903413,-87.655741687,ROBBERY,20,7
41.903409445,-87.63143018,THEFT,20,7
41.781933585,-87.689814385,ROBBERY,11,7
41.840211487,-87.635369039,ROBBERY,9,7
41.694336068,-87.629138436,THEFT,10,7
41.892675756,-87.632616499,ROBBERY,3,7
41.71375358,-87.628472366,ROBBERY,3,7
41.72734309,-87.586704269,ROBBERY,1,7
41.884513116,-87.647865122,THEFT,0,7
41.828986469,-87.60385546,ROBBERY,2,7
41.869822522,-87.724191109,ROBBERY,18,6
41.865713975,-87.7251516,ROBBERY,15,6
41.876650547,-87.755587101,ROBBERY,9,5
41.876650547,-87.755587101,ROBBERY,17,5
41.877532811,-87.672387519,ROBBERY,0,4
42.011855146,-87.674512777,ROBBERY,22,3
41.93991842,-87.653288878,THEFT,1,7
41.8744151,-87.627609439,THEFT,16,7
41.947225886,-87.655545441,THEFT,12,7
41.876043811,-87.624268492,THEFT,13,7
41.870556289,-87.720262929,ROBBERY,2,7
41.852889466,-87.621870493,ROBBERY,0,7
41.81067058,-87.621248438,ROBBERY,19,6
41.88705768,-87.647514742,THEFT,2,6
41.685953051,-87.620827806,THEFT,18,6
41.875178061,-87.627619404,THEFT,1,6
41.875272573,-87.624251314,ROBBERY,1,6
41.903874342,-87.723904279,ROBBERY,23,6
41.730588025,-87.575562461,ROBBERY,13,6
41.807888669,-87.722929523,ROBBERY,11,7
41.961151213,-87.711515999,ROBBERY,1,7
41.940318272,-87.644408194,ROBBERY,2,7
41.793869814,-87.664578591,ROBBERY,22,7
41.769185486,-87.625732415,THEFT,22,7
41.927235118,-87.726849666,THEFT,18,7
41.895389368,-87.723944549,ROBBERY,19,7
41.875446677,-87.711102716,ROBBERY,15,7
41.748047232,-87.643968533,THEFT,15,7
41.73974348,-87.604910336,ROBBERY,13,7
41.735474209,-87.62257796,ROBBERY,15,7
41.93374417,-87.644581852,THEFT,15,7
41.751177563,-87.682876487,THEFT,10,7
41.842530382,-87.622392627,ROBBERY,12,7
41.885729421,-87.63430827,ROBBERY,13,7
41.76002733,-87.663661918,ROBBERY,15,7
41.885741029,-87.631711749,THEFT,17,7
41.777972797,-87.742277863,THEFT,13,7
41.89554672,-87.70728242,ROBBERY,10,7
41.979443481,-87.841521194,ROBBERY,2,7
41.726268445,-87.626364727,ROBBERY,22,6
41.787354626,-87.669266465,ROBBERY,22,6
41.883500187,-87.627876698,ROBBERY,20,6
42.003730753,-87.65771279,THEFT,20,6
41.895560915,-87.705860838,ROBBERY,15,6
41.862218265,-87.639087164,ROBBERY,17,6
41.664294511,-87.641455374,ROBBERY,20,6
41.81278547,-87.616683734,ROBBERY,0,6
41.878638996,-87.627691486,THEFT,18,6
41.891470611,-87.628064457,THEFT,16,6
41.874534123,-87.711339218,THEFT,16,6
41.887384761,-87.624550742,ROBBERY,16,6
41.88062474,-87.734263985,ROBBERY,15,6
41.808028819,-87.684414463,ROBBERY,13,6
41.943844128,-87.649380278,ROBBERY,5,6
41.920614966,-87.775910739,ROBBERY,1,6
41.877782182,-87.703578245,THEFT,7,6
41.893223483,-87.63153437,ROBBERY,4,6
41.773087037,-87.608866374,ROBBERY,9,6
41.737158469,-87.663097148,ROBBERY,7,6
41.866810739,-87.625817031,ROBBERY,1,6
41.820706776,-87.689672123,ROBBERY,1,6
41.939387043,-87.699010281,THEFT,11,6
41.884790951,-87.624469241,THEFT,15,6
41.736886852,-87.587403463,ROBBERY,16,6
42.001916351,-87.700975988,ROBBERY,1,6
41.880489945,-87.745887499,ROBBERY,17,6
41.898421553,-87.770689566,ROBBERY,17,6
41.855727061,-87.726083148,ROBBERY,17,6
41.85415204,-87.715824009,ROBBERY,16,6
41.860447446,-87.706718175,ROBBERY,4,6
41.783970683,-87.671604009,ROBBERY,9,6
41.886929974,-87.631375562,THEFT,16,6
41.970762272,-87.72447326,ROBBERY,1,6
41.881883933,-87.640060441,THEFT,18,6
41.880417645,-87.751631349,ROBBERY,22,6
41.779430952,-87.665795537,ROBBERY,23,6
41.917099024,-87.731751521,ROBBERY,20,6
41.721159406,-87.614123966,ROBBERY,23,6
41.80710661,-87.616530622,THEFT,17,6
41.773373793,-87.582995925,ROBBERY,4,6
41.891653307,-87.62921569,ROBBERY,5,6
41.751719438,-87.566914357,ROBBERY,4,6
41.909152038,-87.652675042,THEFT,2,6
41.880219342,-87.735461205,ROBBERY,21,6
41.766552048,-87.620138318,THEFT,8,6
41.792002104,-87.643882805,ROBBERY,15,6
41.880717437,-87.726309284,ROBBERY,14,6
41.885741029,-87.631711749,THEFT,15,6
41.765253769,-87.615255549,ROBBERY,7,6
41.773109884,-87.586294711,ROBBERY,13,6
41.870395338,-87.624136329,THEFT,12,6
41.731945687,-87.547662622,ROBBERY,11,6
41.779165877,-87.690043705,ROBBERY,10,6
41.67689358,-87.641876847,ROBBERY,2,6
41.894181327,-87.775112231,ROBBERY,6,6
41.885702079,-87.642031644,THEFT,11,6
41.886864574,-87.736787449,ROBBERY,20,6
41.86678066,-87.653550558,THEFT,8,6
41.871678313,-87.721221513,ROBBERY,7,6
41.883112032,-87.706180958,ROBBERY,7,6
41.823156373,-87.621587057,THEFT,0,6
41.892554483,-87.753067492,ROBBERY,1,6
41.89965509,-87.716454713,ROBBERY,15,6
41.756714109,-87.586085395,ROBBERY,18,6
41.767866727,-87.648122217,ROBBERY,17,6
41.88946287,-87.624222942,THEFT,16,6
41.880653112,-87.634396649,THEFT,13,6
41.896888586,-87.628203192,THEFT,17,6
41.79903812,-87.664719234,THEFT,16,6
41.736263109,-87.627237046,THEFT,10,6
41.874363279,-87.643013039,ROBBERY,22,6
41.736930377,-87.584391221,THEFT,18,6
41.722013357,-87.575344529,THEFT,18,6
41.968340082,-87.718984265,ROBBERY,23,6
41.924813676,-87.69674776,THEFT,23,6
41.92189295,-87.714153451,ROBBERY,23,6
41.841825184,-87.623292218,ROBBERY,20,6
41.89036711,-87.626673634,ROBBERY,3,6
41.786079418,-87.683821839,ROBBERY,7,6
41.879778612,-87.724181021,ROBBERY,5,6
41.768148205,-87.659053996,ROBBERY,5,6
41.884930978,-87.716221792,ROBBERY,0,6
41.866629335,-87.684802433,ROBBERY,2,6
41.866506824,-87.696254501,ROBBERY,15,6
41.735164608,-87.703584808,ROBBERY,19,6
41.736262681,-87.627167437,THEFT,10,6
41.721285041,-87.65742325,ROBBERY,20,6
41.885741529,-87.631344503,THEFT,16,6
41.938928362,-87.756697633,THEFT,18,6
41.779671225,-87.65018171,ROBBERY,19,6
41.759157324,-87.576146407,ROBBERY,17,6
41.739121482,-87.653429303,ROBBERY,0,6
41.892269897,-87.624169858,THEFT,15,6
41.89473019,-87.773987206,ROBBERY,15,6
41.866767236,-87.629455793,ROBBERY,13,6
41.812589794,-87.613916404,ROBBERY,14,6
41.702734339,-87.53558595,ROBBERY,11,6
42.001136868,-87.661345692,THEFT,2,6
41.959891679,-87.767222504,ROBBERY,12,6
41.875887439,-87.704859964,ROBBERY,11,6
41.890439822,-87.721049773,ROBBERY,12,6
41.860050112,-87.716457405,ROBBERY,11,6
41.764978513,-87.629759392,ROBBERY,9,6
41.884644137,-87.728850109,ROBBERY,7,6
41.871530533,-87.744926805,THEFT,6,6
41.780845308,-87.659393962,ROBBERY,1,6
41.875286899,-87.67649739,THEFT,6,6
41.903881631,-87.695434922,ROBBERY,19,6
41.794299045,-87.646168516,ROBBERY,21,6
41.9090189,-87.677422819,ROBBERY,13,6
41.750832464,-87.605224746,ROBBERY,9,6
41.684369838,-87.625311613,ROBBERY,7,6
41.882394062,-87.627844798,ROBBERY,20,2
41.870954998,-87.706681651,THEFT,14,6
41.808584003,-87.665881774,ROBBERY,1,6
41.8910671,-87.628046859,THEFT,17,6
41.8910671,-87.628046859,THEFT,15,6
41.982313891,-87.656578411,ROBBERY,23,6
41.87604633,-87.736179395,ROBBERY,21,6
41.902469823,-87.774165778,ROBBERY,17,6
41.927103515,-87.651076808,ROBBERY,20,6
41.885372606,-87.708068496,ROBBERY,14,6
41.87579878,-87.643056341,ROBBERY,18,6
41.817709879,-87.623059749,ROBBERY,1,6
41.877111469,-87.723714312,ROBBERY,1,6
41.766427719,-87.629794877,ROBBERY,16,6
41.883210464,-87.634350417,THEFT,14,6
41.867595589,-87.69959933,ROBBERY,13,6
41.837114033,-87.711455827,ROBBERY,14,6
41.888405682,-87.671941248,ROBBERY,12,6
41.722697263,-87.62222793,ROBBERY,9,6
41.90942742,-87.711893325,ROBBERY,19,6
41.909447107,-87.759986555,ROBBERY,9,6
41.882381731,-87.629412971,THEFT,16,6
41.880632459,-87.733639652,THEFT,12,6
41.880367915,-87.755370011,ROBBERY,17,6
41.763238704,-87.624859412,ROBBERY,4,6
41.884987492,-87.725791457,ROBBERY,4,6
41.877076602,-87.726457569,ROBBERY,22,6
41.953852531,-87.713208208,ROBBERY,21,6
41.885901992,-87.632455489,ROBBERY,20,6
41.747730373,-87.55402969,ROBBERY,0,6
41.883527335,-87.725750205,ROBBERY,1,6
41.894858704,-87.764396029,ROBBERY,0,6
41.851761264,-87.705602716,ROBBERY,0,6
41.922611595,-87.768371587,ROBBERY,0,6
41.749737947,-87.665850391,ROBBERY,18,6
41.883401379,-87.627874112,ROBBERY,18,6
41.896010965,-87.624279065,THEFT,17,6
41.90982859,-87.677447594,THEFT,18,6
41.873510659,-87.720554136,ROBBERY,18,6
41.810497862,-87.618183812,ROBBERY,15,6
41.899147333,-87.711860772,ROBBERY,4,6
41.85102174,-87.618954852,THEFT,13,6
41.753168407,-87.663505998,ROBBERY,12,6
41.65423396,-87.60680039,ROBBERY,17,6
41.75108144,-87.581668774,ROBBERY,0,6
41.795377138,-87.764572594,ROBBERY,21,6
41.932981227,-87.709885976,ROBBERY,19,6
41.898219905,-87.733559614,ROBBERY,19,6
41.897747823,-87.733545666,ROBBERY,20,6
41.934262479,-87.714904846,ROBBERY,20,6
41.806808701,-87.704845997,ROBBERY,19,6
41.77932782,-87.673118278,ROBBERY,16,6
41.968856027,-87.713375273,ROBBERY,19,6
41.780961677,-87.625357311,ROBBERY,17,6
41.911623106,-87.62653842,ROBBERY,17,6
41.807067906,-87.603843747,ROBBERY,13,6
41.907742643,-87.749579573,ROBBERY,15,6
41.891037284,-87.618343879,THEFT,15,6
41.766507577,-87.683905652,THEFT,17,6
42.001064985,-87.661254473,THEFT,12,6
41.899911733,-87.721337639,ROBBERY,15,6
41.807010932,-87.622774469,ROBBERY,15,6
41.966299148,-87.658045926,ROBBERY,10,6
41.729618252,-87.551244573,THEFT,8,6
41.917061131,-87.687393113,THEFT,12,6
41.902698437,-87.723129356,ROBBERY,13,6
41.721212351,-87.66281599,ROBBERY,1,6
41.847622186,-87.710003421,ROBBERY,11,6
41.88171846,-87.627760426,THEFT,17,6
41.797645999,-87.617677592,ROBBERY,23,6
41.750832464,-87.605224746,THEFT,20,6
41.794617111,-87.596533202,ROBBERY,17,6
41.746701328,-87.616418753,ROBBERY,21,6
41.915216186,-87.677565117,ROBBERY,22,6
41.780541039,-87.670301034,ROBBERY,3,6
41.93997806,-87.649469376,ROBBERY,21,6
41.867190747,-87.686056033,ROBBERY,23,6
41.925563482,-87.641814612,ROBBERY,20,6
41.701816099,-87.538914996,ROBBERY,23,6
41.764589489,-87.689789791,THEFT,6,6
41.879069903,-87.627701434,ROBBERY,1,6
41.996428445,-87.666626441,ROBBERY,19,6
41.772293989,-87.657041972,ROBBERY,2,6
41.908054149,-87.637532732,ROBBERY,19,5
41.876914292,-87.62792343,ROBBERY,22,6
41.758770652,-87.585405474,ROBBERY,21,6
41.79771109,-87.589052989,ROBBERY,22,6
41.735008973,-87.551377022,ROBBERY,22,6
41.721623049,-87.624701342,ROBBERY,23,6
41.721032394,-87.625044829,ROBBERY,17,6
41.867513239,-87.686794397,ROBBERY,19,6
41.836893606,-87.723575057,ROBBERY,23,6
41.85354693,-87.685679736,ROBBERY,14,6
41.891133566,-87.624134682,THEFT,20,6
41.744479813,-87.646289585,ROBBERY,3,6
42.019398266,-87.67488021,ROBBERY,2,6
41.946021295,-87.655565552,THEFT,17,6
41.948131367,-87.649510899,ROBBERY,2,6
41.879536555,-87.625493067,THEFT,18,6
41.972843435,-87.671127232,ROBBERY,2,6
41.73656564,-87.578141192,ROBBERY,17,6
41.779183752,-87.688826305,THEFT,12,6
41.756378405,-87.562684471,ROBBERY,11,6
41.883656549,-87.749064412,THEFT,19,6
41.896688613,-87.627367939,ROBBERY,4,6
41.686385528,-87.655577385,THEFT,19,6
41.883475491,-87.627876969,THEFT,19,6
41.890071385,-87.627672183,THEFT,2,6
41.914562993,-87.677553434,THEFT,21,6
41.950603731,-87.688366953,ROBBERY,12,6
41.873605216,-87.712611297,ROBBERY,15,6
41.67736022,-87.641893815,ROBBERY,14,6
41.884950197,-87.677599285,ROBBERY,12,6
41.767375939,-87.622893093,ROBBERY,4,6
41.972339624,-87.775110617,THEFT,8,6
41.880630834,-87.774672021,THEFT,8,6
41.8841477,-87.673083189,ROBBERY,4,6
41.779582501,-87.640862796,ROBBERY,3,6
41.872738311,-87.7096236,ROBBERY,1,6
41.899023579,-87.758158731,ROBBERY,5,6
41.896253567,-87.728571685,ROBBERY,4,6
41.843473932,-87.724529173,ROBBERY,20,6
41.836815662,-87.730122398,ROBBERY,7,5
41.814607717,-87.699311253,ROBBERY,23,5
41.910756775,-87.749228812,ROBBERY,6,1
41.998633198,-87.687470142,ROBBERY,4,6
41.889259525,-87.717406788,ROBBERY,4,6
41.939905846,-87.654410045,ROBBERY,3,6
41.763062355,-87.621635795,ROBBERY,3,6
41.895487509,-87.713567459,ROBBERY,1,6
41.65183564,-87.613380771,ROBBERY,1,6
41.819968989,-87.700116835,ROBBERY,0,6
41.883659738,-87.632421239,THEFT,19,6
41.87504551,-87.743242252,ROBBERY,12,6
41.691526619,-87.635107774,ROBBERY,22,6
41.926812332,-87.702372339,ROBBERY,22,6
41.77912765,-87.692533522,ROBBERY,22,6
41.885393253,-87.663547848,ROBBERY,22,6
41.895212446,-87.663599526,ROBBERY,22,6
41.87803295,-87.640381136,ROBBERY,21,6
41.779273063,-87.676972155,ROBBERY,16,6
41.801007749,-87.653831748,ROBBERY,19,6
41.752147383,-87.603989513,ROBBERY,8,6
41.945688582,-87.649437757,ROBBERY,2,6
41.857311531,-87.653768313,THEFT,5,6
41.750150526,-87.646452666,THEFT,16,6
41.885741529,-87.631344503,THEFT,15,6
41.887704477,-87.631029211,THEFT,14,6
41.87766908,-87.629284766,THEFT,17,6
41.690531806,-87.621022587,ROBBERY,16,6
41.783392267,-87.594711117,ROBBERY,11,6
41.891051707,-87.63405559,THEFT,1,6
41.868165405,-87.62743954,THEFT,13,6
41.969330114,-87.659679691,THEFT,13,6
41.945144456,-87.654858055,THEFT,16,6
41.890053273,-87.628744799,ROBBERY,4,6
41.884226965,-87.651426664,THEFT,15,6
41.931197156,-87.64177949,THEFT,14,6
41.939918659,-87.653329306,THEFT,12,6
41.863375231,-87.659636657,THEFT,21,6
41.769185486,-87.625732415,ROBBERY,15,6
41.884276844,-87.622098929,THEFT,16,6
41.819732767,-87.59739731,THEFT,21,6
41.889751946,-87.631072891,THEFT,0,6
41.893399315,-87.635620327,THEFT,0,6
41.878981951,-87.69869001,ROBBERY,4,6
41.895525185,-87.709376227,ROBBERY,5,6
41.893676531,-87.635628328,THEFT,3,6
41.895617211,-87.632106859,ROBBERY,4,6
41.890013771,-87.631705393,THEFT,0,6
41.894749779,-87.637478821,ROBBERY,4,6
41.744049346,-87.664494883,ROBBERY,2,6
41.892802107,-87.713791753,ROBBERY,3,6
41.922750548,-87.644994062,ROBBERY,3,6
41.939606442,-87.739519545,ROBBERY,2,6
41.873185004,-87.743795434,ROBBERY,2,6
41.846050935,-87.726629757,ROBBERY,15,6
41.761001674,-87.559696929,ROBBERY,4,6
41.783474441,-87.613273996,ROBBERY,5,5
41.882394062,-87.627844798,ROBBERY,18,5
41.890053025,-87.628704402,THEFT,1,6
41.839811737,-87.661759133,ROBBERY,1,6
41.883950423,-87.682269672,ROBBERY,0,6
41.880443372,-87.624355722,ROBBERY,0,6
41.890013771,-87.631705393,THEFT,0,6
41.821359688,-87.70449461,ROBBERY,1,6
41.821767828,-87.700359595,ROBBERY,2,6
41.72169846,-87.625359863,ROBBERY,0,6
41.879733839,-87.668134613,ROBBERY,20,6
41.947280223,-87.652207109,ROBBERY,6,6
41.82584526,-87.600559684,THEFT,21,6
41.819735928,-87.597034079,THEFT,22,6
41.900629649,-87.628312638,THEFT,4,6
41.884389103,-87.706866213,ROBBERY,21,6
41.891023035,-87.619141016,ROBBERY,3,6
41.684809877,-87.642147208,ROBBERY,5,6
41.795001725,-87.633014005,ROBBERY,22,6
41.87616378,-87.745111964,ROBBERY,22,6
41.740976254,-87.651050024,ROBBERY,4,6
41.899250923,-87.62145895,THEFT,22,6
41.838580199,-87.60772081,THEFT,20,6
41.880334264,-87.757959152,ROBBERY,17,6
41.859324363,-87.724966198,ROBBERY,19,6
41.877809197,-87.761734553,ROBBERY,11,6
41.909760125,-87.63466702,ROBBERY,1,6
41.978165506,-87.658586238,THEFT,4,6
41.936073098,-87.666744574,ROBBERY,10,6
41.808042175,-87.677104058,ROBBERY,9,6
41.911067389,-87.653117601,THEFT,5,6
41.911292581,-87.636667266,ROBBERY,2,6
41.890013771,-87.631705393,THEFT,22,6
41.882782094,-87.633855661,THEFT,23,6
41.884848934,-87.639808046,ROBBERY,23,6
41.910764867,-87.658120918,ROBBERY,0,6
41.750723768,-87.638186311,ROBBERY,7,6
41.753677522,-87.646546999,ROBBERY,0,5
41.837341519,-87.614541985,ROBBERY,16,1
41.769185486,-87.625732415,ROBBERY,16,6
41.903230312,-87.634455361,ROBBERY,15,6
41.919360253,-87.715214101,ROBBERY,2,6
41.884013483,-87.627896757,ROBBERY,9,6
41.892816145,-87.624193198,THEFT,12,6
41.897837503,-87.624097243,THEFT,14,6
41.769696216,-87.68337861,ROBBERY,11,6
41.736277427,-87.62510451,THEFT,2,6
41.658678993,-87.602776239,ROBBERY,7,6
41.948792843,-87.670589538,ROBBERY,11,6
41.757436745,-87.588334702,ROBBERY,0,6
41.859983264,-87.728656593,ROBBERY,21,6
41.711519517,-87.619992506,ROBBERY,20,6
41.870040727,-87.70760846,ROBBERY,17,6
41.99448433,-87.666414976,ROBBERY,16,6
41.926123919,-87.648786866,THEFT,17,6
41.881832631,-87.709601264,ROBBERY,20,6
41.737506567,-87.585216242,THEFT,20,6
42.019398729,-87.67543958,ROBBERY,13,6
41.815994603,-87.643302717,ROBBERY,14,6
41.910470499,-87.678366829,THEFT,1,6
41.884389103,-87.706866213,THEFT,11,6
41.824547416,-87.633147064,THEFT,12,6
41.879045207,-87.627701705,ROBBERY,12,6
41.745514637,-87.568571178,THEFT,8,6
41.804135437,-87.667285013,ROBBERY,10,6
41.794509508,-87.633301738,ROBBERY,2,6
41.878113871,-87.634262752,THEFT,22,6
41.736922044,-87.551419766,ROBBERY,1,6
41.936903783,-87.644294256,THEFT,23,6
41.910676312,-87.649187069,THEFT,22,6
41.88233367,-87.627841791,ROBBERY,19,6
41.706320053,-87.603980344,ROBBERY,14,6
41.786188054,-87.654666603,ROBBERY,11,6
41.885426371,-87.630966024,THEFT,21,6
41.773184412,-87.676176393,ROBBERY,23,6
41.86583152,-87.66154196,ROBBERY,0,6
41.812993764,-87.699253805,ROBBERY,0,6
41.996387036,-87.659067004,ROBBERY,0,6
41.906098648,-87.634556327,ROBBERY,19,5
41.748104701,-87.647610487,ROBBERY,15,1
41.83107514,-87.620068319,ROBBERY,20,6
41.887238537,-87.763964185,ROBBERY,13,6
41.809519255,-87.60742163,THEFT,11,6
41.769070498,-87.626668445,THEFT,9,6
41.885106529,-87.65212608,THEFT,21,6
41.892483732,-87.713783811,ROBBERY,23,6
41.875452995,-87.620592186,THEFT,20,6
41.852732415,-87.701540958,ROBBERY,18,6
41.892297612,-87.744119215,ROBBERY,0,6
41.88728285,-87.756894211,THEFT,20,6
41.763970661,-87.582394395,ROBBERY,14,6
41.897126657,-87.681985261,ROBBERY,13,6
41.765522915,-87.684487408,ROBBERY,14,6
41.885741029,-87.631711749,THEFT,14,6
41.927720653,-87.644132174,ROBBERY,13,6
41.913644076,-87.687306326,ROBBERY,11,6
41.885741529,-87.631344503,THEFT,13,6
41.708738923,-87.60893009,ROBBERY,11,6
41.758189002,-87.572470677,THEFT,3,6
41.715139262,-87.535278735,ROBBERY,0,6
41.897895128,-87.624096605,THEFT,18,5
41.74531341,-87.602590113,ROBBERY,3,6
41.872928643,-87.62865386,ROBBERY,21,6
41.902696084,-87.723202846,ROBBERY,21,5
41.891556254,-87.669594916,ROBBERY,21,5
41.908538516,-87.725263281,ROBBERY,19,6
41.874466078,-87.761610127,ROBBERY,17,6
41.946212132,-87.646579678,THEFT,17,6
41.885753285,-87.626996239,THEFT,18,6
41.902900602,-87.699654403,ROBBERY,12,6
41.819518052,-87.701951924,ROBBERY,23,6
41.779826802,-87.613197481,ROBBERY,22,6
41.747039157,-87.605117365,ROBBERY,23,6
41.778366269,-87.698245838,ROBBERY,21,6
41.893801437,-87.765356689,ROBBERY,21,6
41.773811253,-87.722636843,ROBBERY,20,6
41.751163918,-87.555307461,THEFT,16,6
41.750894772,-87.560155453,ROBBERY,18,6
41.978163259,-87.658670849,ROBBERY,3,6
41.878840427,-87.639582928,THEFT,17,6
41.79329893,-87.66456619,THEFT,8,6
41.796289005,-87.758660164,ROBBERY,14,6
41.755291497,-87.642938127,ROBBERY,17,6
41.87905528,-87.629342991,THEFT,14,6
41.816794814,-87.607933765,ROBBERY,14,6
41.899737585,-87.628282045,THEFT,15,6
41.844361092,-87.716442982,ROBBERY,15,6
41.946488939,-87.718661096,THEFT,14,6
41.86640116,-87.705973505,THEFT,14,6
41.900190488,-87.628299103,THEFT,13,6
41.885740814,-87.630778959,ROBBERY,21,6
41.770975901,-87.591118073,ROBBERY,20,6
41.917024635,-87.687735182,ROBBERY,21,6
41.708150868,-87.561187884,ROBBERY,2,6
41.721763443,-87.621663126,ROBBERY,1,6
41.771549564,-87.679675678,ROBBERY,1,6
41.868606884,-87.683644301,ROBBERY,0,6
41.906266669,-87.727411851,ROBBERY,15,6
41.777558327,-87.615558249,ROBBERY,13,6
41.904329662,-87.667996915,ROBBERY,1,6
41.775834643,-87.615515144,ROBBERY,22,6
41.733613962,-87.658136666,ROBBERY,21,6
41.881424572,-87.686437519,ROBBERY,17,6
41.884231489,-87.696669693,ROBBERY,12,6
41.686206028,-87.615615357,ROBBERY,20,6
41.882381731,-87.629412971,THEFT,17,6
41.70956715,-87.681717643,ROBBERY,17,6
41.961656881,-87.664297657,ROBBERY,1,5
41.968434832,-87.710088296,ROBBERY,12,6
41.751275763,-87.566227001,ROBBERY,2,6
41.876351148,-87.666880865,ROBBERY,3,6
41.970336247,-87.654851868,ROBBERY,4,6
41.843879386,-87.620432585,ROBBERY,23,6
41.882381731,-87.629412971,THEFT,8,6
41.852198325,-87.674377204,ROBBERY,18,6
41.88033698,-87.629365643,THEFT,17,6
41.907023639,-87.63458665,THEFT,21,6
41.895901406,-87.71144781,ROBBERY,19,6
41.995943393,-87.66532555,ROBBERY,22,6
41.780845308,-87.659393962,THEFT,9,6
41.893223483,-87.63153437,THEFT,15,6
41.827185501,-87.621674516,ROBBERY,11,6
41.722293683,-87.552454304,ROBBERY,10,6
41.887899303,-87.746939749,ROBBERY,9,6
41.894884155,-87.761233398,ROBBERY,10,6
41.726473327,-87.546428822,ROBBERY,12,6
41.85207308,-87.732082259,ROBBERY,13,6
41.750490827,-87.654302474,ROBBERY,15,5
41.816598679,-87.619113763,THEFT,8,6
41.847565598,-87.645749253,THEFT,7,6
41.746277593,-87.662119177,ROBBERY,5,6
41.866810739,-87.625817031,ROBBERY,22,6
41.998371665,-87.660569111,ROBBERY,21,6
41.868165405,-87.62743954,ROBBERY,21,6
41.763089701,-87.634585376,ROBBERY,21,6
41.817709879,-87.623059749,ROBBERY,23,6
41.780267983,-87.613969818,ROBBERY,3,6
41.871939957,-87.699141525,THEFT,16,6
41.918578314,-87.636183854,ROBBERY,6,6
41.764673282,-87.56456458,ROBBERY,22,6
41.88173675,-87.751457809,ROBBERY,13,6
41.896442307,-87.655722728,THEFT,16,6
41.854956912,-87.705343887,ROBBERY,7,6
41.892588736,-87.63409759,ROBBERY,23,6
41.795795314,-87.647652447,ROBBERY,20,6
41.750850182,-87.601534184,ROBBERY,22,6
41.819059799,-87.700463304,ROBBERY,21,6
41.877018518,-87.731062705,ROBBERY,14,6
41.885741029,-87.631711749,THEFT,16,6
41.91583185,-87.724069766,ROBBERY,13,6
41.812384026,-87.601758575,ROBBERY,18,6
41.705113794,-87.623461757,ROBBERY,21,6
41.963468062,-87.743908836,ROBBERY,9,6
41.736642072,-87.605289789,ROBBERY,15,6
41.656822987,-87.597483806,ROBBERY,13,6
41.73453329,-87.740708838,THEFT,16,6
41.874466078,-87.761610127,ROBBERY,13,6
41.794299551,-87.645794458,ROBBERY,12,6
41.976290414,-87.905227221,THEFT,11,6
41.706636485,-87.665985119,THEFT,13,6
41.880735492,-87.628568091,THEFT,18,6
41.894446665,-87.717503869,ROBBERY,5,6
41.891984471,-87.62416567,THEFT,18,6
41.794533814,-87.631438536,ROBBERY,17,6
41.866331725,-87.666379171,ROBBERY,12,6
41.764784251,-87.620062593,ROBBERY,6,5
41.81811276,-87.60674129,ROBBERY,18,4
41.910935895,-87.647160002,ROBBERY,2,6
41.780110888,-87.615617777,ROBBERY,22,6
41.89363659,-87.715363022,ROBBERY,15,6
41.766249677,-87.57548019,ROBBERY,19,6
41.885481891,-87.627935689,THEFT,14,6
41.910121292,-87.638560993,THEFT,17,6
41.946045395,-87.649448647,ROBBERY,3,6
41.907031675,-87.725215129,ROBBERY,6,6
41.784347439,-87.65341003,ROBBERY,22,6
41.892370351,-87.686745783,ROBBERY,4,6
41.752545308,-87.624599541,ROBBERY,23,6
41.880490151,-87.745927891,ROBBERY,23,6
41.984506698,-87.655216366,ROBBERY,23,6
41.867189292,-87.716201538,ROBBERY,22,6
41.837879307,-87.608414956,ROBBERY,2,6
41.872775612,-87.735207472,ROBBERY,5,6
41.906623578,-87.631534571,ROBBERY,19,6
41.790932102,-87.59320544,ROBBERY,15,6
41.90824193,-87.767083926,ROBBERY,17,6
41.903409445,-87.63143018,ROBBERY,3,6
41.918939522,-87.785298523,ROBBERY,16,6
41.949600232,-87.658442769,ROBBERY,3,6
41.885481891,-87.627935689,THEFT,13,6
41.748664172,-87.741319142,ROBBERY,23,6
41.948224686,-87.649513578,THEFT,15,6
41.738691386,-87.696178334,ROBBERY,21,6
41.793969887,-87.624070018,ROBBERY,4,6
41.699927519,-87.535280094,ROBBERY,6,6
41.83781667,-87.665526727,ROBBERY,6,6
41.860292024,-87.72012237,ROBBERY,7,6
41.750437558,-87.657835796,ROBBERY,5,6
41.733900316,-87.668179669,ROBBERY,4,6
41.885393253,-87.663547848,THEFT,2,6
41.88223983,-87.765337908,ROBBERY,22,6
41.844063211,-87.705028372,THEFT,15,6
41.88030062,-87.710985858,ROBBERY,10,6
41.886815464,-87.628361716,ROBBERY,11,5
41.880966348,-87.706741745,ROBBERY,10,5
41.946280145,-87.771647413,ROBBERY,22,4
41.927273891,-87.704469775,THEFT,2,6
41.876891297,-87.629542992,THEFT,23,6
41.727345628,-87.551195207,ROBBERY,6,6
41.87766908,-87.629284766,THEFT,10,6
41.909847799,-87.677447398,THEFT,10,6
41.910007156,-87.634675348,ROBBERY,1,6
41.875508384,-87.656975687,THEFT,22,6
41.943083876,-87.649362673,THEFT,3,6
41.692010312,-87.61826025,ROBBERY,14,6
41.9100792,-87.709620261,ROBBERY,23,6
41.778552642,-87.700689417,ROBBERY,10,6
41.885481891,-87.627935689,THEFT,15,6
41.759627772,-87.623172817,ROBBERY,23,6
41.77778051,-87.775726866,ROBBERY,22,6
41.87766908,-87.629284766,THEFT,15,6
41.895230766,-87.626814687,ROBBERY,22,6
41.721180629,-87.623717187,ROBBERY,5,6
41.891984471,-87.62416567,THEFT,16,6
41.892312993,-87.710123686,ROBBERY,15,6
41.947250041,-87.653596936,ROBBERY,2,6
41.969296124,-87.708502376,ROBBERY,14,6
41.844580682,-87.701808336,ROBBERY,13,6
41.881547038,-87.740123512,ROBBERY,10,6
41.854392299,-87.715594119,ROBBERY,7,6
41.780619383,-87.671513808,ROBBERY,0,6
41.868165405,-87.62743954,THEFT,5,6
41.884389103,-87.706866213,ROBBERY,9,6
41.863788863,-87.708029195,ROBBERY,1,6
41.754693727,-87.655463938,ROBBERY,4,6
41.802009291,-87.622077869,ROBBERY,3,6
42.018498254,-87.672983233,THEFT,3,6
41.909665161,-87.775282275,ROBBERY,4,6
41.781690451,-87.78874199,ROBBERY,1,6
41.890052593,-87.645837357,THEFT,2,6
41.911120669,-87.638186442,ROBBERY,2,5
41.922786529,-87.645045119,THEFT,1,6
41.907198883,-87.648184558,ROBBERY,20,6
41.809465864,-87.611141633,ROBBERY,10,6
41.887265045,-87.767662165,ROBBERY,16,6
41.831505684,-87.646126637,THEFT,17,6
41.885741029,-87.631711749,THEFT,17,6
41.796216157,-87.723245665,ROBBERY,10,6
41.766073826,-87.575863479,ROBBERY,21,6
41.793083609,-87.715809109,ROBBERY,2,6
41.809085505,-87.604363725,ROBBERY,21,6
41.939920598,-87.653193291,ROBBERY,21,6
41.779319624,-87.673602318,ROBBERY,19,6
41.910860169,-87.65195519,ROBBERY,19,6
41.854362853,-87.728103883,ROBBERY,17,6
41.703201242,-87.637863481,ROBBERY,16,6
41.80466668,-87.632497972,ROBBERY,15,6
41.707514596,-87.563293962,ROBBERY,14,6
41.92101618,-87.751137826,ROBBERY,13,6
41.874466078,-87.761610127,ROBBERY,10,6
41.955679166,-87.648334643,ROBBERY,3,6
41.87949161,-87.745999461,ROBBERY,20,6
41.932708981,-87.649528656,ROBBERY,1,6
41.882935748,-87.626234067,THEFT,15,6
41.745832708,-87.601825689,ROBBERY,11,6
41.890051565,-87.62891376,THEFT,0,6
41.889980277,-87.714671077,THEFT,11,6
41.787354216,-87.625980005,ROBBERY,8,6
41.878638996,-87.627691486,THEFT,9,6
41.739669366,-87.604907509,THEFT,10,6
41.75033427,-87.665045312,ROBBERY,0,6
41.996573329,-87.688627714,THEFT,9,6
41.809125265,-87.631906508,THEFT,8,6
41.964757885,-87.713690777,ROBBERY,2,6
41.852840843,-87.632710099,THEFT,7,6
41.780990665,-87.6533245,THEFT,22,6
41.871870367,-87.706459756,ROBBERY,22,6
41.819697049,-87.623111162,ROBBERY,23,6
41.863588895,-87.703075093,ROBBERY,23,6
41.862379882,-87.716948963,ROBBERY,23,6
41.851889359,-87.696469311,ROBBERY,22,6
41.909192275,-87.687189569,ROBBERY,1,6
41.779499844,-87.698278649,THEFT,3,6
41.765208143,-87.644100096,ROBBERY,3,6
41.796133264,-87.602753891,ROBBERY,1,6
41.888000869,-87.763296356,ROBBERY,15,6
41.87766908,-87.629284766,THEFT,15,6
41.88762321,-87.62583716,ROBBERY,23,6
41.713760498,-87.674980046,ROBBERY,8,6
41.802520714,-87.656302434,ROBBERY,22,6
41.751689457,-87.665903469,ROBBERY,22,6
41.922982157,-87.775688034,ROBBERY,21,6
41.877864969,-87.627666954,ROBBERY,21,6
41.837289606,-87.645044602,THEFT,19,6
41.811550159,-87.666283826,ROBBERY,3,6
41.896442307,-87.655722728,THEFT,18,6
41.990041584,-87.65891695,ROBBERY,11,6
41.872948511,-87.735209532,ROBBERY,15,6
41.736458248,-87.585638764,ROBBERY,15,6
41.883207809,-87.633013741,THEFT,14,6
41.903283272,-87.694427014,ROBBERY,13,6
41.851794306,-87.703117482,ROBBERY,16,6
41.811421161,-87.696749283,ROBBERY,1,6
41.747532725,-87.557670944,ROBBERY,0,6
41.867868979,-87.627431787,ROBBERY,1,6
41.865521655,-87.721493176,ROBBERY,0,6
41.77573844,-87.742181062,ROBBERY,20,2
41.852882701,-87.635528609,ROBBERY,19,6
41.885999688,-87.648649821,THEFT,16,6
41.885888079,-87.627942238,THEFT,15,6
41.896375946,-87.6242787,THEFT,15,6
41.739817594,-87.604913162,ROBBERY,3,6
41.87766908,-87.629284766,THEFT,13,6
41.793722919,-87.775324673,ROBBERY,6,6
41.883869155,-87.746627731,ROBBERY,1,6
41.809241683,-87.708651654,ROBBERY,2,6
41.884512436,-87.622918921,ROBBERY,2,6
41.762184391,-87.586223523,ROBBERY,2,5
41.856132209,-87.656676995,ROBBERY,13,6
41.746692026,-87.664951165,ROBBERY,0,6
41.911704985,-87.686036339,ROBBERY,15,6
41.986710448,-87.777820996,ROBBERY,1,5
41.859831325,-87.72742459,ROBBERY,23,5
41.76559446,-87.621050648,ROBBERY,17,6
41.75089655,-87.627813307,ROBBERY,12,5
41.871227331,-87.653253778,ROBBERY,1,5
41.884276366,-87.622021816,THEFT,18,6
41.742710224,-87.634088181,THEFT,17,6
41.868447451,-87.642228591,ROBBERY,0,6
41.757539801,-87.637145175,ROBBERY,15,6
41.870258256,-87.742460188,ROBBERY,9,6
41.763823209,-87.565483757,ROBBERY,14,6
41.868165405,-87.62743954,THEFT,19,6
41.894352276,-87.710180992,ROBBERY,23,6
41.73114311,-87.549892533,ROBBERY,22,6
41.670584044,-87.637281336,ROBBERY,23,6
41.743153386,-87.657703285,ROBBERY,19,6
41.879747044,-87.774642998,ROBBERY,22,6
41.769273621,-87.685813278,ROBBERY,21,6
41.8818933,-87.738625724,THEFT,22,6
41.825392777,-87.631369414,ROBBERY,19,6
41.925076902,-87.673855622,THEFT,18,6
41.887282776,-87.756879522,ROBBERY,4,6
41.88090842,-87.711736421,THEFT,19,6
41.896442307,-87.655722728,THEFT,17,6
41.777613768,-87.727616188,ROBBERY,17,6
41.779054042,-87.697560782,ROBBERY,17,6
41.751013063,-87.62090037,ROBBERY,9,6
41.758904163,-87.634506167,ROBBERY,15,6
41.793439355,-87.629279533,ROBBERY,7,6
41.866235446,-87.720517147,ROBBERY,0,6
41.828505698,-87.621707593,ROBBERY,21,6
41.836875875,-87.72488895,ROBBERY,5,6
41.768167414,-87.659053795,ROBBERY,10,6
41.887240906,-87.77000911,ROBBERY,20,6
41.877482183,-87.692014569,ROBBERY,20,6
41.894908283,-87.758371958,ROBBERY,9,6
41.805228564,-87.595146239,ROBBERY,20,5
41.890120698,-87.644837662,ROBBERY,15,4
41.794583892,-87.629307346,ROBBERY,12,4
41.954663151,-87.720564123,ROBBERY,23,6
41.885741029,-87.631711749,THEFT,17,6
41.781238369,-87.60595147,ROBBERY,7,6
41.870742637,-87.69601785,ROBBERY,12,6
41.750843608,-87.603952966,ROBBERY,1,6
41.749738106,-87.688952353,ROBBERY,23,6
41.735335992,-87.663053811,ROBBERY,12,6
41.762566091,-87.641478302,ROBBERY,19,6
41.859918745,-87.720111252,ROBBERY,22,6
41.748047232,-87.643968533,ROBBERY,20,6
41.877502477,-87.642520263,ROBBERY,19,6
41.772065828,-87.641764814,THEFT,14,6
41.882980737,-87.65693728,THEFT,16,6
41.966728607,-87.767445112,THEFT,12,6
41.964124456,-87.768023372,THEFT,13,6
41.909250589,-87.775807561,ROBBERY,3,6
41.877600872,-87.635193673,ROBBERY,20,6
41.863375231,-87.659636657,THEFT,16,6
41.794733492,-87.620192694,ROBBERY,21,6
41.883057686,-87.751104303,ROBBERY,21,6
41.769447819,-87.566538409,THEFT,21,6
41.721763443,-87.621663126,ROBBERY,21,6
42.005836834,-87.664964508,ROBBERY,17,6
41.896343018,-87.624279065,ROBBERY,15,6
41.700466571,-87.61358194,THEFT,12,6
41.872940721,-87.683761968,ROBBERY,11,6
41.937227668,-87.644305471,THEFT,13,6
41.93991842,-87.653288878,THEFT,16,6
41.968374092,-87.716115753,ROBBERY,6,6
41.863375231,-87.659636657,THEFT,19,6
41.880219793,-87.630843112,THEFT,13,6
41.69005341,-87.644741832,THEFT,23,6
41.692358646,-87.623096746,ROBBERY,8,6
41.809519487,-87.607458308,THEFT,11,6
41.917731517,-87.643648114,ROBBERY,8,6
41.739669366,-87.604907509,ROBBERY,10,6
41.910799211,-87.736138478,ROBBERY,16,6
41.809350624,-87.618603726,ROBBERY,0,6
41.736422269,-87.604815966,ROBBERY,3,6
42.019381776,-87.672488319,THEFT,12,6
41.869826821,-87.682453396,ROBBERY,21,6
41.673511214,-87.632143653,ROBBERY,23,6
41.880966228,-87.706719713,THEFT,14,6
41.800464977,-87.723370404,ROBBERY,11,6
42.022329746,-87.670709667,ROBBERY,17,6
41.915990756,-87.687370839,THEFT,17,6
41.949640324,-87.713238008,THEFT,13,6
41.741394267,-87.713692041,ROBBERY,10,6
41.751132133,-87.614024029,ROBBERY,1,6
41.80950879,-87.608371773,ROBBERY,12,6
41.728263473,-87.550169307,ROBBERY,9,6
41.863375231,-87.659636657,THEFT,16,6
41.890051565,-87.62891376,THEFT,2,6
41.885741029,-87.631711749,THEFT,12,6
41.863375231,-87.659636657,THEFT,21,6
41.863375231,-87.659636657,THEFT,16,6
41.863375231,-87.659636657,THEFT,20,6
42.02059812,-87.666436575,ROBBERY,21,6
41.965960914,-87.710844136,ROBBERY,20,6
41.779869327,-87.610791873,ROBBERY,3,6
41.902818046,-87.73123173,ROBBERY,21,6
41.885888079,-87.627942238,THEFT,12,6
41.799465892,-87.723339536,ROBBERY,14,6
41.692423156,-87.636774997,ROBBERY,17,6
41.844181884,-87.729715569,ROBBERY,17,6
41.779076327,-87.696134362,THEFT,16,6
41.863375231,-87.659636657,THEFT,18,6
41.968234567,-87.728571616,THEFT,14,6
41.863375231,-87.659636657,THEFT,18,6
41.686524365,-87.647063965,ROBBERY,1,6
41.862102007,-87.663879084,THEFT,21,6
41.862102007,-87.663879084,THEFT,21,6
41.862102007,-87.663879084,THEFT,20,6
41.883352895,-87.697581796,ROBBERY,22,6
42.001682746,-87.67313138,ROBBERY,21,6
41.778101876,-87.692147777,ROBBERY,18,6
41.771227794,-87.611266444,ROBBERY,14,6
41.707321141,-87.613461543,ROBBERY,15,6
41.883216462,-87.629043927,THEFT,12,6
41.893676531,-87.635628328,THEFT,0,6
41.900777694,-87.62650376,ROBBERY,16,6
41.891404732,-87.628061509,THEFT,16,6
41.721494256,-87.640483143,ROBBERY,3,6
41.897692523,-87.7261559,ROBBERY,9,6
41.882381731,-87.629412971,THEFT,8,6
41.748260682,-87.741304526,ROBBERY,6,6
41.792901733,-87.587993832,ROBBERY,18,1
41.844041332,-87.620438127,THEFT,2,6
41.91192318,-87.774053886,ROBBERY,1,6
41.718535221,-87.551023671,ROBBERY,14,6
42.018498254,-87.672983233,THEFT,16,6
41.885741029,-87.631711749,THEFT,16,6
41.881546939,-87.626197968,THEFT,11,6
41.909152038,-87.652675042,THEFT,0,6
41.890081244,-87.62704405,THEFT,3,6
41.809626128,-87.598334647,ROBBERY,4,6
41.765014339,-87.656740878,ROBBERY,3,6
41.721005667,-87.643202686,ROBBERY,1,6
41.900053333,-87.733612249,ROBBERY,1,6
41.903484032,-87.732114444,ROBBERY,4,6
41.93991842,-87.653288878,THEFT,3,6
41.821712273,-87.703232777,ROBBERY,0,6
41.884156374,-87.672682817,ROBBERY,3,6
41.806472977,-87.622762074,ROBBERY,3,6
41.890831286,-87.63031551,THEFT,1,6
41.881732151,-87.649991662,THEFT,1,6
41.865681095,-87.709303043,ROBBERY,23,6
41.770806905,-87.609361259,ROBBERY,23,6
41.774408027,-87.635628345,ROBBERY,0,6
41.863375231,-87.659636657,THEFT,19,6
41.863375231,-87.659636657,THEFT,21,6
41.863375231,-87.659636657,THEFT,21,6
41.863375231,-87.659636657,THEFT,18,6
41.869749161,-87.640107132,THEFT,9,6
41.885728393,-87.63413935,THEFT,12,6
41.885591676,-87.627938154,THEFT,14,6
41.863375231,-87.659636657,THEFT,21,6
41.909152038,-87.652675042,THEFT,1,6
41.93991842,-87.653288878,THEFT,17,6
41.911563562,-87.755735282,ROBBERY,15,6
41.881183664,-87.685081252,THEFT,8,6
41.943056436,-87.649362967,THEFT,23,6
41.87409004,-87.761595119,ROBBERY,22,6
41.880051337,-87.753540489,ROBBERY,23,6
41.863375231,-87.659636657,THEFT,19,6
41.863375231,-87.659636657,ROBBERY,21,6
41.915757435,-87.720400009,ROBBERY,23,6
41.863375231,-87.659636657,THEFT,21,6
41.880475282,-87.725665283,ROBBERY,16,6
41.768290786,-87.68623372,ROBBERY,19,6
41.736148121,-87.629070243,ROBBERY,19,6
41.854608249,-87.631828212,ROBBERY,15,6
41.861476469,-87.664847417,THEFT,18,6
41.938818641,-87.747491584,THEFT,15,6
41.888131743,-87.629548167,ROBBERY,16,6
41.94284378,-87.787453666,ROBBERY,12,6
41.939918659,-87.653329306,ROBBERY,8,6
41.852868298,-87.63091491,THEFT,11,6
41.854923175,-87.732378584,ROBBERY,0,6
41.868071816,-87.666419826,ROBBERY,2,6
41.863375231,-87.659636657,THEFT,15,6
41.863375231,-87.659636657,THEFT,21,6
41.863127974,-87.661463799,THEFT,21,6
41.854622169,-87.712420477,ROBBERY,23,6
41.757400139,-87.599275389,THEFT,18,6
41.721623049,-87.624701342,THEFT,2,6
41.863375231,-87.659636657,THEFT,21,6
41.730127277,-87.546615031,THEFT,11,6
41.838064005,-87.644673005,THEFT,20,6
41.895003278,-87.62152816,THEFT,13,6
41.750742298,-87.610066837,ROBBERY,11,6
41.863375231,-87.659636657,THEFT,22,6
41.863375231,-87.659636657,THEFT,20,6
41.82483956,-87.620412703,ROBBERY,22,6
41.860358116,-87.714027937,ROBBERY,22,6
41.866623038,-87.744777227,ROBBERY,5,6
41.857744741,-87.669658337,THEFT,22,6
41.863375231,-87.659636657,THEFT,21,6
41.809197637,-87.683885474,THEFT,16,6
41.872758484,-87.66021739,ROBBERY,20,6
41.884276844,-87.622098929,THEFT,15,6
41.863375231,-87.659636657,THEFT,22,6
41.763156062,-87.629720655,ROBBERY,12,6
41.806581405,-87.703931246,ROBBERY,12,6
41.90227194,-87.753629703,ROBBERY,16,6
41.852336791,-87.646487314,ROBBERY,18,6
41.721698686,-87.625396491,ROBBERY,17,6
41.858310477,-87.723694681,ROBBERY,16,6
41.863375231,-87.659636657,THEFT,21,6
41.882076985,-87.626709904,ROBBERY,0,6
41.890035528,-87.652646648,ROBBERY,0,6
42.019385566,-87.673147017,THEFT,3,6
41.866839419,-87.686044892,ROBBERY,1,6
41.932713177,-87.64931178,ROBBERY,1,6
41.890257683,-87.63255111,ROBBERY,1,6
41.982755785,-87.657989755,ROBBERY,1,6
41.799931079,-87.587340249,ROBBERY,0,6
41.748345446,-87.645189309,ROBBERY,0,6
41.881994258,-87.629773427,THEFT,14,6
41.709677763,-87.650201796,ROBBERY,19,6
41.867428687,-87.626342565,ROBBERY,16,5
41.930865944,-87.680355873,ROBBERY,17,6
41.846215564,-87.626781697,ROBBERY,16,6
41.823879885,-87.613503857,ROBBERY,14,6
41.693962644,-87.621533956,ROBBERY,13,6
41.884606524,-87.765015813,ROBBERY,7,6
41.866176234,-87.724864529,THEFT,16,6
41.925478023,-87.647239377,ROBBERY,0,6
41.797993213,-87.596204806,ROBBERY,3,6
41.686337893,-87.63614504,ROBBERY,4,6
41.773380122,-87.582284649,ROBBERY,4,6
41.780110888,-87.615617777,ROBBERY,4,6
41.752312369,-87.654187991,ROBBERY,4,6
41.821153535,-87.624771671,ROBBERY,21,6
41.762091144,-87.70397036,ROBBERY,3,6
41.780296329,-87.690989335,ROBBERY,2,6
41.885754376,-87.762401894,ROBBERY,22,6
41.765687332,-87.57136673,ROBBERY,1,5
41.70388614,-87.564454179,ROBBERY,21,5
41.7897808,-87.709955378,ROBBERY,0,5
41.880773836,-87.721938911,ROBBERY,19,5
41.885729587,-87.625821329,ROBBERY,22,4
41.728263473,-87.550169307,ROBBERY,16,1
41.891404732,-87.628061509,THEFT,16,6
41.95285778,-87.649658898,ROBBERY,18,6
41.883500187,-87.627876698,THEFT,18,6
41.893956933,-87.622729791,THEFT,15,6
41.978934981,-87.655047462,THEFT,15,6
41.882381731,-87.629412971,THEFT,14,6
41.986370411,-87.655284864,ROBBERY,22,6
41.769185486,-87.625732415,ROBBERY,23,6
42.016214989,-87.672487987,ROBBERY,23,6
41.86548278,-87.73494871,ROBBERY,3,6
41.880108035,-87.647309981,ROBBERY,2,6
41.896442307,-87.655722728,ROBBERY,20,6
41.892753031,-87.624193896,ROBBERY,18,6
41.721733411,-87.575340493,ROBBERY,14,6
41.872013415,-87.627533053,ROBBERY,13,6
41.863535697,-87.726313971,ROBBERY,18,6
41.793643272,-87.624062618,ROBBERY,16,6
41.766820322,-87.586349354,ROBBERY,16,6
41.722643236,-87.657848589,ROBBERY,1,6
41.779975054,-87.630937377,ROBBERY,17,6
41.771007962,-87.58801639,ROBBERY,12,6
41.689875069,-87.622216076,ROBBERY,16,6
41.869527012,-87.720228706,ROBBERY,6,6
41.915990756,-87.687370839,THEFT,17,5
41.770426291,-87.724989422,ROBBERY,3,6
41.876891619,-87.741492127,ROBBERY,0,6
41.729600228,-87.552629593,ROBBERY,0,6
41.808969729,-87.613857873,ROBBERY,0,6
41.959113351,-87.776976143,ROBBERY,3,5
41.948465028,-87.77965666,ROBBERY,20,5
41.86938727,-87.658596922,THEFT,17,6
41.794344947,-87.615968735,ROBBERY,17,6
41.953465295,-87.743887042,ROBBERY,14,6
41.885886062,-87.711151999,ROBBERY,0,6
41.889320953,-87.651078681,ROBBERY,13,6
41.780312807,-87.68367105,ROBBERY,10,6
41.891935246,-87.762016305,ROBBERY,8,6
41.881883933,-87.640060441,THEFT,17,6
41.751164599,-87.612198632,ROBBERY,20,6
41.844175714,-87.730108321,ROBBERY,21,6
41.872781765,-87.725404039,ROBBERY,18,6
41.872829869,-87.676335291,THEFT,12,6
41.882470918,-87.627847625,THEFT,16,6
41.892069921,-87.620238531,THEFT,10,6
41.881475571,-87.626195083,THEFT,17,6
41.921571195,-87.735251706,ROBBERY,15,6
41.865483146,-87.772542415,ROBBERY,16,6
41.884613136,-87.731307206,ROBBERY,16,6
41.878154644,-87.630153367,ROBBERY,15,6
41.855429752,-87.715106947,ROBBERY,14,6
41.867071643,-87.726049227,ROBBERY,13,6
41.881242149,-87.73794874,ROBBERY,6,6
41.756260416,-87.607783884,ROBBERY,8,6
41.818340927,-87.623481997,ROBBERY,10,6
41.756259091,-87.624719943,ROBBERY,4,6
41.728586054,-87.623921444,ROBBERY,4,6
41.866832248,-87.639235498,ROBBERY,4,6
41.787268814,-87.664408858,ROBBERY,2,6
41.885426371,-87.630966024,THEFT,14,6
41.882381731,-87.629412971,THEFT,17,6
41.962051727,-87.691152504,ROBBERY,23,6
41.736446287,-87.672806546,ROBBERY,23,6
41.786464631,-87.652247304,THEFT,21,6
41.961624938,-87.720512131,ROBBERY,22,6
41.885481891,-87.627935689,THEFT,17,6
41.882092335,-87.625637453,ROBBERY,18,6
41.766677799,-87.576314575,ROBBERY,14,6
41.995325694,-87.684902737,ROBBERY,12,6
41.879147838,-87.710949307,THEFT,18,6
41.763752531,-87.584713497,ROBBERY,1,6
41.962850425,-87.65584315,ROBBERY,5,6
41.797845527,-87.683574686,ROBBERY,10,5
41.902010439,-87.695009072,ROBBERY,16,5
41.780312807,-87.68367105,ROBBERY,12,5
41.847332348,-87.711210066,ROBBERY,22,5
41.869575973,-87.719633456,ROBBERY,8,5
41.885741029,-87.631711749,THEFT,14,6
41.831478244,-87.646126931,ROBBERY,18,6
41.75097171,-87.682871235,ROBBERY,15,6
41.858628381,-87.672035261,ROBBERY,15,6
41.754027324,-87.66114787,ROBBERY,15,6
41.879097968,-87.632283818,ROBBERY,11,6
41.892017399,-87.624165306,THEFT,17,6
41.803169281,-87.621056425,ROBBERY,14,6
41.84431416,-87.719977688,ROBBERY,13,6
41.792028613,-87.645099984,ROBBERY,14,6
41.882123956,-87.706153898,ROBBERY,10,6
41.971501173,-87.745673451,THEFT,8,6
41.776322631,-87.605838376,ROBBERY,4,6
41.758271548,-87.622641665,ROBBERY,7,6
41.87950297,-87.626723575,THEFT,8,6
41.922474208,-87.663226318,ROBBERY,8,6
41.909965311,-87.719037334,ROBBERY,4,6
41.772569635,-87.608197663,ROBBERY,4,6
41.90215894,-87.764507548,ROBBERY,16,5
41.926757471,-87.64231251,ROBBERY,2,5
41.909421431,-87.761992667,ROBBERY,13,4
41.92725823,-87.712179653,ROBBERY,0,6
41.873852593,-87.76240869,ROBBERY,1,6
41.890816387,-87.631468902,ROBBERY,1,6
41.939086945,-87.727799589,THEFT,15,6
41.882381731,-87.629412971,THEFT,13,6
41.753343406,-87.706683528,ROBBERY,15,6
41.74866035,-87.600261793,ROBBERY,16,6
41.755358678,-87.663560189,THEFT,22,6
41.882006775,-87.728823557,ROBBERY,10,6
41.880483386,-87.62773362,ROBBERY,18,6
41.766247597,-87.575997062,ROBBERY,8,6
41.959391627,-87.704863676,ROBBERY,22,6
41.735871432,-87.657482838,ROBBERY,16,6
41.775052348,-87.596416227,ROBBERY,22,6
41.937517488,-87.707879138,ROBBERY,21,6
41.910459522,-87.678848213,ROBBERY,20,6
41.88405804,-87.624436948,THEFT,17,6
41.656442278,-87.60233312,ROBBERY,21,6
41.909614875,-87.747016581,ROBBERY,20,6
41.762990759,-87.582365502,ROBBERY,19,6
41.739098363,-87.721577164,THEFT,9,6
41.913193953,-87.632546423,THEFT,8,6
41.872823407,-87.726013143,THEFT,8,6
41.884812928,-87.714173749,ROBBERY,7,6
41.878254507,-87.68635566,THEFT,8,6
41.878602263,-87.685246878,ROBBERY,7,6
41.815856324,-87.61977132,ROBBERY,0,6
41.879271585,-87.720693719,ROBBERY,23,6
41.887338112,-87.624551258,ROBBERY,16,6
41.793983796,-87.643021786,ROBBERY,17,6
41.876932377,-87.738227419,ROBBERY,21,6
41.929743818,-87.684273777,ROBBERY,11,6
41.904370109,-87.631460067,ROBBERY,1,6
41.914726741,-87.71345484,ROBBERY,20,6
41.965362777,-87.745215087,ROBBERY,21,6
41.656442278,-87.60233312,ROBBERY,21,6
41.677875467,-87.636327897,ROBBERY,15,6
41.678700674,-87.620530766,ROBBERY,21,6
41.749891243,-87.56807581,ROBBERY,18,6
41.745711423,-87.574659097,ROBBERY,17,6
41.883935022,-87.683426607,ROBBERY,18,6
41.85178643,-87.703682812,ROBBERY,18,6
41.90352381,-87.66674162,THEFT,19,6
41.857106336,-87.66180581,THEFT,12,6
41.742866241,-87.646303123,ROBBERY,21,6
41.793876041,-87.649323127,ROBBERY,16,6
41.810209459,-87.621235204,ROBBERY,4,6
41.740661918,-87.655901,ROBBERY,18,6
41.891686695,-87.627055746,ROBBERY,16,6
41.765019613,-87.656238646,ROBBERY,15,6
41.882381731,-87.629412971,THEFT,16,6
41.782145386,-87.717952645,ROBBERY,20,6
41.743309638,-87.647023924,ROBBERY,6,6
41.813182784,-87.605674524,ROBBERY,5,6
41.925411753,-87.668156407,ROBBERY,4,6
41.925563038,-87.71946098,ROBBERY,21,6
41.848334165,-87.73552696,ROBBERY,17,5
41.91654531,-87.636713017,ROBBERY,4,6
41.75216896,-87.605227966,ROBBERY,1,6
41.8926701,-87.628106353,ROBBERY,6,6
41.908937348,-87.631597398,ROBBERY,6,6
41.955918057,-87.649740161,ROBBERY,10,6
41.750702661,-87.612493314,ROBBERY,8,6
41.801938208,-87.602878669,ROBBERY,4,6
41.785750338,-87.612977195,ROBBERY,4,6
41.794533814,-87.631438536,ROBBERY,2,6
41.777577536,-87.615558035,ROBBERY,1,6
41.771046165,-87.621298271,ROBBERY,5,6
41.844208248,-87.727946361,THEFT,5,6
41.831505684,-87.646126637,ROBBERY,2,6
41.769070498,-87.626668445,ROBBERY,23,6
41.887216076,-87.755620452,ROBBERY,22,6
41.903906751,-87.631079429,THEFT,22,6
41.674919821,-87.623771672,ROBBERY,21,6
41.943108594,-87.649366085,THEFT,1,6
41.804133114,-87.703859846,ROBBERY,23,6
41.916723548,-87.687385494,THEFT,10,6
41.895761674,-87.75562425,ROBBERY,17,6
41.777100774,-87.671439999,ROBBERY,21,6
41.895396943,-87.722787491,ROBBERY,13,6
41.769334084,-87.667582812,ROBBERY,21,6
41.858213965,-87.704772409,THEFT,23,6
41.756072741,-87.632817995,ROBBERY,16,6
41.887822393,-87.754498538,ROBBERY,17,6
41.821092112,-87.626382913,ROBBERY,14,6
41.895748419,-87.623536353,THEFT,19,6
41.890400039,-87.626673271,ROBBERY,14,6
41.657249378,-87.60021984,THEFT,18,6
41.809934604,-87.665009423,ROBBERY,18,6
41.764848113,-87.623283866,ROBBERY,17,6
41.880171733,-87.624362397,ROBBERY,16,6
41.931291695,-87.726965591,ROBBERY,17,6
41.873275511,-87.749155293,ROBBERY,0,6
41.764875615,-87.666811496,ROBBERY,18,5
41.962401434,-87.655557438,ROBBERY,10,5
41.758539527,-87.585734355,ROBBERY,15,5
41.874974798,-87.725475051,ROBBERY,10,5
41.748458232,-87.605159961,ROBBERY,1,6
41.783432002,-87.615701737,ROBBERY,15,6
41.758481187,-87.610932883,ROBBERY,14,6
41.92105776,-87.66362328,ROBBERY,2,6
41.849064835,-87.685552443,ROBBERY,6,6
41.723769185,-87.611050768,ROBBERY,2,6
41.780110888,-87.615617777,ROBBERY,3,6
41.880108035,-87.647309981,ROBBERY,2,6
41.918817288,-87.648534275,ROBBERY,1,6
41.866836644,-87.715433949,ROBBERY,1,6
41.770362296,-87.623428344,ROBBERY,21,2
41.885752618,-87.627334108,THEFT,15,6
41.88919993,-87.631901602,ROBBERY,3,4
41.845095181,-87.63654544,ROBBERY,15,6
41.688213381,-87.611869654,ROBBERY,7,6
41.897596067,-87.623218373,THEFT,15,6
41.891412551,-87.647934597,THEFT,13,6
41.785235306,-87.604417627,ROBBERY,10,6
42.019811963,-87.666209262,ROBBERY,0,6
41.890032024,-87.630203077,THEFT,3,6
41.858032614,-87.737154593,ROBBERY,3,6
41.939957234,-87.651042721,THEFT,14,6
41.777309867,-87.640802922,ROBBERY,2,6
41.751933979,-87.55110567,ROBBERY,22,6
41.932004034,-87.66354921,ROBBERY,13,6
41.69890949,-87.62090085,ROBBERY,23,6
41.857871142,-87.661661988,ROBBERY,20,6
41.978108446,-87.904122758,THEFT,18,6
41.881883933,-87.640060441,THEFT,16,6
41.866993033,-87.656984681,THEFT,22,6
41.749475965,-87.555276538,ROBBERY,22,6
41.93859561,-87.649576033,THEFT,21,6
41.948663963,-87.646788627,ROBBERY,22,6
41.701397628,-87.612385102,ROBBERY,21,6
41.876166158,-87.726580011,ROBBERY,18,6
41.893549919,-87.772249219,ROBBERY,20,6
41.872875065,-87.725403155,ROBBERY,19,6
41.736934408,-87.584167675,ROBBERY,16,6
41.85199252,-87.688888738,THEFT,17,6
41.85199252,-87.688888738,ROBBERY,15,6
41.906276004,-87.670011875,THEFT,14,6
41.88122808,-87.682260587,ROBBERY,11,6
41.939209605,-87.717837866,ROBBERY,12,6
41.776670632,-87.68601384,ROBBERY,9,6
41.794344947,-87.615968735,ROBBERY,8,6
41.909444583,-87.760030663,ROBBERY,10,6
41.935108645,-87.672227057,ROBBERY,2,6
41.718608535,-87.538909671,ROBBERY,5,6
41.761069266,-87.662097,ROBBERY,1,6
41.735752519,-87.625429032,ROBBERY,23,6
41.765332603,-87.627981404,ROBBERY,0,6
41.89495505,-87.754026441,ROBBERY,1,6
41.797218365,-87.664668469,ROBBERY,1,6
41.77960451,-87.631825011,ROBBERY,0,6
41.866810739,-87.625817031,ROBBERY,1,6
41.908570145,-87.652192619,ROBBERY,2,4
41.849418392,-87.702729725,ROBBERY,7,5
41.793874307,-87.618390641,ROBBERY,16,5
41.756871582,-87.644203961,ROBBERY,20,5
41.794533814,-87.631438536,ROBBERY,19,4
41.678889083,-87.627491193,ROBBERY,5,4
41.860825746,-87.713215807,ROBBERY,15,6
41.872823407,-87.726013143,ROBBERY,12,5
41.778767526,-87.683627986,ROBBERY,1,5
41.89395782,-87.685029225,ROBBERY,21,5
41.890793685,-87.750556605,ROBBERY,23,5
41.682593729,-87.615494424,ROBBERY,21,5
41.97008868,-87.762690091,THEFT,18,5
41.878861855,-87.726220357,ROBBERY,16,5
41.871682392,-87.720957118,ROBBERY,22,5
41.722479637,-87.574474559,ROBBERY,20,5
41.750832464,-87.605224746,THEFT,3,6
41.751466598,-87.62456743,ROBBERY,0,6
41.830840524,-87.639107097,ROBBERY,1,6
41.746505465,-87.646348607,ROBBERY,15,5
41.704332622,-87.63121196,ROBBERY,12,5
41.88171846,-87.627760426,ROBBERY,14,5
41.86829169,-87.699926554,ROBBERY,11,5
41.766494399,-87.620135291,ROBBERY,15,5
41.887640628,-87.619340283,ROBBERY,0,5
41.781646505,-87.613235784,ROBBERY,14,5
41.880653484,-87.73188785,ROBBERY,22,5
41.883500187,-87.627876698,THEFT,19,5
41.885888079,-87.627942238,THEFT,16,5
41.899945921,-87.627798561,ROBBERY,18,5
41.882212181,-87.650878895,ROBBERY,14,5
41.908235625,-87.751007829,ROBBERY,18,5
41.76376382,-87.567687395,ROBBERY,17,5
41.886439939,-87.632467972,THEFT,17,5
41.95347181,-87.743552438,ROBBERY,14,5
41.87942917,-87.62990071,ROBBERY,17,5
41.751210592,-87.609475223,THEFT,17,5
41.885741029,-87.631711749,THEFT,17,5
41.871379501,-87.682837848,ROBBERY,17,5
41.691622594,-87.642359866,ROBBERY,16,5
41.882185193,-87.72571151,ROBBERY,7,5
41.885728393,-87.63413935,ROBBERY,3,5
41.870952935,-87.706806504,ROBBERY,1,5
41.757586899,-87.616686113,ROBBERY,1,5
41.758421765,-87.576133063,ROBBERY,15,5
41.906503211,-87.639272492,ROBBERY,17,5
41.728586054,-87.623921444,ROBBERY,23,5
41.895003278,-87.62152816,THEFT,13,5
41.881127314,-87.756310584,ROBBERY,14,5
41.924951223,-87.684065129,ROBBERY,2,5
41.993228887,-87.689735615,ROBBERY,12,5
41.86393215,-87.717789436,ROBBERY,0,5
41.732798534,-87.590476967,ROBBERY,22,5
41.772701185,-87.585060362,ROBBERY,21,5
41.902839972,-87.706105486,ROBBERY,2,5
41.884930978,-87.716221792,ROBBERY,3,5
41.899584459,-87.746972436,ROBBERY,11,5
41.750832464,-87.605224746,ROBBERY,12,5
41.758655274,-87.595573943,ROBBERY,0,5
41.758081,-87.586120849,ROBBERY,20,5
41.938520233,-87.770679038,ROBBERY,12,5
41.7691889,-87.585966298,ROBBERY,20,5
41.810696214,-87.619630513,ROBBERY,5,5
41.884433056,-87.652397642,ROBBERY,13,5
41.920770513,-87.635660271,THEFT,12,5
41.750834856,-87.631181851,ROBBERY,12,5
41.722578383,-87.662706548,ROBBERY,12,5
41.816339694,-87.606698968,THEFT,10,5
41.713410148,-87.634248349,ROBBERY,9,5
41.910676312,-87.649187069,THEFT,8,5
41.822712154,-87.698424168,ROBBERY,20,5
41.964917443,-87.71325535,ROBBERY,11,5
41.896585984,-87.634817978,THEFT,14,5
41.721835975,-87.617435154,ROBBERY,22,5
41.653652278,-87.613799645,ROBBERY,18,5
41.947225886,-87.655545441,ROBBERY,19,5
41.881919409,-87.736253241,ROBBERY,21,5
41.848291109,-87.678803278,ROBBERY,22,5
41.844252757,-87.724943845,ROBBERY,23,5
41.88033698,-87.629365643,THEFT,17,5
41.852868298,-87.63091491,ROBBERY,19,5
41.938902278,-87.741327058,ROBBERY,3,5
41.880830829,-87.623995243,ROBBERY,19,5
41.961309655,-87.688990671,ROBBERY,6,5
41.836600771,-87.61677038,ROBBERY,17,5
41.752415036,-87.583328026,ROBBERY,17,5
41.798047304,-87.605115959,ROBBERY,16,5
41.769185486,-87.625732415,ROBBERY,17,5
41.792266385,-87.627748533,ROBBERY,9,5
41.831075254,-87.620086664,ROBBERY,14,5
41.785800664,-87.694799103,ROBBERY,11,5
41.834821751,-87.704751817,ROBBERY,9,5
41.653425905,-87.604873764,ROBBERY,20,5
41.891619401,-87.631746585,ROBBERY,22,5
41.904370109,-87.631460067,THEFT,7,5
41.909153806,-87.684746909,ROBBERY,18,5
41.885741029,-87.631711749,THEFT,16,5
41.834724384,-87.718194144,ROBBERY,14,5
41.845392983,-87.712377599,ROBBERY,22,5
41.910780084,-87.73247215,ROBBERY,22,5
41.999930827,-87.671030402,ROBBERY,21,5
41.771463837,-87.683430418,ROBBERY,21,5
41.921404901,-87.719342836,ROBBERY,18,5
41.994567578,-87.65905678,THEFT,17,5
41.717748564,-87.526946504,ROBBERY,20,5
41.659168548,-87.549210231,ROBBERY,19,5
41.887973057,-87.773260229,ROBBERY,17,5
41.960732973,-87.746761443,ROBBERY,15,5
41.88529876,-87.624489335,THEFT,15,5
41.925727543,-87.691333179,ROBBERY,18,5
41.722330572,-87.625063541,ROBBERY,3,5
41.884013483,-87.627896757,ROBBERY,2,5
41.749397976,-87.571072,ROBBERY,2,5
41.775380018,-87.647103726,ROBBERY,0,5
41.75702248,-87.558073456,ROBBERY,1,5
41.697453918,-87.611056021,ROBBERY,17,5
41.866338047,-87.711525137,ROBBERY,20,5
41.765102317,-87.624897558,ROBBERY,23,4
41.876648468,-87.755719308,ROBBERY,16,4
42.016092804,-87.66560047,THEFT,9,5
41.905907072,-87.696953986,ROBBERY,6,5
41.938937902,-87.738662012,THEFT,0,5
41.902584874,-87.672367983,ROBBERY,6,5
41.896973373,-87.691804905,ROBBERY,6,5
41.892968869,-87.691687047,ROBBERY,5,5
41.750119753,-87.614944168,ROBBERY,1,5
41.953587933,-87.733129024,ROBBERY,1,5
41.858102436,-87.661325522,ROBBERY,0,5
41.903996883,-87.643230238,ROBBERY,14,5
41.754635641,-87.55088962,ROBBERY,1,3
41.958839129,-87.687394175,ROBBERY,0,5
41.799494656,-87.731917521,ROBBERY,16,5
41.94670237,-87.656117076,THEFT,23,5
41.885741029,-87.631711749,THEFT,16,5
41.721683907,-87.627008397,ROBBERY,15,5
41.910111112,-87.707415663,ROBBERY,14,5
41.889906681,-87.624100509,THEFT,14,5
41.845254663,-87.702605459,ROBBERY,14,5
41.845577671,-87.627475027,ROBBERY,23,5
41.896343018,-87.624279065,THEFT,20,5
41.688949435,-87.658494077,ROBBERY,22,5
41.779804902,-87.64133703,ROBBERY,10,5
41.895420644,-87.720539406,ROBBERY,20,5
41.87900312,-87.629339891,THEFT,20,5
41.873907046,-87.725430093,ROBBERY,18,5
41.864855065,-87.666335779,ROBBERY,2,5
41.878302758,-87.6337356,ROBBERY,14,5
41.997870519,-87.681679978,ROBBERY,20,5
41.86390849,-87.706816544,THEFT,16,5
41.913912522,-87.677538048,ROBBERY,18,4
41.890096569,-87.646766068,ROBBERY,3,3
41.911901058,-87.68092027,ROBBERY,11,1
41.911443414,-87.67382698,ROBBERY,12,1
41.912123415,-87.682383902,ROBBERY,12,1
41.870826375,-87.718424566,ROBBERY,11,5
41.891990384,-87.611461502,THEFT,12,5
41.824675709,-87.617013434,ROBBERY,21,5
41.78161502,-87.615659667,ROBBERY,2,5
41.762640174,-87.585837037,ROBBERY,22,5
41.839916841,-87.724430778,ROBBERY,22,5
41.885740288,-87.631590568,THEFT,16,5
41.881735913,-87.624356122,THEFT,20,5
41.808682769,-87.630898966,THEFT,3,5
41.847564552,-87.716100237,ROBBERY,12,5
41.874917475,-87.643902993,ROBBERY,5,5
41.744087327,-87.551406122,ROBBERY,6,5
41.878931004,-87.639585621,THEFT,8,5
41.900258118,-87.690313748,ROBBERY,6,5
41.859894302,-87.723767741,ROBBERY,9,5
41.811944588,-87.692177195,ROBBERY,3,5
41.914330967,-87.711820041,ROBBERY,2,5
41.731581122,-87.66294264,ROBBERY,2,5
41.93874308,-87.640757049,ROBBERY,1,5
41.749869687,-87.665852691,ROBBERY,1,5
41.862871696,-87.713489726,ROBBERY,4,5
41.794029987,-87.664279885,ROBBERY,3,5
41.882934596,-87.76821448,ROBBERY,23,5
41.822954703,-87.684858125,ROBBERY,20,5
41.946724511,-87.691501175,ROBBERY,22,5
41.883330195,-87.764964695,ROBBERY,23,5
41.981748588,-87.663127426,ROBBERY,22,5
41.758066253,-87.563928742,ROBBERY,23,5
41.751189275,-87.681553399,ROBBERY,20,5
41.814345775,-87.621347126,ROBBERY,22,5
41.68621891,-87.633726377,ROBBERY,13,5
41.781305082,-87.663400241,ROBBERY,15,5
41.675906426,-87.620448124,ROBBERY,0,5
41.891023035,-87.619141016,THEFT,14,5
41.973284467,-87.656872589,THEFT,13,5
41.883191631,-87.706183852,ROBBERY,7,5
41.892509386,-87.626069718,THEFT,14,5
41.909492928,-87.75653279,ROBBERY,16,5
41.932845574,-87.720883252,ROBBERY,15,5
41.873922576,-87.739411939,ROBBERY,5,5
41.92030656,-87.713602931,ROBBERY,16,5
41.723340547,-87.625074428,ROBBERY,14,5
41.958122395,-87.691710352,ROBBERY,11,5
41.894173733,-87.621401474,THEFT,14,5
41.888181895,-87.623429148,ROBBERY,13,5
41.90990286,-87.634672812,ROBBERY,1,5
41.908391629,-87.746076281,THEFT,13,5
41.880912591,-87.75508602,ROBBERY,11,5
41.800832358,-87.702971593,ROBBERY,11,5
41.679257066,-87.634716947,ROBBERY,6,5
41.888886341,-87.762006746,ROBBERY,1,5
41.677320173,-87.633464029,ROBBERY,3,5
41.890051565,-87.62891376,THEFT,2,5
41.795830016,-87.645195004,ROBBERY,0,5
41.758638324,-87.600214218,ROBBERY,0,5
41.899210655,-87.637272446,ROBBERY,1,5
41.874791986,-87.737722209,THEFT,22,5
41.93991842,-87.653288878,THEFT,13,5
41.773017577,-87.61265777,ROBBERY,16,5
41.797218365,-87.664668469,ROBBERY,18,5
41.761581847,-87.579266411,ROBBERY,21,5
41.764748911,-87.644401916,ROBBERY,23,5
41.841282709,-87.734198045,ROBBERY,15,5
41.882641472,-87.669338326,ROBBERY,21,5
42.001663548,-87.818425746,ROBBERY,17,5
41.831881927,-87.616977126,THEFT,20,5
41.887371306,-87.720965226,THEFT,19,5
41.855955286,-87.633112921,ROBBERY,18,5
41.774170126,-87.718402822,ROBBERY,15,2
41.878608839,-87.72559851,ROBBERY,17,5
41.833679765,-87.612645497,ROBBERY,12,5
41.772849172,-87.58629407,ROBBERY,14,5
41.933512654,-87.773615403,ROBBERY,16,5
41.880579428,-87.627732563,THEFT,17,5
41.744341277,-87.575378779,ROBBERY,13,5
41.770097854,-87.641712636,ROBBERY,13,5
41.68287925,-87.628816745,ROBBERY,5,5
41.885573406,-87.633924369,THEFT,14,5
41.876921401,-87.677751134,ROBBERY,0,5
41.780110888,-87.615617777,THEFT,5,5
41.889393149,-87.632534851,ROBBERY,2,5
41.749165169,-87.622071491,ROBBERY,21,5
41.870067151,-87.738929944,ROBBERY,12,4
41.917329552,-87.648473022,ROBBERY,15,3
41.730026341,-87.651957227,ROBBERY,23,5
41.810899634,-87.69672877,ROBBERY,23,5
41.76573639,-87.66381882,ROBBERY,21,5
41.786846316,-87.629073,ROBBERY,22,5
41.892094321,-87.688412335,ROBBERY,23,5
41.882002895,-87.695138475,ROBBERY,22,5
41.74719631,-87.602638387,ROBBERY,21,5
41.923976215,-87.766294416,ROBBERY,21,5
41.817359509,-87.599196367,ROBBERY,17,5
41.967206926,-87.738829397,ROBBERY,21,5
41.851378633,-87.68562086,ROBBERY,20,5
41.776315158,-87.689661583,ROBBERY,9,5
41.964234945,-87.652375857,ROBBERY,9,5
41.784679868,-87.649772879,THEFT,8,5
41.782728365,-87.649720276,ROBBERY,21,5
41.968305411,-87.722257268,ROBBERY,16,5
41.908243631,-87.67813978,ROBBERY,2,5
41.935898143,-87.712382494,ROBBERY,1,5
41.809382395,-87.616655641,ROBBERY,1,5
41.90064349,-87.738918279,ROBBERY,15,5
41.895389602,-87.723988622,ROBBERY,11,4
41.750940757,-87.625185222,ROBBERY,17,5
41.8984526,-87.768628657,ROBBERY,16,5
41.769065813,-87.610040671,ROBBERY,2,5
41.780990665,-87.6533245,ROBBERY,1,5
41.692196959,-87.618265505,ROBBERY,23,5
41.935736087,-87.699300056,ROBBERY,22,5
41.797129949,-87.706414847,ROBBERY,0,5
41.81089989,-87.606595385,ROBBERY,18,5
41.764363976,-87.67230402,ROBBERY,18,5
41.87732814,-87.705356247,ROBBERY,15,5
41.757230688,-87.624738576,ROBBERY,14,5
41.87766908,-87.629284766,THEFT,11,5
41.844378765,-87.715136274,ROBBERY,14,5
41.760065748,-87.663661519,ROBBERY,13,5
41.80236512,-87.667240998,ROBBERY,10,5
41.88366381,-87.728209353,ROBBERY,2,5
41.779869327,-87.610791873,ROBBERY,1,5
41.903906751,-87.631079429,THEFT,17,5
41.891404732,-87.628061509,THEFT,18,5
41.893089951,-87.682481708,ROBBERY,13,5
41.88320802,-87.633498478,THEFT,17,5
41.891679873,-87.627731607,ROBBERY,16,5
41.855737296,-87.632017762,THEFT,12,5
41.735858253,-87.658508857,ROBBERY,12,5
41.953609285,-87.652823519,ROBBERY,10,5
41.904370109,-87.631460067,THEFT,18,5
41.871376862,-87.744928215,ROBBERY,22,5
41.882014826,-87.628205173,THEFT,20,5
41.769916749,-87.663954978,ROBBERY,22,5
41.87435219,-87.726057418,THEFT,21,5
41.879202837,-87.626113652,ROBBERY,11,5
41.888930998,-87.756666383,ROBBERY,4,5
41.983649153,-87.658712242,ROBBERY,1,5
41.736855332,-87.556960404,ROBBERY,0,5
41.874218938,-87.736233123,ROBBERY,3,5
41.844248026,-87.725087021,ROBBERY,3,5
41.875275922,-87.676497503,ROBBERY,1,5
41.852419423,-87.627080475,ROBBERY,0,5
41.766909392,-87.62333445,ROBBERY,5,5
41.942351064,-87.649344776,THEFT,2,5
41.8945688,-87.722387684,ROBBERY,0,5
41.881175147,-87.725680685,THEFT,18,5
41.744270923,-87.631704085,ROBBERY,16,5
41.882381731,-87.629412971,THEFT,16,5
41.745340136,-87.605070606,ROBBERY,18,5
41.896422181,-87.720004589,ROBBERY,21,5
41.73239422,-87.595020897,ROBBERY,12,5
41.885879253,-87.630979425,THEFT,14,5
41.856120221,-87.723631056,ROBBERY,14,5
41.763806696,-87.565476623,ROBBERY,22,5
41.752476147,-87.599162914,ROBBERY,16,5
41.783432002,-87.615701737,THEFT,11,5
41.794497073,-87.699711189,ROBBERY,14,1
41.738865218,-87.660712436,ROBBERY,15,5
41.744946864,-87.629149986,ROBBERY,14,5
41.96888569,-87.715823994,ROBBERY,23,5
41.951505803,-87.668980675,ROBBERY,7,5
41.937200399,-87.749274248,ROBBERY,21,5
41.878531984,-87.725595566,ROBBERY,23,5
41.785421199,-87.606036193,ROBBERY,19,5
41.84585638,-87.72460935,ROBBERY,18,5
41.762764408,-87.642967986,ROBBERY,19,5
41.902825075,-87.707398667,THEFT,18,5
41.890080973,-87.626999981,ROBBERY,5,5
41.954614809,-87.708035521,THEFT,16,5
41.756443249,-87.624322095,THEFT,14,5
41.998375714,-87.670700712,THEFT,2,5
41.917291808,-87.715855006,ROBBERY,14,5
41.880157152,-87.733008823,ROBBERY,10,5
41.954535555,-87.651221802,ROBBERY,21,5
41.874436645,-87.636983213,ROBBERY,12,5
41.724577532,-87.642083814,ROBBERY,16,5
41.903478069,-87.631433102,THEFT,18,5
41.764010988,-87.663008363,ROBBERY,1,5
41.769934371,-87.662741415,ROBBERY,7,5
41.84014542,-87.721999197,ROBBERY,13,5
41.904370109,-87.631460067,ROBBERY,15,4
41.885829292,-87.706264556,THEFT,12,4
41.80120956,-87.676256881,ROBBERY,6,4
41.84746783,-87.728352388,ROBBERY,4,5
41.725875352,-87.593139342,ROBBERY,4,5
41.755612548,-87.646596004,ROBBERY,1,5
41.861588883,-87.736042275,ROBBERY,17,5
41.873470535,-87.70100264,ROBBERY,4,5
41.92363745,-87.685162452,ROBBERY,5,5
41.750782715,-87.625813624,ROBBERY,6,5
41.827316776,-87.695898378,ROBBERY,13,5
41.780415657,-87.605608794,ROBBERY,15,5
41.898955271,-87.770402046,ROBBERY,23,5
41.678080299,-87.619179537,ROBBERY,10,5
41.949092979,-87.643736581,ROBBERY,22,5
41.819719964,-87.621493041,ROBBERY,22,5
41.866252377,-87.71906315,THEFT,21,5
41.768789616,-87.647797143,ROBBERY,20,5
41.883375237,-87.629427772,THEFT,17,5
41.92448075,-87.72700804,ROBBERY,19,5
41.880362084,-87.755847438,THEFT,9,5
41.9104806,-87.739789568,ROBBERY,6,5
41.913622046,-87.791259188,ROBBERY,6,5
41.906262169,-87.727599247,ROBBERY,6,5
41.94681133,-87.682549442,ROBBERY,4,5
41.796712541,-87.686564,ROBBERY,4,5
41.799092094,-87.697920213,ROBBERY,4,5
41.761001674,-87.559696929,ROBBERY,2,5
41.939957234,-87.651042721,ROBBERY,1,5
41.932577703,-87.65748297,ROBBERY,0,5
42.002552175,-87.666875239,ROBBERY,22,5
41.983649153,-87.658712242,ROBBERY,2,5
41.895243202,-87.660411078,ROBBERY,3,5
41.878661449,-87.764807779,ROBBERY,1,5
41.821334971,-87.704491183,ROBBERY,1,5
41.736519321,-87.555564845,ROBBERY,0,5
41.778767609,-87.686073411,ROBBERY,1,5
41.880486258,-87.725665179,ROBBERY,15,5
41.882470918,-87.627847625,THEFT,18,5
41.870862149,-87.714356129,ROBBERY,16,5
41.772572774,-87.582624003,ROBBERY,21,5
41.779813712,-87.741113385,ROBBERY,23,5
41.785519673,-87.738567526,THEFT,22,5
41.866417513,-87.70494905,THEFT,23,5
41.940630367,-87.655346978,ROBBERY,21,5
41.907338322,-87.7102384,ROBBERY,22,5
41.96724379,-87.718218931,THEFT,15,5
41.897500961,-87.692912571,ROBBERY,5,5
41.801023877,-87.691959659,ROBBERY,12,5
41.829389915,-87.606892634,THEFT,9,5
41.8641555,-87.706821475,ROBBERY,16,5
41.892569818,-87.62208039,ROBBERY,3,5
41.792022673,-87.68463827,ROBBERY,14,5
41.808923611,-87.684442113,ROBBERY,10,5
41.739307243,-87.585700982,ROBBERY,11,5
41.890079065,-87.627135891,THEFT,12,5
41.852851728,-87.675860734,ROBBERY,8,5
41.787888623,-87.587677888,ROBBERY,4,5
41.97017647,-87.717543518,ROBBERY,4,5
41.998375714,-87.670700712,THEFT,3,5
41.778883826,-87.664206366,ROBBERY,16,5
41.885741029,-87.631711749,THEFT,16,5
41.780605207,-87.58682001,ROBBERY,14,5
41.784136609,-87.670395989,ROBBERY,22,5
41.876607964,-87.627644063,ROBBERY,23,5
41.818761509,-87.723963543,ROBBERY,21,5
41.954387276,-87.7141552,ROBBERY,22,5
41.86334457,-87.621347101,ROBBERY,19,5
41.870926413,-87.708991346,ROBBERY,21,5
41.868654042,-87.632394269,THEFT,15,5
41.782341144,-87.691045924,ROBBERY,2,5
41.876868173,-87.743335643,ROBBERY,1,5
41.748272846,-87.650038305,ROBBERY,21,5
41.757622369,-87.634472427,ROBBERY,7,5
41.698030957,-87.62483956,ROBBERY,16,4
41.896888586,-87.628203192,ROBBERY,0,4
41.885740288,-87.631590568,ROBBERY,10,3
41.89400333,-87.751959856,ROBBERY,15,5
41.953917073,-87.708409974,ROBBERY,17,5
41.953443342,-87.744957048,THEFT,13,5
41.902267229,-87.668209341,ROBBERY,9,5
41.908751143,-87.672840742,ROBBERY,11,5
41.911669895,-87.631931184,THEFT,3,5
41.79238986,-87.62240425,ROBBERY,3,5
41.780351628,-87.701954973,ROBBERY,5,5
41.740783584,-87.569415105,ROBBERY,2,5
41.880279732,-87.735464314,ROBBERY,0,5
41.90351448,-87.667498444,ROBBERY,23,5
41.802144972,-87.673316883,ROBBERY,14,5
41.969571632,-87.659684501,ROBBERY,9,5
41.97008868,-87.762690091,THEFT,20,5
41.776279417,-87.692103605,ROBBERY,10,5
41.917971179,-87.732702313,ROBBERY,16,5
41.80462016,-87.684368169,ROBBERY,14,5
41.739135,-87.735840974,ROBBERY,14,5
41.918817288,-87.648534275,ROBBERY,3,5
41.946652708,-87.701312899,ROBBERY,9,5
41.922786529,-87.645045119,THEFT,1,5
41.778848012,-87.61729636,ROBBERY,19,5
41.902437713,-87.687011559,ROBBERY,17,5
41.884271452,-87.762194756,ROBBERY,20,5
41.753792896,-87.642902878,ROBBERY,19,5
41.898161302,-87.718841931,ROBBERY,16,5
41.766290517,-87.661430424,ROBBERY,18,5
41.88545291,-87.712246904,ROBBERY,17,5
41.760103138,-87.662074081,ROBBERY,16,5
41.87979721,-87.696251029,ROBBERY,3,5
41.923976215,-87.766294416,ROBBERY,21,5
41.761167835,-87.629947633,ROBBERY,22,5
41.913070294,-87.634770532,ROBBERY,14,5
41.938826689,-87.712468023,ROBBERY,14,5
42.006512333,-87.676448055,ROBBERY,17,5
41.885741029,-87.631711749,THEFT,13,5
41.96669059,-87.687932613,ROBBERY,11,5
41.843823254,-87.722096308,ROBBERY,9,5
41.707062403,-87.631526508,ROBBERY,9,5
41.893676531,-87.635628328,ROBBERY,4,5
41.807913102,-87.720303026,ROBBERY,6,5
41.867789309,-87.659861997,ROBBERY,22,5
41.880717301,-87.72628358,ROBBERY,12,5
41.758996747,-87.565596274,THEFT,23,5
41.894925242,-87.756281899,ROBBERY,4,5
41.928873914,-87.661847409,ROBBERY,0,5
41.945910991,-87.655474824,ROBBERY,21,4
41.885481891,-87.627935689,THEFT,17,5
41.878117517,-87.696212633,THEFT,11,5
41.79864951,-87.663491015,ROBBERY,21,5
41.751767411,-87.563417608,ROBBERY,22,5
41.882381731,-87.629412971,THEFT,14,5
41.707321141,-87.613461543,ROBBERY,13,5
41.838967983,-87.665778978,ROBBERY,22,5
42.004678619,-87.708285058,ROBBERY,14,5
41.790736887,-87.641127791,ROBBERY,22,5
41.7729141,-87.575258771,THEFT,15,5
41.745415648,-87.702271724,ROBBERY,20,5
41.889617465,-87.631070692,ROBBERY,2,5
41.880775207,-87.626992312,ROBBERY,1,5
41.757311614,-87.642989778,ROBBERY,18,5
41.945432885,-87.68336847,ROBBERY,1,5
41.779325877,-87.673257619,ROBBERY,20,5
41.891722373,-87.681830823,ROBBERY,13,5
41.902496367,-87.665136023,ROBBERY,17,4
41.795181344,-87.66218492,ROBBERY,21,4
41.954483896,-87.717834303,THEFT,9,5
41.885741529,-87.631344503,THEFT,14,5
41.891404732,-87.628061509,THEFT,17,5
41.857616039,-87.642253454,ROBBERY,19,5
41.952296178,-87.681434896,ROBBERY,17,5
41.768310643,-87.684888206,ROBBERY,16,5
41.785945629,-87.672870717,ROBBERY,16,5
41.953270166,-87.675145869,ROBBERY,14,5
41.838616608,-87.733400897,ROBBERY,16,5
41.943266352,-87.674465841,ROBBERY,1,5
41.885741029,-87.631711749,THEFT,13,5
41.865571921,-87.766032483,ROBBERY,11,5
41.77142266,-87.659140679,ROBBERY,14,5
41.774069965,-87.644639452,ROBBERY,12,5
41.878284697,-87.749337338,THEFT,6,5
41.721398883,-87.648378015,ROBBERY,10,5
41.878260411,-87.625481446,THEFT,7,5
41.771044503,-87.591117282,ROBBERY,23,5
41.923637978,-87.789987521,THEFT,12,5
41.880178769,-87.63672258,THEFT,13,5
41.886817789,-87.634579186,THEFT,13,5
41.975594936,-87.654987288,THEFT,12,5
41.902235745,-87.723850067,ROBBERY,14,5
41.887454953,-87.662270314,THEFT,12,5
41.885741029,-87.631711749,THEFT,11,5
41.731070963,-87.611353652,THEFT,9,5
41.807908182,-87.668595747,ROBBERY,5,5
41.824815311,-87.607340593,ROBBERY,9,5
41.985404907,-87.71260785,ROBBERY,5,5
41.752166592,-87.603989296,ROBBERY,3,5
41.894032581,-87.680786282,ROBBERY,3,5
41.883171809,-87.741753661,ROBBERY,2,5
41.797194345,-87.66102337,ROBBERY,1,5
41.876889688,-87.741650037,ROBBERY,0,5
41.737639143,-87.66128948,ROBBERY,8,5
41.992175988,-87.710287127,ROBBERY,19,5
41.857775717,-87.705426435,THEFT,15,5
41.749100888,-87.737144791,ROBBERY,13,5
41.824235646,-87.633774172,ROBBERY,2,5
41.810647712,-87.622873667,ROBBERY,15,5
41.799462885,-87.596008257,ROBBERY,2,5
41.721334681,-87.567356116,ROBBERY,18,5
41.8926701,-87.628106353,THEFT,19,5
41.718847191,-87.648005856,ROBBERY,12,5
41.884512384,-87.619812122,ROBBERY,23,5
41.799383336,-87.603318441,ROBBERY,22,5
41.939368182,-87.702061127,ROBBERY,2,5
41.947252263,-87.65350869,THEFT,16,5
41.681016413,-87.642015749,ROBBERY,22,5
41.914214962,-87.720359657,ROBBERY,20,5
41.80966915,-87.594346975,ROBBERY,20,5
41.811289155,-87.610879055,ROBBERY,15,5
41.885481891,-87.627935689,THEFT,16,5
41.685773575,-87.600577061,ROBBERY,20,5
41.792387084,-87.613584965,ROBBERY,17,5
41.894848129,-87.630198001,ROBBERY,14,5
41.880553047,-87.740543983,THEFT,16,5
41.804206983,-87.594182345,ROBBERY,22,3
41.877825357,-87.738439452,ROBBERY,7,3
41.733542368,-87.670348627,ROBBERY,16,5
42.018482287,-87.675938472,ROBBERY,17,5
41.876463028,-87.631758163,THEFT,8,5
41.77268594,-87.605758495,ROBBERY,16,5
41.782192146,-87.700792969,ROBBERY,13,5
41.778923227,-87.706214577,ROBBERY,13,5
41.747209085,-87.6301953,ROBBERY,14,5
41.903440433,-87.734800133,ROBBERY,13,5
41.87766908,-87.629284766,THEFT,13,5
41.864033702,-87.717792133,ROBBERY,13,5
41.828295878,-87.61709049,ROBBERY,8,5
41.809125265,-87.631906508,ROBBERY,9,5
41.826839247,-87.631408649,ROBBERY,1,5
41.77268594,-87.605758495,THEFT,10,5
41.92399052,-87.765302143,ROBBERY,9,5
41.883582151,-87.709360238,ROBBERY,8,5
41.886407117,-87.707048483,ROBBERY,6,5
41.817822779,-87.72392842,THEFT,18,5
41.897297451,-87.639915797,ROBBERY,17,4
41.745285231,-87.605067562,ROBBERY,11,4
41.961232178,-87.701216639,ROBBERY,4,5
41.855674083,-87.666086138,ROBBERY,3,5
41.762032927,-87.695404999,ROBBERY,0,5
41.721623049,-87.624701342,THEFT,11,5
41.759089096,-87.636941506,ROBBERY,13,5
41.885879253,-87.630979425,THEFT,15,5
41.876527017,-87.656597758,ROBBERY,20,5
41.948896204,-87.709105998,ROBBERY,8,5
41.808645557,-87.661846328,ROBBERY,11,5
41.772897936,-87.692012643,ROBBERY,19,5
41.783240714,-87.623784954,ROBBERY,17,5
41.800464977,-87.723370404,ROBBERY,15,5
41.888165132,-87.622937212,THEFT,13,5
41.844751354,-87.646436329,ROBBERY,13,5
41.649713173,-87.538659027,ROBBERY,14,5
41.878176784,-87.627946266,THEFT,11,5
41.969815916,-87.659692959,THEFT,12,5
41.871530533,-87.744926805,ROBBERY,21,5
41.704103992,-87.68282748,THEFT,10,5
41.816180724,-87.616777947,ROBBERY,4,5
41.74951725,-87.599508123,ROBBERY,2,5
41.940413088,-87.684228072,ROBBERY,1,5
41.807149042,-87.743139483,ROBBERY,2,5
41.936149234,-87.661914432,ROBBERY,0,5
41.767722814,-87.693108905,THEFT,21,5
41.788987036,-87.74147999,THEFT,19,5
41.77488746,-87.625178489,ROBBERY,17,5
41.902155918,-87.720195834,ROBBERY,17,5
41.767861423,-87.684551821,ROBBERY,17,5
41.80807526,-87.666173157,ROBBERY,13,5
41.873699424,-87.704705156,THEFT,23,5
41.748666784,-87.624466303,ROBBERY,23,5
41.893471454,-87.628112229,ROBBERY,23,5
41.920502807,-87.680189634,ROBBERY,22,5
41.87510584,-87.738446313,THEFT,19,5
41.768179727,-87.640824146,ROBBERY,17,5
41.761769463,-87.631396199,ROBBERY,17,5
41.909407901,-87.763135333,ROBBERY,9,5
41.891616927,-87.631790685,ROBBERY,2,5
41.917013726,-87.739086048,THEFT,6,5
41.750602491,-87.646770341,ROBBERY,17,5
41.745102603,-87.601375929,ROBBERY,9,5
42.019388147,-87.673595962,THEFT,11,5
42.014955662,-87.668729189,ROBBERY,8,5
41.855210839,-87.622270562,ROBBERY,7,5
41.782323245,-87.692263383,ROBBERY,6,5
41.905778334,-87.726398891,ROBBERY,3,5
41.867129849,-87.720989552,THEFT,6,5
41.699927519,-87.535280094,ROBBERY,1,5
41.902986303,-87.768114839,ROBBERY,3,5
41.758612292,-87.602589531,ROBBERY,1,5
41.939595347,-87.64925661,ROBBERY,0,5
41.894277002,-87.66601505,ROBBERY,2,5
41.871177491,-87.625923084,ROBBERY,2,5
41.934188678,-87.752804191,ROBBERY,0,5
41.890703831,-87.70640419,ROBBERY,1,5
41.875910934,-87.702638262,ROBBERY,19,5
41.945825535,-87.655409564,THEFT,1,5
41.885426371,-87.630966024,THEFT,13,5
41.887384761,-87.624550742,THEFT,17,5
41.875187909,-87.629223875,ROBBERY,13,5
41.900557646,-87.686964399,ROBBERY,1,5
41.809125265,-87.631906508,THEFT,11,5
41.780033416,-87.627028388,ROBBERY,1,5
41.769434364,-87.589537569,ROBBERY,9,5
41.871530533,-87.744926805,ROBBERY,18,5
41.884484068,-87.623213022,THEFT,18,5
41.797251993,-87.661026435,ROBBERY,17,5
41.947225886,-87.655545441,THEFT,18,5
41.862218265,-87.639087164,THEFT,6,5
41.882381731,-87.629412971,THEFT,9,5
41.816065211,-87.627373649,ROBBERY,18,5
41.909828461,-87.730497223,ROBBERY,14,5
41.867081407,-87.619003708,THEFT,16,5
41.884276844,-87.622098929,THEFT,16,5
41.855194037,-87.646566863,THEFT,17,5
41.885901992,-87.632455489,THEFT,14,5
41.870543966,-87.62643307,ROBBERY,13,5
41.90316534,-87.629210442,THEFT,2,5
41.671772549,-87.64414609,ROBBERY,14,5
41.794537084,-87.631075448,ROBBERY,22,5
41.920426112,-87.774883547,ROBBERY,13,5
41.998375714,-87.670700712,THEFT,2,5
41.909918048,-87.723556565,ROBBERY,13,5
41.885879253,-87.630979425,THEFT,11,5
41.874916484,-87.735275635,ROBBERY,10,5
41.721212351,-87.66281599,ROBBERY,8,5
41.867914104,-87.7307333,ROBBERY,2,5
41.960474443,-87.652217355,ROBBERY,2,5
41.997973182,-87.676101777,ROBBERY,1,5
41.943889973,-87.656654093,ROBBERY,1,5
41.735478834,-87.643601006,ROBBERY,7,5
41.880742749,-87.724351798,ROBBERY,18,5
41.752793661,-87.565039851,ROBBERY,20,5
41.681357737,-87.620618587,ROBBERY,18,5
41.891791478,-87.620917415,THEFT,19,5
41.903931469,-87.629290187,THEFT,2,5
41.871058256,-87.627506845,THEFT,18,5
41.952897791,-87.787860507,THEFT,12,5
41.652770533,-87.603658995,ROBBERY,9,5
41.803249941,-87.601580078,ROBBERY,23,5
41.799520795,-87.723342683,THEFT,18,5
41.882470918,-87.627847625,ROBBERY,17,5
41.726728663,-87.659571527,ROBBERY,14,5
41.746013191,-87.58637073,ROBBERY,16,5
41.756714109,-87.586085395,ROBBERY,18,5
42.010259327,-87.670923267,ROBBERY,17,5
41.918986419,-87.74862834,THEFT,16,5
41.893804989,-87.766631148,ROBBERY,16,5
41.882014826,-87.628205173,THEFT,17,5
41.8744151,-87.627609439,THEFT,16,5
41.820454035,-87.606806539,ROBBERY,2,5
41.736031636,-87.630214643,ROBBERY,18,5
41.734824676,-87.554141757,ROBBERY,17,4
41.65842458,-87.617296205,ROBBERY,22,4
41.866289603,-87.774158085,THEFT,7,5
41.771633218,-87.650648259,ROBBERY,8,5
41.735512523,-87.649697275,ROBBERY,8,5
41.892567687,-87.635599995,ROBBERY,2,5
41.883144597,-87.647549246,ROBBERY,13,5
41.88360497,-87.707501835,ROBBERY,17,5
41.880660786,-87.731186405,ROBBERY,20,5
41.853203765,-87.724796627,ROBBERY,16,5
41.858568011,-87.710319284,ROBBERY,15,5
41.874288556,-87.725441164,THEFT,15,5
41.976490228,-87.728258146,ROBBERY,15,5
41.864125558,-87.711410742,THEFT,15,5
41.809347098,-87.618919216,ROBBERY,1,5
41.896544837,-87.637532796,ROBBERY,21,5
41.750702661,-87.612493314,ROBBERY,23,5
41.940186974,-87.712818706,ROBBERY,23,5
41.882835952,-87.702371862,ROBBERY,21,5
41.933656906,-87.723797246,ROBBERY,19,5
41.722187034,-87.661483484,ROBBERY,20,5
41.885591676,-87.627938154,THEFT,12,5
41.901622678,-87.671117956,ROBBERY,16,5
41.865926209,-87.704432539,ROBBERY,19,5
41.876932605,-87.73827148,ROBBERY,7,5
41.752596188,-87.554055126,ROBBERY,7,5
41.721698889,-87.625429457,ROBBERY,8,5
41.904936054,-87.733750231,ROBBERY,8,5
41.750513752,-87.621367643,ROBBERY,4,5
41.896024853,-87.670239173,ROBBERY,3,5
41.749797929,-87.651297431,ROBBERY,12,5
41.871740582,-87.653266695,ROBBERY,2,5
41.946105385,-87.65307977,ROBBERY,0,5
41.760340683,-87.588407406,ROBBERY,15,5
41.957296608,-87.72813827,ROBBERY,3,5
41.999226227,-87.66310593,ROBBERY,23,5
41.834650079,-87.616847182,ROBBERY,21,5
41.74997481,-87.687121318,ROBBERY,20,5
41.810251583,-87.749339446,ROBBERY,15,5
41.882381731,-87.629412971,THEFT,17,5
41.983649153,-87.658712242,THEFT,0,5
41.734122945,-87.614466642,ROBBERY,15,5
41.879545973,-87.624795272,THEFT,14,5
41.780110888,-87.615617777,THEFT,13,5
41.773582997,-87.649487456,ROBBERY,12,5
41.712112271,-87.628439022,THEFT,12,5
41.854147937,-87.724824383,ROBBERY,11,5
41.774047853,-87.610659248,ROBBERY,11,5
41.939851572,-87.658236833,ROBBERY,9,5
41.755343811,-87.664777113,ROBBERY,4,5
41.76680404,-87.605619683,ROBBERY,4,5
41.803573998,-87.72591199,ROBBERY,0,5
41.892887371,-87.768648297,ROBBERY,2,5
41.931944535,-87.771130065,ROBBERY,22,5
41.728241685,-87.648122161,ROBBERY,23,5
41.947165129,-87.647164951,THEFT,12,5
41.876933506,-87.72069769,THEFT,23,5
41.988630807,-87.812829371,ROBBERY,17,5
41.866148185,-87.726825268,ROBBERY,8,5
41.715244415,-87.61396649,ROBBERY,12,5
41.685068588,-87.643184156,ROBBERY,0,4
41.793856167,-87.684693126,ROBBERY,22,5
41.702769397,-87.64270561,ROBBERY,2,5
41.836385231,-87.66571041,ROBBERY,19,4
41.939236615,-87.715713176,ROBBERY,21,5
41.904370109,-87.631460067,ROBBERY,16,5
41.690133279,-87.654476281,ROBBERY,20,5
41.81327948,-87.69435751,ROBBERY,13,5
41.890400093,-87.628021143,ROBBERY,3,5
41.772339576,-87.634847921,ROBBERY,22,5
41.862842099,-87.702010464,ROBBERY,13,5
41.876581037,-87.745137513,ROBBERY,22,5
41.891817396,-87.672049291,ROBBERY,13,4
41.774785606,-87.722660595,THEFT,13,4
41.877110187,-87.723989719,ROBBERY,16,5
41.758506598,-87.585734738,ROBBERY,11,4
41.949146924,-87.744621602,ROBBERY,22,4
41.870833492,-87.716170158,ROBBERY,22,4
41.851997246,-87.688752882,THEFT,17,5
41.74751081,-87.555241635,ROBBERY,16,5
41.866859553,-87.667012497,ROBBERY,2,5
41.851925689,-87.693624328,ROBBERY,14,5
41.96837062,-87.716490857,ROBBERY,14,5
41.776797552,-87.604131898,THEFT,22,5
41.750832464,-87.605224746,ROBBERY,22,5
41.841770623,-87.639965154,ROBBERY,23,5
41.755988398,-87.62310299,ROBBERY,17,5
41.882022146,-87.693173655,ROBBERY,21,5
41.890455604,-87.6241128,THEFT,19,5
41.939417759,-87.74390984,ROBBERY,16,5
41.780110888,-87.615617777,THEFT,20,5
41.885426371,-87.630966024,THEFT,13,5
41.976083984,-87.649995274,ROBBERY,17,5
41.850830503,-87.729575987,ROBBERY,0,4
41.732357234,-87.656299678,ROBBERY,23,5
41.940241734,-87.779323494,ROBBERY,3,5
41.790709239,-87.594821473,ROBBERY,18,5
41.758767978,-87.585837993,ROBBERY,17,5
41.723999615,-87.604516733,ROBBERY,20,5
41.80066446,-87.587441769,ROBBERY,14,5
41.788446586,-87.615825488,ROBBERY,17,5
41.779485877,-87.663444841,THEFT,16,5
41.881624191,-87.629391908,THEFT,7,5
41.779125969,-87.692724188,THEFT,12,5
41.967772993,-87.657614846,ROBBERY,15,5
41.932856144,-87.714664849,ROBBERY,14,5
41.743117929,-87.660078106,ROBBERY,12,5
41.90317897,-87.677868302,THEFT,8,5
41.830954079,-87.630703226,ROBBERY,1,5
41.910064005,-87.710865831,THEFT,8,5
41.966053999,-87.657890403,THEFT,10,5
41.801927878,-87.591842926,ROBBERY,21,4
41.841387584,-87.623531928,ROBBERY,0,5
41.861536055,-87.630247373,ROBBERY,0,5
41.85841763,-87.713973243,ROBBERY,22,5
41.79464432,-87.645167348,ROBBERY,21,5
41.834650079,-87.616847182,ROBBERY,23,5
41.846040746,-87.6399741,ROBBERY,21,5
41.663187637,-87.645419739,ROBBERY,22,5
41.911758366,-87.721808638,ROBBERY,17,5
41.792575987,-87.740302841,THEFT,16,5
42.009148264,-87.664355842,ROBBERY,22,5
41.970125294,-87.722346514,ROBBERY,21,5
41.904326846,-87.721784049,ROBBERY,1,5
41.953465295,-87.743887042,ROBBERY,12,5
41.757622369,-87.634472427,ROBBERY,22,5
41.88336939,-87.633860272,THEFT,17,5
41.747222066,-87.600219523,ROBBERY,14,5
41.77269983,-87.576474724,ROBBERY,16,5
41.69600103,-87.623203137,ROBBERY,2,5
41.722768379,-87.624410361,THEFT,13,5
41.979355509,-87.668294069,THEFT,15,5
41.886146944,-87.624524028,THEFT,8,5
41.754509295,-87.562648192,ROBBERY,11,5
41.910107045,-87.707676543,ROBBERY,11,5
41.80758587,-87.615054434,ROBBERY,12,5
41.830697249,-87.614476891,ROBBERY,6,5
41.792658589,-87.590281244,ROBBERY,0,5
41.998375714,-87.670700712,THEFT,2,5
41.857744741,-87.669658337,THEFT,21,5
41.903140345,-87.757144655,ROBBERY,23,5
41.874850606,-87.735272577,ROBBERY,23,5
41.914214962,-87.720359657,ROBBERY,22,5
41.736922044,-87.551419766,THEFT,7,5
41.786697304,-87.668543565,ROBBERY,20,5
41.809390668,-87.671071026,ROBBERY,17,5
41.765558545,-87.622784849,ROBBERY,19,5
41.787553774,-87.606078091,ROBBERY,13,5
41.722083292,-87.677250456,ROBBERY,17,5
41.747266298,-87.694997865,ROBBERY,15,5
41.779975054,-87.630937377,ROBBERY,14,5
41.719270034,-87.637085872,ROBBERY,11,5
41.977888432,-87.696554107,ROBBERY,21,5
41.897895128,-87.624096605,THEFT,17,5
41.79061156,-87.710827405,ROBBERY,17,5
41.711714647,-87.642954141,ROBBERY,3,5
41.75034678,-87.663894471,ROBBERY,14,4
41.945467116,-87.650035609,ROBBERY,3,4
41.969269992,-87.761954601,THEFT,9,4
41.749657947,-87.66342156,ROBBERY,19,1
41.87766908,-87.629284766,ROBBERY,2,5
41.772849172,-87.58629407,ROBBERY,14,5
41.923171805,-87.721842972,ROBBERY,14,5
41.867752226,-87.697156311,ROBBERY,14,5
41.823763551,-87.622585601,ROBBERY,12,5
41.891885228,-87.667167485,ROBBERY,0,5
41.908460238,-87.690242463,ROBBERY,10,5
41.93248218,-87.712999968,ROBBERY,7,5
41.994459376,-87.718983284,ROBBERY,6,5
41.892694268,-87.631154519,ROBBERY,4,5
41.835331437,-87.613023276,ROBBERY,2,5
41.765025476,-87.576275351,ROBBERY,1,5
42.019383301,-87.67275327,THEFT,1,5
41.873907046,-87.725430093,ROBBERY,0,5
41.889959383,-87.635841395,ROBBERY,1,5
41.779793875,-87.631826613,ROBBERY,1,4
41.800439665,-87.693986299,ROBBERY,12,5
41.910470499,-87.678366829,ROBBERY,12,5
41.892628411,-87.63115524,ROBBERY,3,5
41.763647552,-87.722344693,THEFT,12,5
41.962916739,-87.716278732,ROBBERY,0,5
41.897083383,-87.626856709,ROBBERY,21,5
41.921197774,-87.747454374,ROBBERY,23,5
41.84425229,-87.724855768,ROBBERY,23,5
41.781160877,-87.617204634,ROBBERY,3,5
41.77830276,-87.586399428,ROBBERY,3,5
41.993161166,-87.698270614,ROBBERY,19,5
41.949729511,-87.643259182,ROBBERY,18,5
41.882553868,-87.624383802,THEFT,14,5
41.777740745,-87.631760999,THEFT,12,5
41.799911401,-87.742952841,ROBBERY,15,5
41.890051565,-87.62891376,THEFT,1,5
41.896683405,-87.627860183,THEFT,13,5
41.776622842,-87.70308407,THEFT,13,5
41.882004688,-87.728948432,ROBBERY,11,5
41.712456039,-87.620106677,ROBBERY,1,5
41.684992237,-87.620779831,ROBBERY,12,5
41.884483968,-87.628989611,THEFT,15,5
41.885741029,-87.631711749,THEFT,14,5
41.821536978,-87.621542622,ROBBERY,3,5
41.857836363,-87.733195599,ROBBERY,16,5
41.897083383,-87.626856709,ROBBERY,21,5
41.853115933,-87.724793789,ROBBERY,19,5
41.909915134,-87.676745013,ROBBERY,4,5
41.939800222,-87.661177785,THEFT,18,5
41.852510539,-87.711167232,ROBBERY,22,5
41.779826802,-87.613197481,ROBBERY,21,5
41.934791252,-87.776393727,ROBBERY,18,5
41.894898559,-87.759720016,ROBBERY,22,5
41.898725483,-87.765533447,THEFT,11,5
41.785695223,-87.688695094,ROBBERY,13,5
41.924537515,-87.722186371,ROBBERY,11,5
41.878278472,-87.623961046,THEFT,14,5
41.877825357,-87.738439452,ROBBERY,12,5
41.878631263,-87.764808046,ROBBERY,7,5
41.890013524,-87.631664996,ROBBERY,1,5
41.881556538,-87.627758535,THEFT,2,5
41.947897701,-87.653137911,ROBBERY,2,5
41.886668404,-87.746113681,ROBBERY,23,4
41.775443388,-87.631698051,ROBBERY,15,5
41.756714109,-87.586085395,ROBBERY,8,5
41.87711005,-87.723964016,ROBBERY,12,5
41.774095276,-87.614280756,ROBBERY,10,5
41.886426277,-87.644267704,THEFT,11,5
41.781449702,-87.652986003,ROBBERY,10,5
41.939566852,-87.724623088,ROBBERY,6,5
41.929826624,-87.648912651,ROBBERY,2,5
41.898647572,-87.691843246,ROBBERY,1,5
41.671903369,-87.641710641,ROBBERY,0,5
41.918431595,-87.690032129,THEFT,17,5
41.774443027,-87.604576499,ROBBERY,15,5
41.870786278,-87.686155608,ROBBERY,21,5
41.998375714,-87.670700712,THEFT,2,5
41.926573776,-87.746390954,ROBBERY,23,5
41.925850614,-87.797748135,ROBBERY,9,5
41.792730356,-87.702313896,ROBBERY,2,5
41.782073824,-87.669130298,ROBBERY,8,5
41.744945058,-87.603788876,ROBBERY,6,5
41.7799566,-87.605921959,ROBBERY,2,5
41.758904163,-87.634506167,ROBBERY,22,4
41.866331725,-87.666379171,ROBBERY,17,4
41.910956613,-87.677472785,ROBBERY,20,4
41.69941558,-87.623301059,ROBBERY,15,5
41.881183664,-87.685081252,ROBBERY,15,5
41.800468654,-87.687883221,ROBBERY,13,5
41.766778358,-87.631037355,ROBBERY,14,5
41.722308987,-87.551073137,ROBBERY,22,5
41.925398296,-87.652285575,THEFT,19,5
41.965358896,-87.72550279,ROBBERY,21,5
41.893945338,-87.75678656,ROBBERY,19,5
41.852408284,-87.661825589,ROBBERY,5,5
41.721180629,-87.623717187,THEFT,6,5
41.782131418,-87.660634436,ROBBERY,1,5
41.896742169,-87.757422554,ROBBERY,20,5
41.880102145,-87.77374024,THEFT,16,5
41.828459751,-87.620493619,ROBBERY,14,5
41.765543457,-87.683266572,THEFT,8,5
41.749635589,-87.717805151,THEFT,12,5
41.934898123,-87.727063739,ROBBERY,3,5
41.968384066,-87.714909548,ROBBERY,11,5
41.841776873,-87.730563901,ROBBERY,10,5
41.766686762,-87.56978969,ROBBERY,6,5
41.697252997,-87.612273942,ROBBERY,3,5
41.890224755,-87.63255147,ROBBERY,2,5
41.912641265,-87.767706357,ROBBERY,4,5
41.886863814,-87.626851797,ROBBERY,3,5
41.75858693,-87.605078455,ROBBERY,15,5
41.909350871,-87.803955158,ROBBERY,21,5
41.79339194,-87.586147253,ROBBERY,19,5
41.749869687,-87.665852691,THEFT,20,5
41.754951987,-87.553421914,ROBBERY,15,5
41.925398449,-87.652311296,THEFT,17,5
41.965961103,-87.666881692,THEFT,1,5
41.884475188,-87.631589722,THEFT,15,5
41.858360313,-87.70543907,ROBBERY,23,5
41.78381054,-87.697180135,ROBBERY,21,5
41.736372225,-87.556944239,ROBBERY,23,5
41.750773911,-87.634689639,ROBBERY,12,5
41.799462555,-87.595956916,ROBBERY,10,5
41.793878283,-87.625680912,ROBBERY,11,5
41.896888586,-87.628203192,THEFT,7,5
41.76754789,-87.576337337,ROBBERY,6,5
41.895420644,-87.720539406,ROBBERY,6,5
41.902217176,-87.758567201,ROBBERY,3,5
41.875588919,-87.632421308,THEFT,8,5
41.827386939,-87.624071858,ROBBERY,0,5
41.776217883,-87.703802936,ROBBERY,17,4
41.950038691,-87.752142066,ROBBERY,20,4
41.882893416,-87.76821117,THEFT,7,5
41.780373703,-87.608087748,ROBBERY,22,5
41.777744971,-87.6155635,ROBBERY,18,4
41.72412874,-87.551113338,ROBBERY,21,4
41.780087726,-87.683662323,ROBBERY,13,5
41.753812998,-87.641682258,ROBBERY,18,5
41.874978685,-87.73037687,ROBBERY,16,5
41.87950297,-87.626723575,THEFT,16,5
41.876545342,-87.633104844,ROBBERY,18,3
41.982161273,-87.668500261,ROBBERY,12,1
41.896065069,-87.625486884,ROBBERY,18,5
41.882389156,-87.624374606,THEFT,16,5
41.938722006,-87.754953649,ROBBERY,13,5
41.97008868,-87.762690091,ROBBERY,22,5
41.929886952,-87.782003944,ROBBERY,3,5
41.786534536,-87.647391795,ROBBERY,2,5
41.991133361,-87.690900729,ROBBERY,0,4
41.894496091,-87.745792225,ROBBERY,0,5
41.881519476,-87.626194599,ROBBERY,2,5
41.883474023,-87.629426688,THEFT,16,5
41.947225886,-87.655545441,THEFT,21,5
41.880361881,-87.755807047,ROBBERY,13,5
41.960987819,-87.724551615,ROBBERY,14,5
41.893261633,-87.628801359,THEFT,1,5
41.891412551,-87.647934597,THEFT,12,5
41.791116459,-87.702267385,ROBBERY,12,5
41.747831823,-87.547970993,ROBBERY,9,5
41.721181588,-87.665072735,THEFT,0,5
41.748074236,-87.663379392,ROBBERY,9,5
41.875508384,-87.656975687,ROBBERY,3,5
41.78393501,-87.671604376,ROBBERY,4,5
41.928525595,-87.648867761,THEFT,1,5
41.731950831,-87.637425221,THEFT,18,5
41.854630302,-87.67591226,ROBBERY,16,5
41.78382937,-87.587607592,ROBBERY,23,5
41.758309122,-87.598084858,ROBBERY,21,5
41.766458362,-87.65172216,ROBBERY,22,5
41.779869327,-87.610791873,ROBBERY,21,5
41.752690858,-87.576009853,ROBBERY,23,5
41.787387577,-87.703378328,ROBBERY,21,5
41.779074091,-87.696226042,ROBBERY,13,5
41.894898559,-87.759720016,ROBBERY,1,5
41.885741029,-87.631711749,THEFT,15,4
41.800100705,-87.620980383,ROBBERY,22,4
41.76825298,-87.629844582,ROBBERY,10,4
41.880885455,-87.61996631,ROBBERY,17,4
41.781912183,-87.700784721,ROBBERY,13,4
41.820982288,-87.601400234,THEFT,23,5
41.762401555,-87.576218227,ROBBERY,0,5
41.82467357,-87.626413225,THEFT,18,5
42.007682834,-87.683942031,ROBBERY,23,4
41.731464008,-87.584436405,ROBBERY,23,4
41.953643409,-87.72801475,ROBBERY,18,4
41.894282641,-87.724829222,ROBBERY,23,4
41.872526667,-87.627545764,ROBBERY,22,4
41.889652827,-87.662225275,ROBBERY,21,4
41.792174817,-87.624020134,ROBBERY,17,4
41.796608051,-87.756610945,ROBBERY,14,4
41.779824738,-87.60287304,ROBBERY,19,4
41.898451012,-87.768863752,ROBBERY,15,4
41.883049456,-87.63090025,THEFT,14,4
41.892509386,-87.626069718,THEFT,14,4
41.884276366,-87.622021816,THEFT,14,4
41.866621882,-87.685426633,ROBBERY,10,4
41.886715062,-87.680544921,ROBBERY,9,4
41.920574812,-87.746912585,ROBBERY,20,4
41.88456033,-87.735909158,ROBBERY,20,3
42.016068877,-87.66714996,ROBBERY,5,4
41.884486956,-87.628581948,THEFT,18,4
41.968819592,-87.721932438,ROBBERY,1,4
41.951771759,-87.764489412,ROBBERY,21,4
41.866168484,-87.725474038,ROBBERY,20,4
41.884498005,-87.625915709,ROBBERY,17,4
41.922897216,-87.64519826,THEFT,3,4
41.885879253,-87.630979425,THEFT,18,4
41.798283438,-87.708593054,ROBBERY,22,4
41.87928488,-87.620740552,THEFT,17,4
41.751821289,-87.559590955,ROBBERY,17,4
42.007863713,-87.668560171,THEFT,17,4
41.750782715,-87.625813624,ROBBERY,16,4
42.008759543,-87.686547192,ROBBERY,16,4
41.904370109,-87.631460067,THEFT,16,4
41.69264078,-87.619025823,THEFT,4,4
41.801312511,-87.665084355,ROBBERY,3,4
41.890097998,-87.626199154,ROBBERY,0,4
41.897982937,-87.624095634,ROBBERY,12,4
42.015934544,-87.673348306,ROBBERY,0,4
41.879366317,-87.755926173,ROBBERY,10,4
41.831103159,-87.617514186,ROBBERY,19,4
41.722610856,-87.660281232,ROBBERY,22,4
41.737368899,-87.648519781,ROBBERY,20,4
41.963419436,-87.726672086,ROBBERY,22,4
41.90982859,-87.677447594,THEFT,14,4
41.884640562,-87.629465296,THEFT,7,4
41.76290094,-87.641485701,ROBBERY,23,4
41.927273891,-87.704469775,THEFT,1,4
41.887904127,-87.625554948,THEFT,19,4
41.967383112,-87.720666542,ROBBERY,22,4
41.809411251,-87.674650831,ROBBERY,23,4
41.830954079,-87.630703226,ROBBERY,14,4
41.944953005,-87.649416212,THEFT,2,4
41.793696947,-87.693492238,ROBBERY,2,4
41.922786529,-87.645045119,THEFT,0,4
41.893162746,-87.635979167,ROBBERY,5,4
41.943108594,-87.649366085,THEFT,0,4
41.964769022,-87.638916219,ROBBERY,4,4
41.96721702,-87.725558668,ROBBERY,2,4
41.901280197,-87.733648522,ROBBERY,3,4
41.779091991,-87.695001313,ROBBERY,3,4
41.721358693,-87.633960734,ROBBERY,2,4
41.837755675,-87.713390871,ROBBERY,1,4
41.77279778,-87.683468276,ROBBERY,16,4
41.918114778,-87.652690034,THEFT,2,4
41.863378684,-87.69581565,ROBBERY,8,4
41.940419572,-87.765174734,ROBBERY,9,4
41.833911118,-87.626469369,ROBBERY,12,4
41.781870179,-87.597859754,ROBBERY,7,4
41.875820724,-87.647175913,ROBBERY,12,3
41.86640116,-87.705973505,ROBBERY,1,2
41.889525629,-87.755401321,ROBBERY,1,4
41.86029057,-87.715243677,ROBBERY,3,4
41.875260744,-87.726096551,ROBBERY,3,4
41.945690498,-87.65670857,THEFT,1,4
41.871191211,-87.625922932,ROBBERY,17,4
41.878178813,-87.628276721,ROBBERY,23,4
42.007919177,-87.665351128,THEFT,22,4
41.839894348,-87.644201996,ROBBERY,19,4
41.764748911,-87.644401916,ROBBERY,19,4
41.889524437,-87.616899045,THEFT,18,4
41.85102174,-87.618954852,THEFT,13,4
41.721840277,-87.617244627,ROBBERY,17,4
41.733197431,-87.551333049,THEFT,16,4
41.826930728,-87.704524482,ROBBERY,15,4
41.895942341,-87.624276151,THEFT,16,4
41.890831286,-87.63031551,THEFT,13,4
41.921485089,-87.737692357,ROBBERY,16,4
41.909861988,-87.728002397,ROBBERY,14,4
41.883210775,-87.629906972,ROBBERY,11,4
41.910676312,-87.649187069,ROBBERY,13,4
41.903481574,-87.632906108,THEFT,14,4
41.793797651,-87.655543461,ROBBERY,15,4
41.899168384,-87.709164449,ROBBERY,12,4
41.736011713,-87.647808753,ROBBERY,11,4
41.796947725,-87.5872905,ROBBERY,19,4
41.880295507,-87.761187284,ROBBERY,18,4
41.895538876,-87.624265922,THEFT,15,4
41.80062644,-87.590467932,ROBBERY,16,4
41.907356188,-87.69204996,ROBBERY,15,4
41.953680371,-87.747304035,THEFT,15,4
41.69993294,-87.619102587,ROBBERY,14,4
41.93883609,-87.746072695,ROBBERY,10,4
41.833139425,-87.615319213,ROBBERY,11,4
41.840764813,-87.632948273,ROBBERY,20,4
41.771998459,-87.58629661,ROBBERY,20,4
41.936580597,-87.72711396,ROBBERY,13,4
41.934415296,-87.714745336,ROBBERY,0,4
41.705084544,-87.625838788,ROBBERY,18,4
41.763619171,-87.629162115,ROBBERY,2,3
41.883210775,-87.629906972,THEFT,13,4
41.897895128,-87.624096605,ROBBERY,19,4
41.891412551,-87.647934597,THEFT,7,4
41.901338553,-87.750850101,ROBBERY,21,4
41.889787714,-87.763364941,ROBBERY,23,4
41.909463166,-87.758807128,ROBBERY,19,4
41.885741029,-87.631711749,THEFT,16,4
41.780554403,-87.688559598,THEFT,18,4
41.87766908,-87.629284766,THEFT,17,4
41.965323312,-87.679088563,THEFT,15,4
41.946341089,-87.656278963,ROBBERY,21,4
41.754376989,-87.568722523,ROBBERY,22,4
41.808966377,-87.724848676,ROBBERY,19,4
41.832483542,-87.648574653,ROBBERY,23,4
41.748345446,-87.645189309,THEFT,18,4
41.891404732,-87.628061509,THEFT,18,4
41.782281212,-87.661846483,ROBBERY,15,4
41.778716391,-87.664200774,ROBBERY,19,4
41.879542637,-87.625144154,THEFT,13,4
41.74985135,-87.646444862,ROBBERY,22,4
41.998267974,-87.694783767,ROBBERY,23,4
41.893696295,-87.763521182,ROBBERY,23,4
41.875820724,-87.647175913,THEFT,17,4
41.891404732,-87.628061509,THEFT,16,4
41.834155131,-87.623318288,ROBBERY,12,4
41.911124622,-87.637932903,ROBBERY,14,4
41.884496442,-87.741590875,ROBBERY,15,4
41.922479877,-87.775670361,ROBBERY,19,4
41.905447812,-87.721516203,ROBBERY,15,4
41.737850045,-87.609709549,ROBBERY,9,4
41.722138113,-87.598779414,ROBBERY,11,4
41.930946078,-87.78887445,ROBBERY,3,4
41.892659231,-87.616599571,ROBBERY,23,4
41.891252069,-87.755462886,ROBBERY,6,4
41.778322985,-87.688504959,ROBBERY,9,4
41.796570792,-87.75684232,ROBBERY,9,4
41.796993404,-87.585452635,ROBBERY,23,1
41.777714647,-87.779129718,ROBBERY,20,4
41.910107045,-87.707676543,ROBBERY,16,4
41.831200469,-87.613763088,ROBBERY,20,4
41.677061018,-87.641882376,ROBBERY,16,4
41.749272996,-87.580000483,ROBBERY,23,4
41.840659978,-87.718658416,ROBBERY,20,4
41.759012808,-87.560215615,ROBBERY,23,4
41.878224322,-87.686355964,ROBBERY,18,4
41.775673048,-87.586294296,ROBBERY,18,4
41.779245661,-87.684224438,ROBBERY,15,4
41.895938757,-87.675308801,ROBBERY,18,4
41.88728285,-87.756894211,THEFT,23,4
41.809364992,-87.617825941,ROBBERY,15,4
41.786729308,-87.666016839,THEFT,13,4
41.912866361,-87.639607695,ROBBERY,12,4
41.729154867,-87.554536327,ROBBERY,8,4
41.968462913,-87.707683157,ROBBERY,12,4
41.690082704,-87.642306781,ROBBERY,16,4
41.700448947,-87.53528097,ROBBERY,22,4
41.884163773,-87.686516386,ROBBERY,22,4
41.937170715,-87.67100024,ROBBERY,22,4
41.932134058,-87.692092155,ROBBERY,0,4
41.840708255,-87.63537832,ROBBERY,19,4
41.87900312,-87.629339891,ROBBERY,14,4
41.754467268,-87.693500864,ROBBERY,23,4
41.964077891,-87.723018341,ROBBERY,20,4
41.76016295,-87.566399721,ROBBERY,17,4
41.791950089,-87.800760135,ROBBERY,9,4
41.779112173,-87.693695901,ROBBERY,0,4
41.760097698,-87.622390606,ROBBERY,0,4
41.785969074,-87.657088943,ROBBERY,21,4
41.94176158,-87.731266134,ROBBERY,21,4
41.851761264,-87.705602716,ROBBERY,0,4
41.91443442,-87.634810768,ROBBERY,1,4
41.909667421,-87.631615119,ROBBERY,23,4
41.885978754,-87.7734172,ROBBERY,21,4
41.894088304,-87.627121109,ROBBERY,19,4
41.964976988,-87.701028867,ROBBERY,17,4
41.814317008,-87.606674143,ROBBERY,19,4
41.975062979,-87.706221096,ROBBERY,21,4
41.874381838,-87.641536792,THEFT,17,4
41.898767916,-87.624116333,ROBBERY,20,4
41.87766908,-87.629284766,THEFT,5,4
41.877822179,-87.655181405,ROBBERY,16,4
41.721325872,-87.620580034,THEFT,16,4
41.909819038,-87.731316569,ROBBERY,15,4
41.750331632,-87.665063663,ROBBERY,14,4
41.890590103,-87.647612847,ROBBERY,19,4
41.880559272,-87.629366876,THEFT,18,4
41.896888586,-87.628203192,THEFT,8,4
41.919879975,-87.687485939,ROBBERY,15,4
41.881556538,-87.627758535,THEFT,16,4
41.891243826,-87.620225683,THEFT,15,4
41.778529628,-87.617288903,ROBBERY,19,4
41.783264479,-87.597891485,ROBBERY,22,4
41.91027426,-87.69123823,ROBBERY,11,4
41.91072397,-87.660972253,ROBBERY,3,4
41.884276844,-87.622098929,ROBBERY,15,4
41.885741029,-87.631711749,THEFT,15,4
41.736264617,-87.627929503,ROBBERY,11,4
41.781807171,-87.604335461,ROBBERY,20,4
41.828744828,-87.623987156,ROBBERY,14,4
41.853131574,-87.73455731,ROBBERY,13,4
41.722675541,-87.655412282,ROBBERY,12,4
41.885426371,-87.630966024,THEFT,17,4
41.88233367,-87.627841791,THEFT,17,4
41.935317763,-87.771247451,ROBBERY,0,4
41.876121224,-87.641003973,THEFT,14,4
41.885055833,-87.630955393,THEFT,15,4
41.868165405,-87.62743954,THEFT,8,4
41.923629833,-87.791167135,ROBBERY,13,4
41.903775756,-87.639324074,ROBBERY,15,4
41.765363124,-87.663811704,THEFT,13,4
41.822019269,-87.620986966,ROBBERY,6,4
41.875924475,-87.725506443,ROBBERY,11,4
41.868010682,-87.7235548,ROBBERY,9,4
41.747108834,-87.608759086,ROBBERY,4,4
41.80890316,-87.618139193,ROBBERY,10,4
41.898601278,-87.628250467,THEFT,15,4
41.880715741,-87.726507595,ROBBERY,9,4
41.924465814,-87.7283384,ROBBERY,2,4
41.757614433,-87.586115266,ROBBERY,21,4
41.993228018,-87.711991089,ROBBERY,0,4
41.98651445,-87.786150165,ROBBERY,19,4
41.997285722,-87.717414673,ROBBERY,22,4
41.774346209,-87.599712752,ROBBERY,6,4
41.95901069,-87.651571152,ROBBERY,19,4
42.010804762,-87.66796289,ROBBERY,20,4
41.953620328,-87.730408248,ROBBERY,18,4
42.00042113,-87.662368628,ROBBERY,19,4
41.74095603,-87.652266736,ROBBERY,19,4
41.998375714,-87.670700712,THEFT,3,4
41.881735913,-87.624356122,THEFT,17,4
41.889751946,-87.631072891,THEFT,0,4
41.884013483,-87.627896757,ROBBERY,15,4
41.87012557,-87.722862812,ROBBERY,17,4
41.905203023,-87.765762592,ROBBERY,0,4
41.890051565,-87.62891376,ROBBERY,1,4
41.791220341,-87.688848758,ROBBERY,14,4
41.730087889,-87.550491518,THEFT,15,4
41.878638996,-87.627691486,THEFT,15,4
41.728926721,-87.602955362,THEFT,16,4
41.918431595,-87.690032129,THEFT,12,4
41.961522668,-87.756383657,THEFT,19,4
41.773269343,-87.592697333,ROBBERY,15,4
41.871765638,-87.714982602,ROBBERY,14,4
41.874079802,-87.630660674,THEFT,10,4
41.939932925,-87.718646877,ROBBERY,23,4
41.909152038,-87.652675042,THEFT,2,4
41.946367674,-87.727859352,ROBBERY,0,4
41.880744831,-87.724226926,THEFT,3,4
41.705195261,-87.602744276,THEFT,0,4
41.765015549,-87.623289351,ROBBERY,2,4
41.879116997,-87.757646932,ROBBERY,21,4
41.87217983,-87.728343384,ROBBERY,17,4
41.769185486,-87.625732415,THEFT,18,4
41.878166542,-87.629407825,THEFT,16,4
41.876205559,-87.676381499,THEFT,11,4
41.991055514,-87.667605808,ROBBERY,17,4
41.72575083,-87.601548,ROBBERY,7,4
41.809104714,-87.604363507,ROBBERY,13,1
41.835016624,-87.728264168,ROBBERY,11,4
41.909127682,-87.693296002,ROBBERY,9,4
41.94891952,-87.662162747,ROBBERY,8,4
41.885503844,-87.627935448,ROBBERY,5,4
41.779975054,-87.630937377,ROBBERY,11,4
41.943640161,-87.647849677,ROBBERY,5,4
41.878638996,-87.627691486,ROBBERY,2,4
41.932601732,-87.655972251,ROBBERY,1,4
41.885877917,-87.626289762,ROBBERY,5,4
41.87794002,-87.647759117,ROBBERY,4,4
41.895881475,-87.719987724,ROBBERY,2,4
41.880737718,-87.628483607,THEFT,20,4
41.878638996,-87.627691486,ROBBERY,0,4
41.904370109,-87.631460067,ROBBERY,2,3
41.755554244,-87.653867946,ROBBERY,22,4
41.760285033,-87.669765547,ROBBERY,22,4
41.907118343,-87.649405067,ROBBERY,8,4
41.862736104,-87.685928422,ROBBERY,1,4
41.894928829,-87.755903553,THEFT,20,4
41.781350074,-87.613228101,ROBBERY,13,4
41.955530299,-87.750062788,ROBBERY,16,4
41.892753031,-87.624193896,THEFT,20,4
41.929907247,-87.785671374,ROBBERY,16,4
41.992949172,-87.70312476,ROBBERY,15,4
41.909882217,-87.726635552,ROBBERY,1,4
41.771521464,-87.683429837,ROBBERY,15,4
41.879033044,-87.753505629,ROBBERY,17,4
41.890384236,-87.624109917,ROBBERY,0,4
41.995554476,-87.670189207,ROBBERY,12,4
41.880715877,-87.726533299,ROBBERY,14,4
41.749633297,-87.71788946,ROBBERY,8,4
41.978526568,-87.75708711,ROBBERY,19,4
41.888486689,-87.763314073,ROBBERY,23,4
41.83037667,-87.640003736,ROBBERY,0,4
41.881181568,-87.62080761,ROBBERY,5,4
41.874499333,-87.714041981,ROBBERY,4,4
41.869747603,-87.62412146,ROBBERY,12,4
41.940594418,-87.649286363,ROBBERY,19,4
41.938970048,-87.652552835,ROBBERY,3,4
41.737075743,-87.669172805,ROBBERY,22,4
41.884470703,-87.633102775,THEFT,17,4
41.893676531,-87.635628328,THEFT,3,4
41.780111017,-87.692204757,ROBBERY,8,4
41.72575083,-87.601548,ROBBERY,11,4
41.754256907,-87.550483752,ROBBERY,22,4
41.871530533,-87.744926805,ROBBERY,10,4
41.750523732,-87.622979997,THEFT,9,4
41.875820724,-87.647175913,THEFT,9,4
41.750331739,-87.665081985,ROBBERY,12,4
41.750523732,-87.622979997,ROBBERY,7,4
41.750112843,-87.648875415,ROBBERY,18,4
41.768623525,-87.629855197,THEFT,18,4
41.957463027,-87.656220074,ROBBERY,2,4
41.711291268,-87.562139165,ROBBERY,21,4
41.917061131,-87.687393113,ROBBERY,20,4
41.787880269,-87.682472605,ROBBERY,20,4
41.688123792,-87.619496824,ROBBERY,15,4
41.779826802,-87.613197481,ROBBERY,6,4
41.895987813,-87.722432928,ROBBERY,19,4
41.883500187,-87.627876698,THEFT,17,4
41.752881252,-87.558467785,ROBBERY,17,4
41.884546689,-87.616947314,THEFT,16,4
41.881556538,-87.627758535,THEFT,16,4
41.915351987,-87.725694615,ROBBERY,17,4
41.880629445,-87.636372506,THEFT,17,4
41.809626128,-87.598334647,ROBBERY,9,4
41.881542795,-87.661619777,ROBBERY,8,4
41.904370109,-87.631460067,THEFT,14,4
41.90982859,-87.677447594,THEFT,17,4
41.880541301,-87.643133825,ROBBERY,11,4
41.947225886,-87.655545441,ROBBERY,23,4
41.809077427,-87.606553628,ROBBERY,4,4
41.851311967,-87.705240064,ROBBERY,0,4
41.96203391,-87.645898728,ROBBERY,22,4
41.790740555,-87.710829824,ROBBERY,1,4
41.874153389,-87.735238688,ROBBERY,0,4
41.772972076,-87.644610871,ROBBERY,1,4
41.955654789,-87.714606162,ROBBERY,0,4
41.917959071,-87.73881273,ROBBERY,0,4
41.902698633,-87.723166088,ROBBERY,21,4
41.682285713,-87.616709578,ROBBERY,17,4
41.766274325,-87.66382789,ROBBERY,1,4
41.73585412,-87.658739723,ROBBERY,4,4
41.875820724,-87.647175913,ROBBERY,15,4
41.997845884,-87.709348897,ROBBERY,22,4
41.763786928,-87.693008747,ROBBERY,21,4
41.933548128,-87.714746365,ROBBERY,22,4
41.707246223,-87.618164684,ROBBERY,16,4
41.749683042,-87.665847295,ROBBERY,18,4
41.879909765,-87.62772157,ROBBERY,18,4
41.901793254,-87.71652964,ROBBERY,18,4
41.88285993,-87.757602318,ROBBERY,19,4
41.892753031,-87.624193896,ROBBERY,4,4
41.891694878,-87.626155832,THEFT,16,4
41.78913051,-87.703434602,ROBBERY,15,4
41.682007282,-87.645702554,ROBBERY,15,4
41.882381731,-87.629412971,THEFT,16,4
41.910108908,-87.707514877,ROBBERY,13,4
42.017903097,-87.67686812,ROBBERY,23,4
41.924102822,-87.756452662,ROBBERY,15,4
41.866098236,-87.730368538,ROBBERY,23,4
41.780155491,-87.586451255,THEFT,16,4
41.924528847,-87.772091787,ROBBERY,22,4
41.937992937,-87.807051947,THEFT,21,4
41.790439233,-87.615872939,ROBBERY,15,4
41.879311331,-87.760289066,ROBBERY,20,4
41.750223119,-87.6738307,ROBBERY,19,4
41.896472326,-87.643252484,ROBBERY,20,4
41.760662917,-87.643074812,ROBBERY,16,4
41.891062111,-87.617043461,THEFT,12,4
41.94959267,-87.675580718,THEFT,15,4
41.875820724,-87.647175913,THEFT,17,4
41.685072383,-87.64290222,ROBBERY,18,4
41.752951523,-87.559936534,ROBBERY,22,4
41.952956098,-87.712871328,ROBBERY,11,4
41.740860249,-87.64861826,ROBBERY,15,4
41.809432638,-87.613280478,ROBBERY,13,4
41.875070002,-87.640974928,THEFT,13,4
41.880914838,-87.761563662,ROBBERY,10,4
41.904370109,-87.631460067,THEFT,8,4
41.761413172,-87.590869084,ROBBERY,7,4
41.755612548,-87.646596004,ROBBERY,6,4
41.922490424,-87.782975232,ROBBERY,5,4
41.830750796,-87.626643572,ROBBERY,1,4
41.754149923,-87.65306915,ROBBERY,0,4
41.894279515,-87.750682852,ROBBERY,2,4
41.796678954,-87.594961977,ROBBERY,23,4
41.967180011,-87.720661134,ROBBERY,23,4
41.913446953,-87.793703887,THEFT,20,4
41.721329787,-87.653378791,ROBBERY,15,4
41.885741029,-87.631711749,THEFT,16,4
41.967392009,-87.71822486,ROBBERY,18,4
41.808386061,-87.622814293,ROBBERY,15,4
41.851472218,-87.730014078,ROBBERY,15,4
41.925130173,-87.669765163,ROBBERY,3,4
41.705944406,-87.565689436,ROBBERY,15,4
41.999311401,-87.703841922,ROBBERY,21,4
41.803188489,-87.621056212,ROBBERY,18,4
41.879202837,-87.626113652,THEFT,16,4
41.9017884,-87.745960471,ROBBERY,20,4
41.94725015,-87.653615315,ROBBERY,1,4
41.816157509,-87.618337289,ROBBERY,10,4
41.930732102,-87.697581941,ROBBERY,15,4
41.833139425,-87.615319213,THEFT,6,4
41.872647284,-87.725401641,ROBBERY,7,4
41.694309334,-87.620794172,THEFT,12,4
41.769414467,-87.66394187,ROBBERY,2,4
41.750934055,-87.626325022,ROBBERY,6,4
41.88233367,-87.627841791,ROBBERY,13,4
41.770100465,-87.722543736,ROBBERY,1,4
41.930860505,-87.727939876,ROBBERY,3,4
41.779416155,-87.730107007,ROBBERY,0,4
41.783518516,-87.736342073,ROBBERY,1,4
41.755902933,-87.554440264,ROBBERY,22,4
41.956194022,-87.729292081,ROBBERY,0,4
41.886524426,-87.744256733,THEFT,21,4
41.928800188,-87.747631032,ROBBERY,19,4
41.89254291,-87.718668072,ROBBERY,19,4
41.91973681,-87.696739432,ROBBERY,18,4
41.997661787,-87.693848043,THEFT,21,4
41.779483731,-87.663547521,THEFT,9,4
41.880368223,-87.725658953,ROBBERY,6,4
41.873895971,-87.701016805,ROBBERY,12,4
41.666981056,-87.634622762,THEFT,17,4
41.761584436,-87.642980634,ROBBERY,11,4
41.908452786,-87.765880756,ROBBERY,10,4
41.919567687,-87.768258811,ROBBERY,4,4
41.75928571,-87.621556575,ROBBERY,2,4
41.771531518,-87.70296528,ROBBERY,23,4
41.884296382,-87.623038828,THEFT,13,4
41.747010115,-87.643092821,ROBBERY,0,4
41.902628314,-87.729069888,ROBBERY,0,4
41.882381731,-87.629412971,THEFT,18,4
41.921129453,-87.752371411,ROBBERY,1,4
41.74992863,-87.652512715,ROBBERY,19,4
41.933206791,-87.757818638,ROBBERY,22,4
41.908916127,-87.803110113,ROBBERY,21,4
41.854529505,-87.685702859,THEFT,17,4
41.77499619,-87.69328587,ROBBERY,21,4
41.896007022,-87.722432745,ROBBERY,20,4
41.767885634,-87.651762038,ROBBERY,20,4
41.985541608,-87.715056169,ROBBERY,19,4
41.875068299,-87.627620612,ROBBERY,15,4
41.971241113,-87.713444079,ROBBERY,19,4
41.891412551,-87.647934597,THEFT,17,4
41.97445616,-87.714755194,ROBBERY,13,4
41.999719691,-87.708252654,ROBBERY,17,4
41.910089565,-87.677015087,ROBBERY,1,4
41.896888586,-87.628203192,THEFT,14,4
41.890119533,-87.625240352,ROBBERY,13,4
41.924230143,-87.746915859,ROBBERY,13,4
41.983088984,-87.70557593,ROBBERY,6,4
41.699584978,-87.628081503,ROBBERY,15,4
41.750039456,-87.651302204,ROBBERY,22,4
41.88527183,-87.629480401,THEFT,17,4
41.942458444,-87.74821913,ROBBERY,0,4
41.939262335,-87.71335694,ROBBERY,20,4
41.953140703,-87.769969614,ROBBERY,21,4
41.706908047,-87.643653779,ROBBERY,23,4
41.909822638,-87.730956503,ROBBERY,23,4
41.9673179,-87.718221895,ROBBERY,23,4
41.882004688,-87.728948432,ROBBERY,17,4
41.710113248,-87.616276073,ROBBERY,14,4
41.891579621,-87.634674198,ROBBERY,23,4
41.882224052,-87.766032098,ROBBERY,12,4
41.736259849,-87.6280468,ROBBERY,11,4
41.940572915,-87.753036656,ROBBERY,7,4
41.875975271,-87.741004881,ROBBERY,3,4
42.016035274,-87.668927703,ROBBERY,2,4
41.816455303,-87.598557379,THEFT,14,4
41.679809448,-87.625870438,ROBBERY,7,4
41.904672828,-87.63294819,ROBBERY,4,4
41.886018055,-87.633937881,THEFT,2,4
41.847516211,-87.717319218,ROBBERY,23,4
42.000476042,-87.69361752,ROBBERY,22,4
41.793685818,-87.662673584,ROBBERY,20,4
41.872963554,-87.753663295,ROBBERY,21,4
41.874974798,-87.725475051,ROBBERY,14,4
41.882002736,-87.729099011,ROBBERY,15,4
41.910058818,-87.711427975,THEFT,18,4
41.954170882,-87.677651219,ROBBERY,18,4
41.692358646,-87.623096746,ROBBERY,9,4
41.894544296,-87.622745318,THEFT,12,4
41.873436688,-87.742574112,ROBBERY,18,4
41.766180932,-87.582145021,ROBBERY,20,4
41.80088015,-87.728710114,ROBBERY,19,4
41.742830997,-87.648674272,ROBBERY,18,4
41.883210775,-87.629906972,THEFT,12,4
41.769185486,-87.625732415,ROBBERY,21,4
41.72575083,-87.601548,ROBBERY,13,4
41.895074928,-87.742011123,ROBBERY,18,4
41.867428687,-87.626342565,ROBBERY,18,4
41.794670403,-87.631785431,ROBBERY,6,4
41.76888502,-87.615343355,ROBBERY,15,4
41.903708614,-87.631437924,THEFT,16,4
41.765356327,-87.673547448,ROBBERY,17,4
41.938153064,-87.79600229,ROBBERY,12,4
41.949399232,-87.777626736,ROBBERY,9,4
41.848443949,-87.735529608,ROBBERY,10,4
42.018498254,-87.672983233,THEFT,7,4
41.885741029,-87.631711749,THEFT,17,4
41.883216931,-87.628673023,THEFT,8,4
41.757746672,-87.62474756,ROBBERY,4,4
41.748747125,-87.602683099,ROBBERY,14,4
41.754220122,-87.648256389,ROBBERY,14,4
41.938631875,-87.762165704,ROBBERY,3,4
41.804067549,-87.663632642,ROBBERY,4,4
41.780110888,-87.615617777,ROBBERY,22,4
41.873578134,-87.764614167,ROBBERY,1,4
41.786945223,-87.615787227,ROBBERY,19,4
41.883088657,-87.764955819,ROBBERY,21,4
41.813589417,-87.666328696,ROBBERY,13,4
41.871530533,-87.744926805,ROBBERY,15,4
41.964483903,-87.656888478,ROBBERY,16,4
41.88171846,-87.627760426,THEFT,20,4
41.757154442,-87.653913374,ROBBERY,18,4
41.8770933,-87.683855779,ROBBERY,18,4
41.904370109,-87.631460067,THEFT,8,4
41.878840427,-87.639582928,THEFT,16,4
41.779012821,-87.664208692,ROBBERY,17,4
41.87328131,-87.71974488,ROBBERY,17,4
41.897211487,-87.625823165,THEFT,17,4
41.70277114,-87.562695068,ROBBERY,17,4
41.794617111,-87.596533202,ROBBERY,16,4
41.749871294,-87.648866987,ROBBERY,23,4
41.940251326,-87.649275328,THEFT,22,4
41.903894777,-87.631814251,THEFT,13,4
41.778513418,-87.69459276,ROBBERY,12,4
41.93800539,-87.738233301,ROBBERY,8,4
41.740473469,-87.637681301,ROBBERY,10,4
41.974898164,-87.690317378,ROBBERY,5,4
41.721326098,-87.653682861,ROBBERY,21,4
41.971348064,-87.686569114,ROBBERY,6,4
41.967007808,-87.673257867,ROBBERY,5,4
42.004517746,-87.66182153,ROBBERY,23,4
41.994717931,-87.704398525,ROBBERY,3,4
41.933896665,-87.700648689,ROBBERY,1,4
41.915604239,-87.703250642,ROBBERY,0,4
41.963352217,-87.761150766,ROBBERY,21,4
41.791624657,-87.675452689,ROBBERY,2,4
41.753234637,-87.555531663,ROBBERY,21,4
41.758338193,-87.583475305,ROBBERY,20,4
41.802194819,-87.609602194,ROBBERY,21,4
41.966732615,-87.695451785,ROBBERY,21,4
41.686460463,-87.633734743,ROBBERY,17,4
41.769496324,-87.670011543,ROBBERY,16,4
41.888030301,-87.760387434,ROBBERY,20,4
41.894732361,-87.773869653,ROBBERY,18,4
41.947225886,-87.655545441,THEFT,13,4
41.758991698,-87.566072806,THEFT,10,4
41.882774244,-87.629427024,THEFT,13,4
41.884276844,-87.622098929,THEFT,15,4
41.802370227,-87.59618765,ROBBERY,19,4
41.794981481,-87.730049088,ROBBERY,14,4
41.874032339,-87.747962426,ROBBERY,11,4
42.011917847,-87.665890677,ROBBERY,23,4
41.939680604,-87.669864264,ROBBERY,10,4
41.897729336,-87.717608236,ROBBERY,11,4
41.87663264,-87.649873412,ROBBERY,16,4
41.74899896,-87.605175838,THEFT,12,4
41.747674239,-87.600980265,ROBBERY,20,4
41.978900521,-87.779540199,ROBBERY,16,4
41.965084604,-87.688798202,ROBBERY,3,4
41.752457139,-87.644394109,ROBBERY,4,4
41.912832454,-87.705735789,ROBBERY,4,4
41.866341647,-87.711176328,THEFT,21,4
41.876795906,-87.745297106,ROBBERY,21,4
41.927217935,-87.732979389,ROBBERY,2,4
41.927170932,-87.715836919,ROBBERY,2,4
41.842653936,-87.707776274,ROBBERY,0,4
41.877684482,-87.62065919,ROBBERY,21,4
41.837744952,-87.730451281,ROBBERY,0,4
41.923415537,-87.727962492,ROBBERY,19,4
41.657559722,-87.613280429,ROBBERY,23,4
41.885901992,-87.632455489,THEFT,18,4
41.879909765,-87.62772157,ROBBERY,17,4
41.882381731,-87.629412971,THEFT,16,4
41.898532573,-87.76149836,ROBBERY,10,4
41.904976105,-87.728827339,ROBBERY,12,4
41.905958072,-87.680617097,ROBBERY,22,4
41.685224059,-87.630797384,ROBBERY,11,4
41.812610526,-87.723765071,ROBBERY,9,4
41.968289813,-87.723452492,ROBBERY,0,4
41.76573639,-87.66381882,ROBBERY,10,4
41.768727829,-87.624945647,THEFT,9,4
41.884485451,-87.628783943,ROBBERY,22,4
41.87686658,-87.743559644,ROBBERY,23,4
41.888993854,-87.626934833,THEFT,18,3
41.777650931,-87.783001825,ROBBERY,0,4
41.736599019,-87.575707974,ROBBERY,2,4
41.885700244,-87.641726854,THEFT,20,4
41.824806507,-87.603785506,ROBBERY,18,4
41.873330646,-87.725409853,ROBBERY,19,4
41.891412551,-87.647934597,THEFT,18,4
41.900348864,-87.762521688,ROBBERY,16,4
42.02253408,-87.673787937,ROBBERY,17,4
41.885481891,-87.627935689,THEFT,9,4
41.885741029,-87.631711749,THEFT,19,4
41.877801855,-87.627667648,ROBBERY,19,4
41.885730695,-87.634517583,THEFT,13,4
41.878324086,-87.621133113,ROBBERY,19,4
41.885481891,-87.627935689,THEFT,15,4
41.877826552,-87.627667376,THEFT,14,4
41.882381731,-87.629412971,THEFT,12,4
41.867428461,-87.626305854,THEFT,21,4
41.889335026,-87.636964662,THEFT,12,4
41.744544638,-87.734900382,ROBBERY,13,4
41.808578073,-87.667697497,ROBBERY,12,4
41.759424819,-87.635735691,THEFT,12,4
41.877019038,-87.731161842,ROBBERY,20,4
41.759609622,-87.558372185,ROBBERY,20,3
41.793274353,-87.595980176,ROBBERY,20,4
41.928326053,-87.711224856,ROBBERY,8,4
41.920288976,-87.768726446,ROBBERY,4,4
41.750794483,-87.633560686,ROBBERY,19,4
41.867727347,-87.699605371,ROBBERY,23,4
41.732214483,-87.625328663,ROBBERY,20,4
41.81898444,-87.641241888,ROBBERY,17,4
41.76523231,-87.566496968,ROBBERY,15,4
41.909375335,-87.765979125,ROBBERY,12,4
41.807285018,-87.60432545,ROBBERY,2,4
41.746844283,-87.624420391,ROBBERY,18,4
41.779012821,-87.664208692,ROBBERY,18,4
42.019361825,-87.668558186,THEFT,19,4
41.771676658,-87.572388286,ROBBERY,19,4
41.698040183,-87.624110779,ROBBERY,0,4
41.801911414,-87.591843116,ROBBERY,21,4
41.88171846,-87.627760426,THEFT,18,4
41.890206336,-87.634031756,THEFT,18,4
41.769417774,-87.569856281,ROBBERY,16,4
41.885741029,-87.631711749,THEFT,17,4
41.938569987,-87.766845105,ROBBERY,16,4
41.950974288,-87.747247947,ROBBERY,15,4
41.914510925,-87.726481495,ROBBERY,15,4
41.882381731,-87.629412971,THEFT,13,4
41.924142132,-87.699370763,THEFT,22,4
41.773365928,-87.583472595,ROBBERY,12,4
41.888934107,-87.75619259,ROBBERY,18,4
41.853700347,-87.680785303,ROBBERY,10,4
41.779838702,-87.63920651,ROBBERY,23,4
41.83190631,-87.675172468,THEFT,10,4
41.852198325,-87.674377204,ROBBERY,7,4
41.922575921,-87.768371902,ROBBERY,22,4
41.867708118,-87.69960189,ROBBERY,22,4
41.675687748,-87.628598683,ROBBERY,18,4
41.88837217,-87.628032433,ROBBERY,22,4
41.879309228,-87.760417606,ROBBERY,18,4
41.852732872,-87.711176088,ROBBERY,21,4
41.88296507,-87.773314984,ROBBERY,21,4
41.87504551,-87.743242252,ROBBERY,3,4
41.912809573,-87.694618587,ROBBERY,22,4
42.005196588,-87.680552946,ROBBERY,22,4
41.870819112,-87.719118561,ROBBERY,2,4
41.945361403,-87.766737201,ROBBERY,0,4
41.764632089,-87.628311641,ROBBERY,22,4
41.895865841,-87.731032579,ROBBERY,23,4
41.817039698,-87.684664675,ROBBERY,12,4
41.953479156,-87.669026355,ROBBERY,17,4
41.750637386,-87.644347603,ROBBERY,15,4
41.749833131,-87.641578395,ROBBERY,21,4
41.7505606,-87.649409369,ROBBERY,18,4
41.774327672,-87.742142692,THEFT,17,4
41.91027426,-87.69123823,ROBBERY,11,4
41.828190659,-87.609063634,ROBBERY,2,4
41.896685066,-87.627683859,THEFT,16,4
41.97008868,-87.762690091,ROBBERY,19,4
41.720300783,-87.574078953,ROBBERY,12,4
41.766637378,-87.637182455,ROBBERY,9,4
41.93422922,-87.724600341,ROBBERY,11,4
41.886778688,-87.649049147,ROBBERY,3,4
41.874221033,-87.736108264,ROBBERY,3,4
41.902801495,-87.772961683,ROBBERY,3,4
41.968359446,-87.717476444,ROBBERY,1,4
41.888351553,-87.751687917,ROBBERY,3,4
41.904370109,-87.631460067,ROBBERY,22,4
42.014512189,-87.678466914,ROBBERY,22,4
41.934245847,-87.715893636,ROBBERY,20,4
41.873620574,-87.711392136,ROBBERY,21,4
41.913757594,-87.702791182,ROBBERY,11,4
41.76465077,-87.686043036,ROBBERY,21,4
41.883216462,-87.629043927,THEFT,18,4
41.881883933,-87.640060441,THEFT,18,4
41.891017228,-87.773424619,ROBBERY,21,4
41.884276844,-87.622098929,THEFT,15,4
41.896568854,-87.636063322,THEFT,17,4
41.873920593,-87.756793989,ROBBERY,15,4
41.882381731,-87.629412971,THEFT,13,4
41.908849952,-87.646645976,THEFT,13,4
41.691462292,-87.707299133,ROBBERY,10,4
41.88068906,-87.728733158,THEFT,0,4
41.750331632,-87.665063663,ROBBERY,17,4
41.880779076,-87.721377025,ROBBERY,11,4
41.858007387,-87.652641345,ROBBERY,5,4
41.882381731,-87.629412971,THEFT,8,4
41.885888079,-87.627942238,THEFT,17,4
41.879636208,-87.736256136,ROBBERY,6,4
41.895640203,-87.69881528,ROBBERY,17,4
41.736342753,-87.623238875,ROBBERY,17,4
41.895420644,-87.720539406,ROBBERY,22,4
41.853619531,-87.670982016,ROBBERY,20,4
41.702737032,-87.535974085,ROBBERY,17,4
41.860115962,-87.733552393,ROBBERY,18,4
41.870616115,-87.715551756,ROBBERY,19,4
41.773491075,-87.572454824,ROBBERY,17,4
41.931962854,-87.712876373,ROBBERY,19,4
41.841381539,-87.625220136,ROBBERY,15,4
41.71938576,-87.62860862,ROBBERY,18,4
41.703204,-87.650219056,ROBBERY,12,4
41.875588919,-87.632421308,ROBBERY,15,4
41.737506567,-87.585216242,ROBBERY,15,4
41.949959892,-87.657538332,ROBBERY,3,4
41.750212539,-87.674856918,THEFT,13,4
41.827185501,-87.621674516,ROBBERY,14,4
41.885741529,-87.631344503,THEFT,14,4
41.901861668,-87.72627803,ROBBERY,18,4
41.751461211,-87.663465111,ROBBERY,11,4
41.873075866,-87.764600261,ROBBERY,2,4
41.923694071,-87.64445478,ROBBERY,0,4
41.872284893,-87.628840842,ROBBERY,0,4
41.931954787,-87.655159557,ROBBERY,0,4
41.863595281,-87.728765736,ROBBERY,23,4
41.839963582,-87.661445613,ROBBERY,22,4
41.875254895,-87.627618559,ROBBERY,21,4
41.893819002,-87.773403822,THEFT,11,4
41.866585016,-87.771710408,ROBBERY,8,4
41.967538619,-87.713340244,ROBBERY,6,4
41.886491131,-87.743651082,ROBBERY,15,4
41.880486258,-87.725665179,ROBBERY,17,4
41.866742491,-87.727638357,ROBBERY,16,4
41.694645646,-87.708293492,ROBBERY,17,4
41.86625461,-87.718967674,ROBBERY,14,4
41.902370457,-87.76565911,THEFT,14,4
41.88033698,-87.629365643,THEFT,14,4
41.902522915,-87.63140683,THEFT,15,4
41.882381731,-87.629412971,THEFT,16,4
41.808969729,-87.613857873,ROBBERY,13,3
41.875357588,-87.628700615,THEFT,11,4
41.756356541,-87.561471612,ROBBERY,9,4
41.80829274,-87.622811656,ROBBERY,7,4
41.904370109,-87.631460067,THEFT,9,4
41.885741529,-87.631344503,THEFT,10,4
41.808682769,-87.630898966,THEFT,2,4
41.884485203,-87.62874355,THEFT,13,4
41.775140057,-87.752920906,ROBBERY,23,4
41.898957537,-87.769186204,ROBBERY,20,4
41.87154768,-87.735494291,ROBBERY,20,4
41.769449202,-87.659088027,ROBBERY,21,4
41.875924475,-87.725506443,ROBBERY,0,4
41.938969917,-87.652530783,ROBBERY,23,4
41.938465523,-87.700599853,ROBBERY,22,4
41.903894777,-87.631814251,THEFT,15,4
41.891791478,-87.620917415,THEFT,19,4
41.854923175,-87.732378584,ROBBERY,16,4
41.747671962,-87.601053582,ROBBERY,19,4
41.939302309,-87.711614371,ROBBERY,16,4
41.821610138,-87.604760988,ROBBERY,20,4
41.890465282,-87.646471978,ROBBERY,16,4
41.76607509,-87.578139784,ROBBERY,19,4
41.964858499,-87.689094638,ROBBERY,19,4
41.812957211,-87.706091793,ROBBERY,10,4
41.814618297,-87.704230406,THEFT,5,4
41.809305232,-87.606558389,ROBBERY,22,4
41.735546485,-87.648487847,ROBBERY,3,4
41.803913331,-87.655121433,ROBBERY,20,4
41.855797543,-87.715118088,ROBBERY,20,4
41.89200307,-87.628076963,ROBBERY,18,4
41.910857665,-87.651995629,ROBBERY,15,4
41.899989717,-87.625105604,THEFT,18,4
41.815840179,-87.606689941,ROBBERY,18,4
41.939918899,-87.653369734,THEFT,1,4
41.895505083,-87.71174182,ROBBERY,19,4
41.922039747,-87.697330182,THEFT,4,4
41.916656651,-87.66656088,ROBBERY,6,4
41.880691384,-87.631223519,THEFT,13,4
41.811454207,-87.694298619,ROBBERY,11,4
42.018222741,-87.664735462,ROBBERY,3,4
41.974817339,-87.713541791,ROBBERY,17,4
41.925310736,-87.709310242,ROBBERY,14,4
41.893936034,-87.624232231,THEFT,16,4
41.74899896,-87.605175838,ROBBERY,4,4
41.746784577,-87.602624733,ROBBERY,11,4
41.791803761,-87.66088535,ROBBERY,4,4
41.912012518,-87.771554836,ROBBERY,15,4
41.749899475,-87.663426378,ROBBERY,0,4
41.729618252,-87.551244573,ROBBERY,22,4
41.99818074,-87.661236997,THEFT,0,4
41.865167149,-87.734940639,ROBBERY,23,4
41.763453065,-87.573376159,ROBBERY,22,4
41.873619376,-87.745017799,ROBBERY,22,4
41.670217489,-87.617370501,ROBBERY,20,4
41.96113853,-87.712214704,ROBBERY,4,4
41.776547155,-87.688456757,THEFT,17,4
41.881556538,-87.627758535,THEFT,8,3
41.910676312,-87.649187069,ROBBERY,20,4
41.882114362,-87.632361012,THEFT,12,4
41.719198602,-87.653573414,ROBBERY,19,4
41.885521843,-87.743006307,ROBBERY,20,4
41.888934365,-87.756244004,ROBBERY,16,4
41.722768379,-87.624410361,THEFT,23,3
41.903354381,-87.666864606,THEFT,2,4
42.02059812,-87.666436575,ROBBERY,17,3
41.883221997,-87.625926112,THEFT,14,4
41.778883826,-87.664206366,THEFT,15,4
41.853131574,-87.73455731,ROBBERY,4,4
41.876196592,-87.724035116,ROBBERY,9,4
41.885481891,-87.627935689,THEFT,17,3
41.994608883,-87.699540077,THEFT,13,4
41.893094286,-87.772231169,ROBBERY,23,4
41.898651627,-87.711538668,ROBBERY,12,4
41.878451688,-87.635210117,ROBBERY,6,3
41.697362052,-87.642536442,ROBBERY,23,4
41.8926701,-87.628106353,THEFT,23,4
41.753285619,-87.655416451,ROBBERY,8,4
41.885312381,-87.667573631,ROBBERY,0,4
41.953885576,-87.65453007,THEFT,9,4
41.807910926,-87.720409418,THEFT,6,3
41.968587464,-87.691962031,THEFT,18,4
41.811016677,-87.613812958,ROBBERY,13,3
41.925398601,-87.652337017,THEFT,7,3
41.761956093,-87.683167164,ROBBERY,18,4
41.901555289,-87.765633271,ROBBERY,19,4
41.896442307,-87.655722728,THEFT,16,3
41.881348623,-87.674525788,THEFT,23,3
41.885741529,-87.631344503,THEFT,13,4
41.799701947,-87.7233483,THEFT,15,4
41.859781121,-87.733544509,ROBBERY,13,3
41.919642305,-87.769481717,ROBBERY,5,4
41.841622651,-87.617191438,ROBBERY,12,4
41.958223202,-87.752391243,ROBBERY,19,3
41.885481891,-87.627935689,THEFT,2,3
41.935182409,-87.651523621,ROBBERY,2,4
41.781004022,-87.688969401,ROBBERY,12,4
41.883089354,-87.748695008,ROBBERY,23,3
41.787376424,-87.624685384,ROBBERY,7,4
41.805099569,-87.595144052,ROBBERY,5,4
41.886012928,-87.629505318,ROBBERY,4,4
41.806888291,-87.743130873,ROBBERY,0,4
41.793883294,-87.677387858,ROBBERY,22,4
41.789168928,-87.703434226,ROBBERY,23,4
41.90352381,-87.66674162,THEFT,17,1
41.826298221,-87.638110504,ROBBERY,20,4
41.744946864,-87.629149986,ROBBERY,4,4
41.782305334,-87.693480841,ROBBERY,21,3
41.701890189,-87.538914084,ROBBERY,3,4
41.80779181,-87.703963414,ROBBERY,23,3
41.793670175,-87.663755557,ROBBERY,22,3
41.787416081,-87.683856015,ROBBERY,20,3
41.721895856,-87.613841024,ROBBERY,19,3
41.873907046,-87.725430093,ROBBERY,19,3
41.885481891,-87.627935689,THEFT,19,3
41.903700111,-87.644078325,THEFT,20,3
41.892017399,-87.624165306,THEFT,17,3
41.909608631,-87.747406059,ROBBERY,15,3
41.654730355,-87.545912193,ROBBERY,1,3
41.890051565,-87.62891376,THEFT,3,3
41.852002281,-87.688672081,ROBBERY,12,3
41.884389103,-87.706866213,ROBBERY,21,3
41.893179585,-87.634686145,ROBBERY,3,4
41.893179585,-87.634686145,THEFT,3,4
41.711519517,-87.619992506,ROBBERY,10,3
41.879389102,-87.702358034,ROBBERY,0,3
41.812078637,-87.621287866,ROBBERY,18,3
41.82386008,-87.615162409,ROBBERY,4,3
41.882699119,-87.669341402,ROBBERY,2,3
41.808113645,-87.70460216,ROBBERY,4,3
41.798909766,-87.596627061,ROBBERY,13,3
41.878841227,-87.761773092,ROBBERY,16,3
41.8744162,-87.638591667,ROBBERY,6,3
41.897966193,-87.631644061,THEFT,14,3
41.884497529,-87.625838595,ROBBERY,21,3
41.83867811,-87.728383806,ROBBERY,18,3
41.783084356,-87.618924839,ROBBERY,18,3
41.907765616,-87.730130895,ROBBERY,21,3
41.799067272,-87.653786234,ROBBERY,17,3
41.804168606,-87.656061353,ROBBERY,19,3
41.993907283,-87.667701163,ROBBERY,14,3
41.980727475,-87.656532686,ROBBERY,17,3
41.881624191,-87.629391908,THEFT,12,3
41.914434094,-87.654430232,ROBBERY,18,3
41.897837503,-87.624097243,THEFT,16,3
41.758214815,-87.624119338,ROBBERY,12,3
41.718218277,-87.56464965,ROBBERY,18,3
41.692569603,-87.624372254,ROBBERY,9,3
41.911124622,-87.637932903,ROBBERY,0,3
41.911121846,-87.649810542,ROBBERY,0,3
41.911121846,-87.649810542,ROBBERY,0,3
41.911121846,-87.649810542,ROBBERY,0,3
41.880779213,-87.721402728,THEFT,20,3
41.879509982,-87.626525207,THEFT,16,3
41.875602118,-87.631437114,ROBBERY,19,3
41.876141039,-87.728581417,ROBBERY,6,3
41.784524829,-87.660701084,ROBBERY,19,3
41.805713317,-87.618420416,ROBBERY,11,3
41.934343648,-87.702584779,ROBBERY,12,3
41.90352381,-87.66674162,THEFT,14,3
41.886843497,-87.765098817,THEFT,14,3
41.954170882,-87.677651219,ROBBERY,12,3
41.913270306,-87.632916661,ROBBERY,15,3
41.875066021,-87.741362098,ROBBERY,15,3
41.874255627,-87.725441476,ROBBERY,15,3
41.755358678,-87.663560189,ROBBERY,14,3
41.791281871,-87.694953727,ROBBERY,10,3
41.882381731,-87.629412971,THEFT,15,3
41.881722193,-87.624356274,THEFT,13,3
41.875820724,-87.647175913,ROBBERY,22,3
41.875039202,-87.743616835,ROBBERY,2,3
41.895493662,-87.642054613,ROBBERY,3,3
41.890037052,-87.709440657,ROBBERY,1,3
41.897299216,-87.767907874,THEFT,3,3
41.773065672,-87.569966992,ROBBERY,21,3
41.886039995,-87.64027258,ROBBERY,0,3
41.699584978,-87.628081503,ROBBERY,1,3
41.89224877,-87.647345357,ROBBERY,0,3
41.895271296,-87.642953212,ROBBERY,23,3
41.881029689,-87.725678391,ROBBERY,21,3
41.966901394,-87.725550637,ROBBERY,21,3
41.882005477,-87.628917682,THEFT,16,3
41.809428874,-87.613555623,ROBBERY,20,3
41.850929411,-87.635179127,ROBBERY,18,3
41.751164599,-87.612198632,ROBBERY,16,3
41.771431667,-87.682111024,ROBBERY,17,3
41.895987813,-87.722432928,ROBBERY,20,3
41.812744104,-87.604439626,ROBBERY,14,3
41.936464326,-87.72226363,ROBBERY,18,3
41.706987456,-87.620244029,ROBBERY,17,3
41.943552694,-87.688162342,ROBBERY,16,3
41.791985104,-87.686736206,ROBBERY,21,3
41.805462577,-87.604287425,ROBBERY,15,3
41.92363026,-87.709124514,ROBBERY,14,3
41.771949874,-87.649442482,ROBBERY,15,3
41.754179095,-87.615027175,ROBBERY,15,3
41.886690285,-87.755294667,ROBBERY,22,3
41.903892302,-87.631858359,THEFT,11,3
41.877587014,-87.706025679,ROBBERY,13,3
41.827617459,-87.677649006,ROBBERY,6,3
41.750657714,-87.614956494,ROBBERY,11,3
41.991240715,-87.660305789,ROBBERY,20,3
41.784286513,-87.663123542,ROBBERY,8,3
41.892781593,-87.70647202,ROBBERY,7,3
41.951557351,-87.748577065,ROBBERY,8,3
41.903916987,-87.630509932,ROBBERY,18,3
41.722132151,-87.661484055,ROBBERY,14,3
41.938746324,-87.806773768,ROBBERY,19,3
41.904810485,-87.755832889,ROBBERY,18,3
41.896772914,-87.621464432,THEFT,12,3
41.87766908,-87.629284766,THEFT,18,3
41.881988297,-87.630144384,ROBBERY,19,3
41.906054951,-87.628752556,THEFT,1,3
41.909407901,-87.763135333,ROBBERY,14,3
41.909384533,-87.765064273,ROBBERY,15,3
41.939149955,-87.722598187,ROBBERY,14,3
41.800844982,-87.603584253,ROBBERY,16,3
41.881556538,-87.627758535,THEFT,13,3
41.897741799,-87.705215062,ROBBERY,13,3
41.978167407,-87.658442787,ROBBERY,10,3
41.925398601,-87.652337017,THEFT,17,3
41.933812673,-87.776056774,ROBBERY,6,3
41.893977097,-87.765362478,ROBBERY,14,3
41.92971278,-87.640909864,ROBBERY,10,3
41.894860447,-87.764194002,ROBBERY,11,3
41.892215608,-87.751718973,ROBBERY,7,3
41.874689829,-87.745055715,ROBBERY,11,3
41.874974798,-87.725475051,ROBBERY,3,3
41.870932257,-87.744921277,ROBBERY,3,3
41.866184642,-87.724379838,ROBBERY,1,3
41.884673532,-87.726099237,ROBBERY,23,3
41.841343354,-87.637833902,ROBBERY,22,3
41.750592186,-87.710459277,ROBBERY,21,3
41.751275763,-87.566227001,ROBBERY,21,3
41.861683236,-87.710410189,ROBBERY,5,3
41.889199661,-87.631857533,ROBBERY,21,3
41.836281165,-87.729199011,ROBBERY,23,3
41.764682386,-87.663785792,ROBBERY,23,3
41.65685118,-87.602332155,ROBBERY,17,3
41.680418426,-87.662437948,ROBBERY,16,3
41.748916147,-87.58713596,ROBBERY,15,3
41.745008872,-87.655430238,ROBBERY,15,3
41.821536978,-87.621542622,ROBBERY,14,3
41.869685684,-87.715527672,ROBBERY,18,3
41.844291726,-87.721431241,ROBBERY,9,3
41.782743834,-87.650937399,ROBBERY,0,3
41.962357355,-87.655528491,THEFT,14,3
41.829580097,-87.680142381,THEFT,18,3
41.764142431,-87.689347071,ROBBERY,17,3
41.933177432,-87.644801107,THEFT,18,3
41.896638523,-87.696726457,ROBBERY,18,3
41.763647552,-87.722344693,THEFT,15,3
41.825801238,-87.606155381,ROBBERY,15,3
41.958750177,-87.713065134,ROBBERY,14,3
41.881944424,-87.634195294,ROBBERY,21,3
41.937246945,-87.720815413,ROBBERY,23,3
41.980722007,-87.657934011,ROBBERY,21,3
41.881039549,-87.62937262,THEFT,17,3
41.757006621,-87.670895174,THEFT,11,3
41.897211487,-87.625823165,THEFT,16,3
41.869433264,-87.655688627,ROBBERY,16,3
41.728773963,-87.594941458,ROBBERY,7,3
41.904370109,-87.631460067,THEFT,8,3
41.93991842,-87.653288878,ROBBERY,5,3
41.884163773,-87.686516386,ROBBERY,0,3
41.885741029,-87.631711749,THEFT,18,3
41.804103811,-87.660914464,ROBBERY,6,3
41.745368292,-87.602589491,ROBBERY,20,3
41.767414241,-87.589487591,ROBBERY,2,3
41.684946623,-87.652180462,ROBBERY,23,3
41.809125265,-87.631906508,THEFT,4,3
41.778438407,-87.741565994,ROBBERY,3,3
41.894366398,-87.719939781,ROBBERY,2,3
41.886809001,-87.643565821,ROBBERY,0,3
41.90707646,-87.63967773,ROBBERY,18,3
41.871674977,-87.721625422,ROBBERY,10,3
41.877211317,-87.683858256,ROBBERY,15,3
41.903161441,-87.718867458,ROBBERY,1,3
41.846388253,-87.635276214,ROBBERY,0,3
41.865493866,-87.717833196,ROBBERY,21,3
41.74588851,-87.561281869,ROBBERY,21,3
41.807999578,-87.664956176,ROBBERY,14,3
41.784507232,-87.661914922,ROBBERY,15,3
42.011295403,-87.693935956,ROBBERY,21,3
41.905506524,-87.713022395,ROBBERY,17,3
41.868850524,-87.705743956,ROBBERY,19,3
41.998375714,-87.670700712,THEFT,2,3
41.810481067,-87.743229946,ROBBERY,20,3
41.87766908,-87.629284766,THEFT,15,3
41.885741029,-87.631711749,THEFT,15,3
41.750131317,-87.646452871,ROBBERY,20,3
41.88090842,-87.711736421,ROBBERY,13,3
41.890013524,-87.631664996,ROBBERY,2,3
41.891650811,-87.629256118,THEFT,10,3
41.890851747,-87.628728678,ROBBERY,2,3
41.713305705,-87.63693415,ROBBERY,6,3
41.913764857,-87.687312456,ROBBERY,22,3
41.780912085,-87.652104411,ROBBERY,21,3
41.944514072,-87.650361903,ROBBERY,23,3
41.733229494,-87.652047941,ROBBERY,6,3
41.880656741,-87.731461853,ROBBERY,2,3
41.893179585,-87.634686145,ROBBERY,3,3
41.877788135,-87.627667799,ROBBERY,21,3
42.019385566,-87.673147017,ROBBERY,22,3
41.944102808,-87.6639372,ROBBERY,1,3
41.871811902,-87.627340674,ROBBERY,17,3
41.902506336,-87.68701454,ROBBERY,22,3
41.903892302,-87.631858359,ROBBERY,21,3
41.88410974,-87.658060119,ROBBERY,22,3
41.897211487,-87.625823165,THEFT,19,3
41.774214482,-87.5903182,ROBBERY,17,3
41.897895128,-87.624096605,THEFT,15,3
41.82372869,-87.693193323,ROBBERY,17,3
41.998375714,-87.670700712,THEFT,2,3
41.722610856,-87.660281232,ROBBERY,20,3
41.875286899,-87.67649739,ROBBERY,23,3
41.891412551,-87.647934597,THEFT,17,3
41.807285018,-87.60432545,ROBBERY,17,3
41.782615834,-87.649717805,ROBBERY,12,3
41.897895128,-87.624096605,THEFT,14,3
41.922750548,-87.644994062,THEFT,2,3
41.800918602,-87.597058829,ROBBERY,23,3
41.750240011,-87.610054152,ROBBERY,16,3
41.91417061,-87.708566391,ROBBERY,11,3
41.892479421,-87.627443675,ROBBERY,0,3
41.880716129,-87.726581034,ROBBERY,4,3
41.890051565,-87.62891376,THEFT,0,3
41.876860431,-87.725537965,ROBBERY,0,3
41.936979799,-87.641875057,ROBBERY,23,3
41.686214418,-87.624039314,ROBBERY,20,3
41.73910936,-87.721580723,ROBBERY,21,3
41.763603369,-87.630166617,ROBBERY,19,3
41.743070201,-87.605008314,ROBBERY,15,3
41.774888766,-87.698159165,ROBBERY,18,3
41.90317204,-87.628960576,ROBBERY,3,3
41.766798264,-87.629805491,THEFT,15,3
41.750832464,-87.605224746,ROBBERY,14,3
41.710285239,-87.630791935,ROBBERY,15,3
41.94979807,-87.745306716,ROBBERY,15,3
41.88033698,-87.629365643,THEFT,14,3
41.884486956,-87.628581948,THEFT,15,3
41.854649511,-87.705335883,ROBBERY,13,3
41.902698633,-87.723166088,ROBBERY,22,3
41.794389181,-87.603818846,THEFT,4,3
41.755617231,-87.644169735,ROBBERY,22,3
41.924488265,-87.699933231,THEFT,1,3
41.90316534,-87.629210442,THEFT,1,3
41.939196007,-87.71888551,ROBBERY,19,3
41.923543789,-87.802114468,ROBBERY,7,3
41.947168296,-87.657880271,THEFT,4,3
41.881665352,-87.629391457,ROBBERY,23,3
41.807405538,-87.59355871,ROBBERY,12,3
41.939323599,-87.649244813,ROBBERY,4,3
41.695303064,-87.624389836,ROBBERY,5,3
41.917838162,-87.638124566,ROBBERY,1,3
41.883541976,-87.624413274,ROBBERY,13,3
41.885481891,-87.627935689,ROBBERY,1,3
41.881556538,-87.627758535,ROBBERY,23,3
41.798123794,-87.625252796,ROBBERY,16,3
41.918426935,-87.672777718,ROBBERY,17,3
41.866341527,-87.711154301,ROBBERY,17,3
41.89513029,-87.738914309,ROBBERY,22,3
41.880658311,-87.731237838,ROBBERY,1,3
41.904674107,-87.634509412,THEFT,17,3
41.794314695,-87.62524705,THEFT,1,3
41.786480243,-87.689211574,ROBBERY,10,3
42.015975005,-87.671320264,ROBBERY,16,3
41.880630834,-87.774672021,ROBBERY,20,3
41.753634383,-87.559459234,ROBBERY,23,3
41.754592961,-87.741528537,ROBBERY,12,3
41.77669942,-87.689672405,ROBBERY,12,3
41.773581981,-87.650700915,THEFT,1,3
41.778637177,-87.724460872,ROBBERY,6,3
41.737102971,-87.604833921,ROBBERY,18,3
41.722768379,-87.624410361,THEFT,3,3
41.877906907,-87.731443592,ROBBERY,10,3
41.673378256,-87.626120222,ROBBERY,6,3
41.655616595,-87.614136394,ROBBERY,6,3
41.745534625,-87.550351535,ROBBERY,8,3
41.782827323,-87.689163805,ROBBERY,8,3
41.881883933,-87.640060441,THEFT,23,3
41.892381116,-87.703996798,ROBBERY,22,3
41.897500961,-87.692912571,ROBBERY,22,3
41.912900329,-87.633897981,ROBBERY,21,3
41.885487535,-87.726422045,ROBBERY,20,3
41.703230009,-87.628173505,ROBBERY,20,3
41.671401054,-87.641694057,ROBBERY,16,3
41.795512652,-87.591132085,ROBBERY,2,3
41.761616123,-87.640949704,ROBBERY,22,3
41.761706086,-87.60317387,ROBBERY,18,3
41.867323587,-87.702032458,ROBBERY,20,3
41.786735319,-87.665162422,ROBBERY,18,3
41.794533814,-87.631438536,THEFT,18,3
42.015975005,-87.671320264,ROBBERY,19,3
41.878260207,-87.625448401,THEFT,9,3
41.873907046,-87.725430093,ROBBERY,13,3
41.902939104,-87.695209206,ROBBERY,17,3
41.903950336,-87.726335388,ROBBERY,13,3
41.767726292,-87.663867778,ROBBERY,21,3
41.759395182,-87.559536631,ROBBERY,6,3
41.879134117,-87.71094944,THEFT,9,3
41.763659787,-87.626837782,ROBBERY,9,3
41.729921461,-87.602727947,ROBBERY,11,3
41.671832012,-87.645367971,ROBBERY,8,3
41.797936811,-87.606301777,ROBBERY,2,3
41.933643525,-87.724896248,ROBBERY,1,3
41.775554107,-87.722678967,ROBBERY,0,3
41.882446221,-87.627847897,THEFT,9,3
41.924248302,-87.745636923,THEFT,16,3
41.884605144,-87.774802655,ROBBERY,21,3
41.874885305,-87.737725014,ROBBERY,21,3
41.943056436,-87.649362967,THEFT,11,3
41.70897898,-87.624096767,ROBBERY,13,3
41.8489918,-87.71004518,ROBBERY,21,3
41.823281924,-87.671977185,ROBBERY,21,3
41.874850606,-87.735272577,ROBBERY,17,3
41.747674239,-87.600980265,ROBBERY,16,3
41.897895128,-87.624096605,THEFT,18,3
41.914012315,-87.727680281,ROBBERY,19,3
41.897895128,-87.624096605,THEFT,19,3
41.808131308,-87.703318194,ROBBERY,13,3
41.782471379,-87.648502057,ROBBERY,2,3
41.881558311,-87.629388959,THEFT,15,3
41.97008868,-87.762690091,THEFT,4,3
41.760610638,-87.563172627,ROBBERY,13,3
41.88136236,-87.647344302,ROBBERY,18,3
41.779529418,-87.703150936,ROBBERY,18,3
41.764180841,-87.686901815,ROBBERY,14,3
41.821369569,-87.613176107,ROBBERY,9,3
41.981051896,-87.668375719,ROBBERY,14,3
41.898767916,-87.624116333,THEFT,18,3
41.768025337,-87.571760617,ROBBERY,0,3
41.893646656,-87.631177143,ROBBERY,13,3
41.983673036,-87.657174571,ROBBERY,20,3
41.896657751,-87.696729939,ROBBERY,0,3
41.916086557,-87.669524508,ROBBERY,0,3
41.868165405,-87.62743954,ROBBERY,17,3
41.895372185,-87.725362479,ROBBERY,23,3
41.872784897,-87.764584482,ROBBERY,8,3
41.896175186,-87.632703129,ROBBERY,1,3
41.911124622,-87.637932903,ROBBERY,6,3
41.673679306,-87.641768497,ROBBERY,3,3
41.894842455,-87.766104092,ROBBERY,15,3
41.885481891,-87.627935689,THEFT,3,3
41.720188095,-87.575300047,ROBBERY,22,3
41.878638996,-87.627691486,ROBBERY,19,3
41.764828675,-87.654110993,ROBBERY,15,3
41.946655022,-87.703231701,ROBBERY,4,3
41.997704166,-87.691607202,ROBBERY,0,3
41.779202398,-87.687748217,ROBBERY,15,3
41.702752315,-87.539767696,ROBBERY,17,3
41.970682839,-87.712206567,ROBBERY,4,3
41.780701922,-87.673936459,ROBBERY,18,3
41.895389368,-87.723944549,ROBBERY,16,3
41.721005667,-87.643202686,THEFT,9,3
41.871011224,-87.757796773,THEFT,12,3
41.751342079,-87.56137777,ROBBERY,10,3
41.895549905,-87.706859996,ROBBERY,15,3
41.880367915,-87.755370011,ROBBERY,22,3
41.972001371,-87.717544328,ROBBERY,5,3
41.736733485,-87.665519748,ROBBERY,6,3
41.739179666,-87.638838448,ROBBERY,6,3
42.022548774,-87.675870822,ROBBERY,6,3
41.756770198,-87.653906431,ROBBERY,21,3
41.883242868,-87.735866347,ROBBERY,5,3
41.979365917,-87.712791549,ROBBERY,23,3
41.954409363,-87.705589075,ROBBERY,4,3
41.964708116,-87.707550755,ROBBERY,4,3
41.961282922,-87.738443258,ROBBERY,3,3
41.963412246,-87.711986716,ROBBERY,3,3
41.969004246,-87.713381191,ROBBERY,4,3
41.964709376,-87.71844922,ROBBERY,4,3
41.760790915,-87.666135373,ROBBERY,5,3
41.789471642,-87.665680377,ROBBERY,1,3
41.907000586,-87.6667128,ROBBERY,3,3
42.013214787,-87.683400035,ROBBERY,1,3
41.997135222,-87.658433708,ROBBERY,0,3
42.006671334,-87.666898476,ROBBERY,0,3
41.780569671,-87.703181081,ROBBERY,4,3
41.722768379,-87.624410361,THEFT,1,3
41.802008996,-87.622030193,ROBBERY,23,3
41.922913834,-87.645223803,THEFT,0,3
41.809518931,-87.607370281,ROBBERY,20,3
41.90412856,-87.696909199,THEFT,17,3
41.889179438,-87.633040334,ROBBERY,0,3
42.02013558,-87.669488562,ROBBERY,20,3
41.932845574,-87.720883252,ROBBERY,13,3
41.751151039,-87.575969317,THEFT,11,3
41.867428687,-87.626342565,THEFT,17,3
41.885187593,-87.630961294,THEFT,16,3
41.878222138,-87.627288482,ROBBERY,15,3
41.802062624,-87.618732403,THEFT,14,3
41.882742824,-87.764944195,ROBBERY,15,3
41.834208833,-87.626686261,ROBBERY,17,3
41.771362227,-87.693193691,THEFT,13,3
41.88946287,-87.624222942,THEFT,11,3
41.884485203,-87.62874355,THEFT,20,1
41.709899862,-87.564181091,THEFT,18,3
41.82589419,-87.689803616,ROBBERY,12,3
41.90416925,-87.628685126,THEFT,12,3
41.943006162,-87.644625531,ROBBERY,9,3
41.97135364,-87.713446665,ROBBERY,4,3
41.961106271,-87.714880655,ROBBERY,5,3
41.961106172,-87.714862272,ROBBERY,5,3
41.954537863,-87.65114825,ROBBERY,9,3
41.678048249,-87.621090712,ROBBERY,10,3
41.904370109,-87.631460067,ROBBERY,4,3
41.886530554,-87.74438154,ROBBERY,13,3
41.924949019,-87.684160693,ROBBERY,3,3
41.773273248,-87.592451667,ROBBERY,17,3
41.84828329,-87.693979932,ROBBERY,22,3
41.76535855,-87.60921358,THEFT,1,3
41.871530533,-87.744926805,ROBBERY,23,3
41.868043292,-87.624099912,ROBBERY,22,3
41.852886506,-87.716254623,ROBBERY,20,3
41.741563224,-87.703379388,ROBBERY,0,3
42.020171252,-87.669488191,ROBBERY,21,3
41.780092411,-87.700729278,ROBBERY,1,3
41.990235452,-87.661559683,ROBBERY,19,3
41.893140033,-87.624204307,THEFT,13,3
41.931558722,-87.644406912,ROBBERY,16,3
41.876607964,-87.627644063,ROBBERY,20,3
41.810740003,-87.675220451,ROBBERY,15,3
41.750185415,-87.644029945,ROBBERY,14,3
41.885741029,-87.631711749,THEFT,16,3
41.882879894,-87.697898626,ROBBERY,18,3
41.844445471,-87.710214089,ROBBERY,17,3
41.750940757,-87.625185222,THEFT,17,3
41.990446658,-87.698676476,THEFT,8,3
41.908176407,-87.634618163,ROBBERY,1,3
41.889751946,-87.631072891,ROBBERY,2,3
41.892297612,-87.744119215,THEFT,22,3
41.890013524,-87.631664996,ROBBERY,22,3
41.653544851,-87.609365906,ROBBERY,6,3
41.918511914,-87.690163597,THEFT,19,3
41.922786529,-87.645045119,ROBBERY,0,3
41.723051951,-87.616593789,ROBBERY,7,3
41.948902642,-87.743543093,ROBBERY,15,3
41.735857166,-87.624152861,THEFT,14,2
41.925028276,-87.75986912,ROBBERY,14,3
41.996445684,-87.687400291,ROBBERY,20,3
41.746018447,-87.663327476,ROBBERY,13,3
41.894996644,-87.746544265,ROBBERY,14,3
41.880509252,-87.624358666,THEFT,12,3
41.924214127,-87.699487638,ROBBERY,3,3
41.877764698,-87.62430822,THEFT,14,3
41.97104888,-87.686557431,ROBBERY,12,3
41.721679274,-87.627147643,ROBBERY,22,3
41.939923405,-87.668667203,THEFT,11,3
41.910437056,-87.73721094,ROBBERY,8,3
41.766283315,-87.566488118,ROBBERY,17,3
41.98624465,-87.661432444,ROBBERY,14,3
41.881787077,-87.646777915,ROBBERY,15,3
41.896888586,-87.628203192,THEFT,17,3
41.876746804,-87.64144152,THEFT,18,3
41.878638996,-87.627691486,THEFT,16,3
41.808336773,-87.690867019,ROBBERY,18,3
41.721361212,-87.651272213,ROBBERY,15,3
41.882381731,-87.629412971,THEFT,18,3
41.879542637,-87.625144154,THEFT,13,3
41.764994599,-87.693040725,ROBBERY,22,3
41.65183564,-87.613380771,ROBBERY,6,3
41.753819454,-87.644126664,ROBBERY,5,3
41.752996613,-87.702486995,ROBBERY,4,3
41.969044846,-87.658300072,ROBBERY,0,3
41.885368351,-87.635402906,ROBBERY,2,3
41.800702642,-87.595051485,ROBBERY,23,3
41.911262969,-87.760921841,ROBBERY,22,3
42.00820667,-87.673781419,ROBBERY,22,3
41.811362926,-87.594433883,ROBBERY,18,3
41.770305641,-87.626702544,ROBBERY,17,3
41.917831975,-87.750961011,ROBBERY,21,3
41.752354621,-87.618184581,ROBBERY,3,3
41.899283298,-87.697100567,ROBBERY,1,3
41.854859956,-87.710215788,THEFT,20,3
41.79565153,-87.620868294,ROBBERY,22,3
41.765755571,-87.576292427,ROBBERY,22,3
41.903173956,-87.754007253,ROBBERY,0,3
41.758979264,-87.567088206,ROBBERY,22,3
41.970241477,-87.711276829,ROBBERY,20,3
41.97069816,-87.710981879,ROBBERY,20,3
41.767862201,-87.643239579,ROBBERY,19,3
41.751774924,-87.562900787,ROBBERY,19,3
41.967582247,-87.688872308,ROBBERY,20,3
42.020261805,-87.669487249,ROBBERY,18,3
41.836167658,-87.724334212,ROBBERY,19,3
41.779290401,-87.675685095,ROBBERY,1,3
41.879383612,-87.634124064,THEFT,12,3
41.777216063,-87.662925863,ROBBERY,13,3
41.829651528,-87.614451899,ROBBERY,13,3
41.848933752,-87.631930586,THEFT,14,3
41.857827963,-87.661317383,ROBBERY,6,3
41.925394137,-87.652509775,THEFT,11,3
41.881546939,-87.626197968,THEFT,14,3
42.019236333,-87.666793052,ROBBERY,14,3
41.89321425,-87.632269039,ROBBERY,11,3
41.880152185,-87.638676422,THEFT,13,3
41.750347927,-87.613691968,ROBBERY,11,3
41.882381731,-87.629412971,THEFT,14,3
41.793683609,-87.662765286,ROBBERY,12,3
41.740607602,-87.545387884,ROBBERY,23,3
41.909222869,-87.778015736,ROBBERY,3,3
41.884571034,-87.745427795,ROBBERY,5,3
41.799808989,-87.723350952,THEFT,8,3
41.738446923,-87.725518497,ROBBERY,6,3
41.744668238,-87.647511473,THEFT,10,3
41.874947338,-87.72547164,ROBBERY,0,3
41.894386288,-87.745785886,ROBBERY,3,3
41.792361461,-87.62402541,ROBBERY,22,3
41.911208109,-87.678745045,ROBBERY,18,3
42.011694602,-87.690237586,THEFT,17,3
41.755358678,-87.663560189,ROBBERY,17,3
41.887825139,-87.701400963,ROBBERY,14,3
41.885481891,-87.627935689,THEFT,17,3
41.891661031,-87.750589121,ROBBERY,18,3
41.941047248,-87.756766757,ROBBERY,16,3
41.829398692,-87.623216746,THEFT,14,3
41.724547812,-87.651809974,ROBBERY,15,3
41.874060099,-87.705924314,ROBBERY,16,3
41.809160011,-87.599256982,THEFT,11,3
41.875286899,-87.67649739,ROBBERY,11,3
41.783860586,-87.703273523,ROBBERY,10,3
41.805869465,-87.585195364,ROBBERY,0,3
41.869538983,-87.628569931,ROBBERY,22,3
41.96055619,-87.71312483,ROBBERY,20,3
41.881014794,-87.760145321,ROBBERY,21,3
41.765711427,-87.674214607,ROBBERY,21,3
41.922345195,-87.663220319,ROBBERY,21,3
41.801851686,-87.601357592,ROBBERY,20,3
41.797102135,-87.602775893,ROBBERY,19,3
41.89628652,-87.653972346,THEFT,17,3
41.882381731,-87.629412971,THEFT,16,3
41.880801316,-87.625438715,THEFT,16,3
41.882381731,-87.629412971,THEFT,17,3
41.8744151,-87.627609439,THEFT,17,3
41.722445994,-87.577280883,ROBBERY,15,3
41.841029111,-87.659232553,ROBBERY,14,3
41.856344903,-87.70023533,ROBBERY,21,3
41.745071338,-87.741216566,ROBBERY,13,3
41.885487535,-87.726422045,ROBBERY,0,3
41.939102087,-87.726509353,ROBBERY,20,3
41.891412551,-87.647934597,THEFT,17,2
41.940957922,-87.72405852,ROBBERY,8,3
41.756259091,-87.624719943,ROBBERY,19,3
41.658380223,-87.610647456,ROBBERY,5,3
41.854940027,-87.707781367,ROBBERY,7,3
41.652216401,-87.618985951,ROBBERY,5,3
41.961095248,-87.715891865,ROBBERY,22,3
41.736906763,-87.55280491,ROBBERY,3,3
41.805025455,-87.595141235,ROBBERY,0,3
41.769971154,-87.629884463,ROBBERY,23,3
41.858926293,-87.719265418,ROBBERY,19,3
41.880182691,-87.73791451,ROBBERY,16,3
41.896026903,-87.655084344,THEFT,17,3
41.983251958,-87.695316345,ROBBERY,5,3
41.786291714,-87.664386014,ROBBERY,22,3
41.780540724,-87.594248879,ROBBERY,6,3
41.96841197,-87.712452934,ROBBERY,5,3
41.819956012,-87.645828245,THEFT,2,3
41.909518092,-87.648240581,ROBBERY,13,3
41.684809877,-87.642147208,THEFT,11,3
41.860612074,-87.730816547,ROBBERY,13,3
41.893240902,-87.630344179,THEFT,17,3
41.767836987,-87.590355138,ROBBERY,16,3
41.931138327,-87.697596282,ROBBERY,21,3
41.830917641,-87.608064205,ROBBERY,5,3
41.771354094,-87.685865672,ROBBERY,20,3
41.761066791,-87.68217185,ROBBERY,20,3
41.779183752,-87.688826305,ROBBERY,21,3
41.798976739,-87.602816948,ROBBERY,22,3
41.909971717,-87.773990097,ROBBERY,21,3
41.794344947,-87.615968735,ROBBERY,20,3
41.800354548,-87.602845309,ROBBERY,20,3
41.792976164,-87.701101337,ROBBERY,20,3
41.748047232,-87.643968533,ROBBERY,17,3
41.798825313,-87.647704499,ROBBERY,18,3
41.876683313,-87.624283454,THEFT,14,3
41.846152429,-87.720418899,ROBBERY,14,3
41.746268043,-87.6038252,ROBBERY,14,3
41.806817248,-87.704402097,THEFT,18,3
41.867426192,-87.626382977,THEFT,13,3
41.885739108,-87.745773311,THEFT,16,3
41.747674239,-87.600980265,ROBBERY,16,3
41.739727015,-87.604910522,ROBBERY,16,3
41.828123558,-87.674015083,ROBBERY,13,3
41.909930969,-87.722373477,THEFT,16,3
41.94690946,-87.674733431,THEFT,15,3
41.847064711,-87.722186571,ROBBERY,14,3
41.931149917,-87.775315546,ROBBERY,16,3
41.905982393,-87.746653072,ROBBERY,16,3
41.910947862,-87.678343579,ROBBERY,15,3
41.77276846,-87.624222987,ROBBERY,14,3
41.765608114,-87.689387397,ROBBERY,12,3
41.799592162,-87.723345674,ROBBERY,22,3
41.871809026,-87.711328922,ROBBERY,8,3
41.707669198,-87.623532526,ROBBERY,4,3
41.881790794,-87.624355516,ROBBERY,18,3
41.959750355,-87.714320207,ROBBERY,18,3
41.835851695,-87.654743973,THEFT,17,3
41.921626461,-87.662323919,ROBBERY,20,3
41.87328131,-87.71974488,ROBBERY,17,3
41.872875065,-87.725403155,THEFT,17,3
41.851397242,-87.711328509,ROBBERY,15,3
41.884156374,-87.672682817,ROBBERY,12,3
41.964976988,-87.701028867,ROBBERY,5,3
41.750657714,-87.614956494,THEFT,10,3
41.809401865,-87.615378944,ROBBERY,1,3
41.894890041,-87.627189408,ROBBERY,4,3
41.851407157,-87.733835632,ROBBERY,6,3
41.973265858,-87.65837318,ROBBERY,6,3
41.964756173,-87.713881995,ROBBERY,6,3
41.750723529,-87.653742986,ROBBERY,11,3
41.896375946,-87.6242787,THEFT,22,3
41.903750913,-87.667099256,ROBBERY,7,3
41.910005241,-87.715737871,ROBBERY,4,3
41.756623356,-87.55303151,ROBBERY,16,3
41.750772111,-87.624538423,ROBBERY,20,3
41.946680205,-87.698338814,ROBBERY,0,3
41.814905607,-87.698094086,ROBBERY,0,3
41.934609623,-87.70504823,ROBBERY,3,3
41.895175706,-87.736559521,ROBBERY,4,3
41.935843618,-87.64735248,ROBBERY,17,3
41.882381731,-87.629412971,THEFT,18,3
41.891579621,-87.634674198,ROBBERY,3,3
41.886530554,-87.74438154,ROBBERY,13,3
41.901431872,-87.750852926,ROBBERY,14,3
41.728425607,-87.605723267,ROBBERY,14,3
41.880108035,-87.647309981,ROBBERY,15,3
41.868380637,-87.625847449,THEFT,17,3
41.764054665,-87.660152512,ROBBERY,13,3
41.872082369,-87.720314435,ROBBERY,13,3
41.751704315,-87.664682949,ROBBERY,9,3
41.872709056,-87.624187857,THEFT,13,3
41.883224344,-87.624971297,THEFT,13,3
41.968409405,-87.712486053,ROBBERY,10,3
41.927291522,-87.721961647,ROBBERY,13,3
41.876046196,-87.736153693,ROBBERY,14,3
41.908220385,-87.628791197,ROBBERY,4,3
41.751613643,-87.575373855,ROBBERY,8,3
41.894347189,-87.719939964,ROBBERY,11,3
41.881021315,-87.701747089,ROBBERY,9,3
41.766885092,-87.653341515,ROBBERY,23,3
41.750229101,-87.673438518,ROBBERY,18,3
41.762001285,-87.588454175,ROBBERY,6,3
41.909375335,-87.765979125,ROBBERY,9,3
41.721716705,-87.576553159,ROBBERY,13,3
41.793920977,-87.673903665,THEFT,22,3
41.966732308,-87.695396632,ROBBERY,2,3
41.9284224,-87.702727634,ROBBERY,0,3
41.766274325,-87.66382789,ROBBERY,16,3
41.908218808,-87.764626419,ROBBERY,21,3
41.745263146,-87.721775154,ROBBERY,19,3
41.891070406,-87.616613661,THEFT,19,3
41.789280246,-87.620135797,ROBBERY,15,3
41.874966566,-87.725475129,ROBBERY,20,3
41.763991462,-87.689341249,ROBBERY,14,3
41.909664252,-87.742728815,THEFT,20,3
42.016666336,-87.67033423,ROBBERY,17,3
41.721635273,-87.630265381,ROBBERY,2,3
41.88033698,-87.629365643,THEFT,17,3
41.950306886,-87.702107605,ROBBERY,1,3
41.931415764,-87.755276911,ROBBERY,10,3
41.880635972,-87.702037309,ROBBERY,14,3
41.902738743,-87.718338869,ROBBERY,14,3
41.947252263,-87.65350869,ROBBERY,14,3
41.999872401,-87.686287698,ROBBERY,14,3
41.869311235,-87.663422037,THEFT,12,3
41.745695613,-87.702279976,ROBBERY,7,3
41.757836524,-87.621524942,ROBBERY,3,3
41.92279647,-87.770813529,ROBBERY,21,3
41.896086635,-87.631234895,ROBBERY,12,3
41.810306869,-87.615720976,THEFT,11,3
41.894549572,-87.722384194,ROBBERY,10,3
41.879615228,-87.709086706,ROBBERY,4,3
41.780540013,-87.663030565,ROBBERY,23,3
41.877467769,-87.678277981,ROBBERY,1,3
41.812021077,-87.687704896,ROBBERY,1,3
41.901976339,-87.715874022,ROBBERY,23,3
41.854956912,-87.705343887,ROBBERY,0,3
41.652214043,-87.619048182,ROBBERY,22,3
41.752571189,-87.56624456,ROBBERY,16,3
41.84241861,-87.72372445,ROBBERY,20,3
41.773865167,-87.631656595,ROBBERY,20,3
41.976865783,-87.657827653,ROBBERY,17,3
41.885705093,-87.643445489,ROBBERY,20,3
41.829288103,-87.688690885,ROBBERY,14,3
41.881492431,-87.62938601,THEFT,19,3
41.794533814,-87.631438536,THEFT,18,3
41.891185698,-87.647169423,THEFT,18,3
41.889617465,-87.631070692,THEFT,13,3
41.902825075,-87.707398667,ROBBERY,13,3
41.961865387,-87.713163609,THEFT,23,3
41.757950552,-87.609032976,ROBBERY,10,3
41.894996644,-87.746544265,ROBBERY,16,3
41.750756536,-87.59547383,ROBBERY,8,3
41.939823429,-87.659986674,ROBBERY,8,3
41.729618252,-87.551244573,ROBBERY,14,3
41.724551814,-87.636010477,ROBBERY,5,3
41.922531918,-87.644687752,ROBBERY,3,3
41.749748574,-87.710254882,ROBBERY,3,3
41.894122739,-87.625137369,ROBBERY,0,3
41.790441786,-87.697367595,ROBBERY,23,3
41.701349788,-87.624546797,ROBBERY,21,3
41.864583447,-87.686497178,ROBBERY,23,3
41.922319445,-87.658355537,ROBBERY,20,3
41.813803157,-87.704715262,ROBBERY,21,3
41.801131542,-87.61772683,ROBBERY,18,3
41.794663617,-87.582523957,ROBBERY,19,3
41.909498816,-87.756066167,ROBBERY,19,3
41.966564871,-87.714949205,ROBBERY,1,3
41.938692651,-87.757302531,ROBBERY,22,3
41.876351148,-87.666880865,ROBBERY,23,3
41.947591992,-87.64741769,ROBBERY,17,3
41.897837503,-87.624097243,THEFT,20,3
41.913296074,-87.639874917,ROBBERY,4,3
41.721609208,-87.632287668,ROBBERY,0,3
41.756235117,-87.608993624,ROBBERY,12,3
41.790431101,-87.62073909,ROBBERY,13,3
41.788987036,-87.74147999,THEFT,11,3
41.735675715,-87.645313581,THEFT,13,3
41.973260198,-87.658810855,ROBBERY,8,3
41.909926518,-87.764232859,ROBBERY,11,3
41.698470887,-87.664359514,ROBBERY,11,3
41.875820724,-87.647175913,THEFT,11,3
41.721262518,-87.658727525,ROBBERY,15,3
41.872783042,-87.726164064,ROBBERY,11,3
41.978991238,-87.659941972,ROBBERY,23,3
41.721700491,-87.625689516,ROBBERY,8,3
41.785067124,-87.653989092,ROBBERY,8,3
41.887966168,-87.634790696,THEFT,18,3
41.870770227,-87.721270564,ROBBERY,7,3
41.873510659,-87.720554136,ROBBERY,5,3
41.822009347,-87.688033813,ROBBERY,5,3
41.87154768,-87.735494291,ROBBERY,21,3
41.764357609,-87.652880695,ROBBERY,8,3
41.882059988,-87.71104223,THEFT,9,3
41.96437924,-87.6568234,ROBBERY,3,2
41.99762059,-87.696309601,THEFT,8,3
41.879876814,-87.627718261,THEFT,23,3
41.755094217,-87.652648704,ROBBERY,4,3
41.895994003,-87.71999032,ROBBERY,5,3
41.736374636,-87.702045143,ROBBERY,22,3
41.96750625,-87.785191339,ROBBERY,23,3
41.888766628,-87.63105063,ROBBERY,16,3
41.751784096,-87.562222698,ROBBERY,16,3
41.887568658,-87.624556055,ROBBERY,16,3
41.706918921,-87.620255773,ROBBERY,20,3
41.789911038,-87.701644828,ROBBERY,22,3
41.721698686,-87.625396491,ROBBERY,19,3
41.801895518,-87.58769156,THEFT,16,3
41.89545571,-87.716836713,ROBBERY,18,3
41.894777588,-87.770769298,THEFT,17,3
41.891404732,-87.628061509,THEFT,16,3
41.802331632,-87.727621847,ROBBERY,13,3
41.816788991,-87.608315351,ROBBERY,14,3
41.75895382,-87.569448875,ROBBERY,11,3
41.876014619,-87.738529682,THEFT,14,3
41.953443907,-87.745067332,ROBBERY,10,3
41.749963096,-87.644024994,ROBBERY,15,3
41.975559264,-87.654987667,ROBBERY,18,3
41.769080204,-87.626015835,THEFT,9,3
41.936706844,-87.72711644,ROBBERY,5,3
41.88033698,-87.629365643,ROBBERY,2,3
41.874115011,-87.670748416,ROBBERY,2,3
41.748260682,-87.741304526,ROBBERY,21,3
41.958174923,-87.714272952,ROBBERY,21,3
41.775873548,-87.703065743,ROBBERY,18,3
41.728336543,-87.58501858,ROBBERY,19,3
41.90054679,-87.631810492,THEFT,7,3
41.953941071,-87.70476282,ROBBERY,19,3
41.910925795,-87.647766297,ROBBERY,0,3
41.769647842,-87.716415167,ROBBERY,11,3
41.789274352,-87.686356421,ROBBERY,16,3
41.73524267,-87.663051117,ROBBERY,14,3
41.689771618,-87.643514659,ROBBERY,14,3
41.965665255,-87.654791122,ROBBERY,15,3
41.887384761,-87.624550742,ROBBERY,14,3
41.714944612,-87.561011345,ROBBERY,16,3
41.758015544,-87.576123178,ROBBERY,12,3
41.773811952,-87.644631214,ROBBERY,10,3
41.875292483,-87.705963666,ROBBERY,8,3
41.835378954,-87.634034466,THEFT,0,3
41.782707791,-87.660646744,THEFT,23,3
41.789753909,-87.711576423,ROBBERY,21,3
41.784573516,-87.694224617,ROBBERY,23,3
41.917061131,-87.687393113,THEFT,11,2
41.736599019,-87.575707974,THEFT,11,2
41.767747461,-87.683324967,THEFT,23,3
41.961126217,-87.713490653,ROBBERY,4,3
41.796276047,-87.702326791,ROBBERY,4,3
41.835906739,-87.632828774,THEFT,16,3
41.884650262,-87.627915459,THEFT,16,3
41.803216166,-87.593735272,ROBBERY,0,3
41.778402881,-87.701900763,ROBBERY,15,3
41.751784465,-87.562277665,ROBBERY,15,3
41.864109984,-87.708037079,ROBBERY,0,3
41.681357737,-87.620618587,THEFT,19,3
42.015894034,-87.69087606,ROBBERY,11,3
41.867258874,-87.714343161,ROBBERY,9,3
41.79530386,-87.674340561,ROBBERY,8,3
41.756161959,-87.626326287,ROBBERY,18,3
41.7678792,-87.683327303,ROBBERY,11,3
41.86645124,-87.701093842,ROBBERY,8,3
41.902064444,-87.770951454,ROBBERY,2,3
41.845667602,-87.72783351,ROBBERY,3,3
41.833985056,-87.641315151,ROBBERY,2,3
41.888675607,-87.74687756,ROBBERY,2,3
41.976345091,-87.658414219,ROBBERY,2,3
41.966757099,-87.776074946,ROBBERY,0,3
41.750185415,-87.644029945,ROBBERY,20,3
41.885452791,-87.712224871,ROBBERY,22,3
41.767509864,-87.616179796,ROBBERY,22,3
41.768015684,-87.671185154,ROBBERY,18,3
41.746010581,-87.643906039,ROBBERY,19,3
41.663205122,-87.644215499,ROBBERY,17,3
41.801223437,-87.675325173,ROBBERY,21,3
41.909876642,-87.727138915,ROBBERY,19,3
41.891066178,-87.616815708,THEFT,16,3
41.885481891,-87.627935689,THEFT,16,3
41.868043292,-87.624099912,ROBBERY,20,3
41.967502306,-87.785514959,ROBBERY,18,3
41.88033698,-87.629365643,THEFT,19,3
41.885133625,-87.719726968,ROBBERY,16,3
41.750832464,-87.605224746,THEFT,23,3
41.960241139,-87.711701328,ROBBERY,21,3
41.904466173,-87.631462688,ROBBERY,23,3
41.695908161,-87.595822806,THEFT,14,3
41.885481891,-87.627935689,THEFT,17,2
41.895900086,-87.677663589,THEFT,14,2
41.885368875,-87.736243158,ROBBERY,17,3
41.851790107,-87.703352433,ROBBERY,12,3
41.845323703,-87.695231543,ROBBERY,13,3
41.856917938,-87.661969294,ROBBERY,12,3
41.902966501,-87.628558762,ROBBERY,1,3
41.914667382,-87.746015079,ROBBERY,7,3
41.717077047,-87.659130252,ROBBERY,23,3
41.721689256,-87.626539467,ROBBERY,21,3
41.779808372,-87.605916302,THEFT,13,2
41.886560574,-87.744884392,THEFT,11,3
41.793938009,-87.645453608,ROBBERY,1,3
41.884493278,-87.627377352,ROBBERY,0,3
41.758811144,-87.581937763,ROBBERY,18,3
41.839186188,-87.645094004,ROBBERY,20,3
41.697386292,-87.614714788,ROBBERY,19,3
41.877106023,-87.724239449,ROBBERY,13,3
41.90389041,-87.631997971,ROBBERY,3,3
41.786587871,-87.677194557,ROBBERY,11,3
41.745394001,-87.600163368,ROBBERY,20,3
41.908173937,-87.717614417,ROBBERY,20,3
41.809347098,-87.618919216,ROBBERY,20,3
41.881944424,-87.634195294,THEFT,16,3
41.708419873,-87.633617566,ROBBERY,19,3
41.893676531,-87.635628328,THEFT,1,3
41.896191646,-87.733508805,ROBBERY,18,3
41.885741529,-87.631344503,THEFT,17,2
41.951866645,-87.660260641,ROBBERY,18,3
41.882470918,-87.627847625,THEFT,15,3
41.897895128,-87.624096605,THEFT,14,3
41.868541914,-87.639235361,THEFT,15,3
41.764144628,-87.572546935,ROBBERY,13,3
41.892933963,-87.764189068,ROBBERY,10,3
41.774679882,-87.700588166,ROBBERY,19,3
41.77857779,-87.676322979,ROBBERY,15,3
41.798707749,-87.6939375,ROBBERY,13,3
41.773892091,-87.58630763,THEFT,14,3
41.978555764,-87.699618376,ROBBERY,9,3
41.797112043,-87.596592641,ROBBERY,13,3
41.886930282,-87.731498456,ROBBERY,12,3
41.870028132,-87.708823855,ROBBERY,23,3
41.851331933,-87.714988578,ROBBERY,17,3
41.7799566,-87.605921959,THEFT,1,3
41.890724284,-87.642528399,THEFT,18,3
41.852711371,-87.619262727,ROBBERY,6,3
41.672591305,-87.62001253,ROBBERY,15,2
41.89344506,-87.634117632,ROBBERY,2,3
41.966998813,-87.658494495,ROBBERY,16,3
41.869591612,-87.676328065,ROBBERY,18,3
41.88033698,-87.629365643,THEFT,14,3
41.69037437,-87.618208803,ROBBERY,15,3
41.788530772,-87.667644576,ROBBERY,14,3
41.997763098,-87.687924081,ROBBERY,14,3
41.889817826,-87.631075842,THEFT,2,3
41.900079859,-87.718904349,ROBBERY,17,3
42.019399237,-87.675049485,THEFT,16,3
41.733228249,-87.54700218,ROBBERY,17,3
41.658879271,-87.600611217,ROBBERY,20,3
41.72130005,-87.656243596,ROBBERY,19,2
41.837916302,-87.618256601,ROBBERY,14,3
41.885750159,-87.701340619,ROBBERY,0,3
41.885741029,-87.631711749,THEFT,17,2
41.78593396,-87.691142067,ROBBERY,11,3
41.678892879,-87.662490399,ROBBERY,12,3
41.875623519,-87.651848594,ROBBERY,9,3
41.664431632,-87.624772511,ROBBERY,7,3
41.893223483,-87.63153437,ROBBERY,17,2
41.949375323,-87.707891898,ROBBERY,13,2
41.870894839,-87.71177103,ROBBERY,2,3
41.752233653,-87.659462456,ROBBERY,3,3
41.744604389,-87.72175209,ROBBERY,21,2
41.883210775,-87.629906972,THEFT,15,2
41.751597449,-87.576664037,THEFT,19,3
41.705182664,-87.636055016,ROBBERY,5,3
41.953552594,-87.73582409,ROBBERY,0,3
41.810030567,-87.698373342,ROBBERY,22,2
41.897895128,-87.624096605,ROBBERY,15,3
41.886668404,-87.746113681,ROBBERY,23,3
41.890400093,-87.628021143,ROBBERY,1,3
41.875635785,-87.627974208,ROBBERY,22,2
41.938127956,-87.644336209,THEFT,19,2
41.882381731,-87.629412971,THEFT,17,2
41.800820216,-87.669633576,ROBBERY,18,2
41.914667382,-87.746015079,ROBBERY,14,2
41.885741029,-87.631711749,THEFT,17,2
41.746927877,-87.601424822,ROBBERY,3,2
41.750223119,-87.6738307,ROBBERY,15,2
41.738398273,-87.641690134,THEFT,9,3
41.853587424,-87.705827118,ROBBERY,8,3
41.88786856,-87.774906441,THEFT,17,2
41.73579532,-87.66275959,ROBBERY,13,3
41.782395298,-87.663055241,ROBBERY,16,2
41.768775762,-87.648695394,ROBBERY,15,2
41.795423376,-87.652482514,ROBBERY,15,2
41.985510978,-87.664084743,ROBBERY,22,2
41.890308425,-87.620287505,ROBBERY,22,1
41.924102822,-87.756452662,ROBBERY,1,2
41.739265865,-87.604893749,ROBBERY,17,2
41.892434892,-87.63047422,ROBBERY,18,2
41.794774413,-87.583941873,ROBBERY,19,2
41.9104445,-87.753673327,ROBBERY,0,3
41.871934623,-87.69966662,ROBBERY,23,2
41.945850524,-87.649443378,ROBBERY,1,3
41.885925355,-87.706267289,ROBBERY,23,2
41.961896039,-87.710714571,ROBBERY,21,2
41.890013771,-87.631705393,THEFT,0,2
41.886341244,-87.712098747,THEFT,18,2
41.882381731,-87.629412971,THEFT,17,2
41.872055899,-87.746236433,ROBBERY,10,2
41.93374417,-87.644581852,THEFT,13,2
41.883175772,-87.641765096,ROBBERY,17,2
41.886930779,-87.632855562,ROBBERY,14,2
41.910239494,-87.694846269,THEFT,12,2
41.885753285,-87.626996239,THEFT,17,2
41.66861269,-87.622336658,ROBBERY,7,2
41.896265798,-87.655574,THEFT,15,2
41.751148783,-87.613177291,ROBBERY,21,2
41.875690707,-87.760097428,ROBBERY,12,2
41.808682769,-87.630898966,THEFT,8,2
41.859918745,-87.720111252,ROBBERY,10,2
41.885888079,-87.627942238,ROBBERY,1,2
41.881883933,-87.640060441,THEFT,16,2
41.88101601,-87.702279602,ROBBERY,9,2
41.858372615,-87.712751284,ROBBERY,9,2
41.89167739,-87.627327632,ROBBERY,0,2
41.983648656,-87.658627653,THEFT,6,2
41.876360139,-87.705989943,ROBBERY,5,2
41.866331725,-87.666379171,ROBBERY,9,2
41.927992712,-87.641913321,ROBBERY,3,2
41.931352455,-87.76016528,ROBBERY,18,2
41.896613583,-87.769669637,ROBBERY,5,2
41.830057826,-87.682599578,ROBBERY,5,2
41.991126304,-87.694553518,ROBBERY,23,2
41.749425751,-87.607135255,THEFT,22,2
41.807002522,-87.612614456,ROBBERY,22,2
41.851441769,-87.632791435,THEFT,13,2
41.712359904,-87.62009309,ROBBERY,0,2
41.975526971,-87.728771092,THEFT,22,2
41.998015573,-87.673923454,ROBBERY,18,2
41.992181619,-87.700281471,ROBBERY,17,2
41.758992252,-87.586143265,THEFT,15,2
41.758579621,-87.562727773,THEFT,10,2
41.891412551,-87.647934597,THEFT,18,2
41.891924971,-87.629660784,THEFT,13,2
41.890430903,-87.647607205,ROBBERY,13,2
41.885577616,-87.65243323,ROBBERY,23,2
41.946269452,-87.655765097,ROBBERY,1,2
41.950974288,-87.747247947,ROBBERY,12,2
41.985877985,-87.699247832,ROBBERY,11,2
41.780259844,-87.700734965,ROBBERY,23,2
41.842558654,-87.635956411,ROBBERY,19,2
41.892631803,-87.618362824,THEFT,12,2
41.903201873,-87.676593393,ROBBERY,21,2
41.836126824,-87.618221478,ROBBERY,18,2
41.884496941,-87.625743121,ROBBERY,16,2
41.881556538,-87.627758535,ROBBERY,19,2
41.74719631,-87.602638387,ROBBERY,1,2
41.739337806,-87.640031226,ROBBERY,21,2
41.895092447,-87.661378646,ROBBERY,22,2
41.913175448,-87.711783489,ROBBERY,23,2
41.730269298,-87.619206266,ROBBERY,22,2
41.925398449,-87.652311296,ROBBERY,23,2
41.935613969,-87.653959405,THEFT,22,2
41.77818088,-87.699461203,ROBBERY,21,2
41.70469929,-87.618573767,ROBBERY,19,2
41.6474468,-87.617234833,ROBBERY,19,2
41.921606937,-87.665565006,THEFT,14,2
41.968329005,-87.719991913,ROBBERY,23,2
41.897895128,-87.624096605,THEFT,15,2
41.884483968,-87.628989611,THEFT,19,2
41.860682363,-87.725926136,ROBBERY,17,2
41.852123965,-87.679131253,ROBBERY,17,2
41.659934722,-87.642530377,ROBBERY,1,2
41.880775433,-87.627029031,THEFT,12,2
41.903365107,-87.665876343,ROBBERY,21,2
41.846534533,-87.688950857,ROBBERY,21,2
41.72236078,-87.625066872,ROBBERY,12,2
41.879692556,-87.731279953,ROBBERY,12,2
41.751164599,-87.612198632,ROBBERY,20,2
41.80120956,-87.676256881,ROBBERY,2,2
41.759012808,-87.560215615,ROBBERY,21,2
41.944474358,-87.652916995,ROBBERY,23,2
41.890464277,-87.654610654,ROBBERY,22,2
41.893387387,-87.621160453,THEFT,13,2
41.897895128,-87.624096605,THEFT,17,2
41.777198547,-87.664157893,ROBBERY,20,2
41.935445124,-87.725158445,ROBBERY,18,2
41.945399005,-87.702883837,ROBBERY,20,2
41.884162337,-87.624439467,ROBBERY,14,2
41.885191719,-87.624486846,THEFT,15,2
41.771120742,-87.659132842,ROBBERY,2,2
41.865502446,-87.721493359,ROBBERY,13,2
41.836242733,-87.725555473,THEFT,15,2
41.934431662,-87.714726802,ROBBERY,12,2
41.777784824,-87.775484856,ROBBERY,13,2
41.751270452,-87.585822373,ROBBERY,23,2
41.994997473,-87.661704576,ROBBERY,0,2
42.018736516,-87.669569355,ROBBERY,0,2
41.929805843,-87.777135335,ROBBERY,23,2
41.765769173,-87.585914349,THEFT,17,2
41.882764906,-87.632386952,ROBBERY,18,2
41.740407803,-87.718054504,ROBBERY,19,2
41.900876082,-87.631358747,THEFT,8,2
41.768729167,-87.623384033,THEFT,8,2
41.904158267,-87.747345691,ROBBERY,3,2
41.871153661,-87.732035659,ROBBERY,6,2
41.752689332,-87.723339178,ROBBERY,6,2
41.879693076,-87.731379094,ROBBERY,4,2
41.886012928,-87.629505318,ROBBERY,3,2
41.852732872,-87.711176088,ROBBERY,22,2
41.718664218,-87.551025769,ROBBERY,1,2
41.79147867,-87.670584368,ROBBERY,2,2
41.821722813,-87.70265301,ROBBERY,3,2
41.872713129,-87.711558815,ROBBERY,1,2
41.910299712,-87.688923466,ROBBERY,20,2
41.78603009,-87.688706406,ROBBERY,0,2
41.736037583,-87.646167064,ROBBERY,20,2
41.918725393,-87.653389012,ROBBERY,22,2
41.861791657,-87.721389237,ROBBERY,23,2
41.895391144,-87.755612897,ROBBERY,21,2
41.915993062,-87.748207417,ROBBERY,19,2
41.88336939,-87.633860272,THEFT,18,2
41.90351448,-87.667498444,THEFT,17,2
41.922725838,-87.785721767,THEFT,6,2
41.680485272,-87.660259126,ROBBERY,20,2
41.695221499,-87.631219523,ROBBERY,16,2
41.779451037,-87.664530441,THEFT,18,2
41.729283399,-87.551237645,ROBBERY,17,2
41.743124136,-87.720007283,ROBBERY,14,2
41.873674325,-87.707143428,ROBBERY,16,2
41.671608725,-87.646578219,ROBBERY,13,2
41.751164599,-87.612198632,ROBBERY,8,2
41.884476226,-87.631310613,ROBBERY,11,2
41.877111469,-87.723714312,ROBBERY,20,2
41.737615074,-87.662806611,THEFT,14,2
41.784458992,-87.70130235,ROBBERY,2,2
41.819917801,-87.70278445,ROBBERY,4,2
41.885741029,-87.631711749,THEFT,12,2
41.881670033,-87.624353178,THEFT,13,2
41.918817288,-87.648534275,ROBBERY,3,2
41.806105713,-87.664902504,ROBBERY,11,2
41.891893286,-87.628074498,THEFT,15,2
41.789468425,-87.701003796,ROBBERY,5,2
41.873907046,-87.725430093,ROBBERY,5,2
41.871868304,-87.706584611,THEFT,0,2
41.883837353,-87.69636146,ROBBERY,20,2
41.935409279,-87.74675098,ROBBERY,4,2
41.875286899,-87.67649739,ROBBERY,0,2
41.692358646,-87.623096746,ROBBERY,20,2
41.861772429,-87.721385749,ROBBERY,17,2
41.765965607,-87.589966186,ROBBERY,20,2
41.716678956,-87.633850311,ROBBERY,20,2
41.882092818,-87.685711027,ROBBERY,21,2
41.743843899,-87.690033636,ROBBERY,19,2
41.735865656,-87.657900578,THEFT,19,2
41.885741029,-87.631711749,THEFT,15,2
41.876770736,-87.746277736,ROBBERY,22,2
41.767785899,-87.683328245,ROBBERY,18,2
41.749683042,-87.665847295,ROBBERY,7,2
41.749984573,-87.651302785,ROBBERY,9,2
41.908176407,-87.634618163,ROBBERY,2,2
41.892107641,-87.648988598,THEFT,17,2
41.938248896,-87.790124466,ROBBERY,14,2
41.883208727,-87.633164294,THEFT,12,2
41.978108446,-87.904122758,THEFT,16,2
41.777916579,-87.599290772,ROBBERY,14,2
41.7799566,-87.605921959,THEFT,12,2
41.894581495,-87.721164479,ROBBERY,13,2
41.868541914,-87.639235361,THEFT,12,2
41.816858964,-87.602899901,ROBBERY,17,2
41.910116718,-87.677444645,THEFT,14,2
41.92149065,-87.746231771,ROBBERY,11,2
41.903775756,-87.639324074,ROBBERY,6,2
41.867013845,-87.625822134,ROBBERY,15,2
41.902799827,-87.70981968,ROBBERY,9,2
41.761603489,-87.615197285,ROBBERY,0,2
42.019883291,-87.667150628,ROBBERY,22,2
41.875059174,-87.705954932,ROBBERY,21,2
41.895663907,-87.694675592,ROBBERY,7,2
41.935195786,-87.745786344,ROBBERY,23,2
41.742864471,-87.645090272,ROBBERY,13,2
41.885547749,-87.627934965,THEFT,8,2
41.779714951,-87.602870619,ROBBERY,19,2
41.882641723,-87.624390175,ROBBERY,19,2
41.878638996,-87.627691486,THEFT,19,2
41.878225414,-87.626928592,ROBBERY,18,2
41.970081553,-87.726516944,ROBBERY,21,2
41.851949553,-87.618995915,THEFT,17,2
41.89220305,-87.605590007,THEFT,21,2
41.722768379,-87.624410361,ROBBERY,6,2
41.765490384,-87.624189504,ROBBERY,12,2
41.900743703,-87.6281167,ROBBERY,18,2
41.882845612,-87.629429913,THEFT,16,2
41.760017113,-87.689234378,THEFT,18,2
41.892462168,-87.628655887,THEFT,16,2
41.909760125,-87.63466702,ROBBERY,1,2
41.736259984,-87.628068782,THEFT,17,2
41.97008868,-87.762690091,THEFT,15,2
41.765162688,-87.624896894,ROBBERY,16,2
41.892509386,-87.626069718,THEFT,15,2
41.768644317,-87.657549519,ROBBERY,2,2
41.762213878,-87.664962378,ROBBERY,14,2
41.808914825,-87.613854819,ROBBERY,19,2
41.727927879,-87.636102188,ROBBERY,14,2
41.828425299,-87.686542088,ROBBERY,13,2
41.874249283,-87.629208475,ROBBERY,13,2
41.886524557,-87.744282439,ROBBERY,11,2
41.786012237,-87.689927602,ROBBERY,21,2
41.773636189,-87.692511198,ROBBERY,7,2
41.866988841,-87.657205006,ROBBERY,7,2
41.689971124,-87.61956061,ROBBERY,1,2
41.868725088,-87.725277261,ROBBERY,4,2
41.821218828,-87.618479096,ROBBERY,1,2
41.927406868,-87.781007376,ROBBERY,11,2
41.934689147,-87.783678919,ROBBERY,8,2
41.937855061,-87.78348634,ROBBERY,16,2
41.907923085,-87.773133642,ROBBERY,12,2
41.78004955,-87.626082287,ROBBERY,7,2
41.678513612,-87.622674282,ROBBERY,3,2
41.880775433,-87.627029031,THEFT,21,2
41.783459478,-87.620555964,ROBBERY,2,2
41.879709389,-87.769744776,ROBBERY,1,2
42.010984785,-87.688934795,ROBBERY,2,2
41.964598306,-87.727495569,ROBBERY,18,2
41.750252696,-87.671338414,ROBBERY,14,2
41.885481891,-87.627935689,THEFT,16,2
41.729896938,-87.661674255,ROBBERY,15,2
41.866215343,-87.721894077,ROBBERY,7,2
41.949830896,-87.664094162,ROBBERY,13,2
41.880985865,-87.768150863,THEFT,13,2
41.945938561,-87.655496587,THEFT,21,2
41.755412283,-87.562256233,ROBBERY,21,2
41.896641522,-87.630876206,ROBBERY,21,2
41.927907861,-87.697503413,THEFT,8,2
41.896888586,-87.628203192,ROBBERY,22,2
41.903708614,-87.631437924,THEFT,16,2
41.756543074,-87.562686166,ROBBERY,21,2
41.968446906,-87.708775431,ROBBERY,0,2
41.871864859,-87.70695915,ROBBERY,23,2
41.871936415,-87.699494036,ROBBERY,22,2
41.796216157,-87.723245665,ROBBERY,17,2
41.833347056,-87.720302571,ROBBERY,17,2
41.814905391,-87.700540888,ROBBERY,16,2
41.942858703,-87.756820275,ROBBERY,19,2
41.878840427,-87.639582928,THEFT,8,2
41.942351064,-87.649344776,THEFT,1,2
41.780243493,-87.615319321,ROBBERY,23,2
41.950795948,-87.732390577,ROBBERY,21,2
41.881691019,-87.627760728,ROBBERY,14,2
41.90215894,-87.764507548,ROBBERY,12,2
41.894789245,-87.769788521,ROBBERY,11,2
41.858671609,-87.644833717,ROBBERY,12,2
41.872497397,-87.710742126,ROBBERY,10,2
41.751889626,-87.547822582,ROBBERY,11,2
41.88033698,-87.629365643,THEFT,18,1
41.820937993,-87.697682271,ROBBERY,22,2
41.794555987,-87.630576503,ROBBERY,11,2
41.971411403,-87.771595831,ROBBERY,12,2
41.927998524,-87.673208159,THEFT,12,2
41.874363279,-87.643013039,ROBBERY,5,2
41.758755102,-87.587234567,ROBBERY,23,2
41.969044846,-87.658300072,THEFT,0,2
41.873185004,-87.743795434,ROBBERY,3,2
41.872118081,-87.713165416,ROBBERY,20,2
41.93871642,-87.75547929,ROBBERY,12,2
41.743125083,-87.605007694,ROBBERY,17,2
41.75035324,-87.663590235,ROBBERY,20,2
41.872709251,-87.711856258,ROBBERY,19,2
41.877850233,-87.629290122,THEFT,18,2
41.884071054,-87.722197591,ROBBERY,11,2
41.880775433,-87.627029031,THEFT,18,2
41.868541914,-87.639235361,THEFT,16,2
41.88946287,-87.624222942,THEFT,16,2
41.923237925,-87.725509559,ROBBERY,13,2
41.877756484,-87.720642095,ROBBERY,5,2
41.924142132,-87.699370763,THEFT,0,2
41.898596525,-87.65758428,ROBBERY,12,2
41.902664731,-87.726608375,ROBBERY,10,2
41.747131364,-87.607545884,THEFT,20,2
41.878638996,-87.627691486,THEFT,10,2
41.840498755,-87.615633287,ROBBERY,22,2
41.876995379,-87.764745435,ROBBERY,23,2
41.731255642,-87.549894829,ROBBERY,0,2
41.883930075,-87.680136266,ROBBERY,23,2
41.658601587,-87.609627647,ROBBERY,20,2
41.852889466,-87.621870493,THEFT,18,2
41.881948161,-87.633457143,ROBBERY,22,2
41.749422998,-87.729981108,ROBBERY,16,2
41.816347842,-87.604519822,ROBBERY,20,2
41.810338477,-87.621241112,THEFT,15,2
41.97901126,-87.662424255,ROBBERY,19,2
41.876196982,-87.724108549,ROBBERY,9,2
41.994588742,-87.657522554,ROBBERY,1,2
41.920669402,-87.706133,ROBBERY,3,2
41.867414944,-87.627231186,THEFT,13,2
41.882841419,-87.70186871,ROBBERY,20,2
41.871781022,-87.713763476,ROBBERY,23,2
41.874060099,-87.705924314,ROBBERY,22,2
41.924474033,-87.746310985,ROBBERY,18,2
41.780164653,-87.688548837,ROBBERY,18,2
41.870867709,-87.713860414,ROBBERY,20,2
41.762252523,-87.683175168,ROBBERY,17,2
41.870550237,-87.715548719,ROBBERY,17,2
41.857469102,-87.666133553,ROBBERY,17,2
41.85102174,-87.618954852,THEFT,14,2
41.92795341,-87.668243923,THEFT,14,2
41.885740814,-87.630778959,THEFT,14,2
41.839177222,-87.654191406,ROBBERY,22,2
41.744935166,-87.601370502,THEFT,17,2
41.924523219,-87.723626967,ROBBERY,13,2
41.768382919,-87.644495002,ROBBERY,16,2
41.873635521,-87.710099544,ROBBERY,15,2
41.869898381,-87.718855684,ROBBERY,15,2
41.85826286,-87.718878985,ROBBERY,15,2
41.881492431,-87.62938601,ROBBERY,15,2
41.968444936,-87.667411054,ROBBERY,7,2
41.699175468,-87.643809642,ROBBERY,13,2
41.728139219,-87.656765261,ROBBERY,12,2
41.727707947,-87.551205466,ROBBERY,8,2
41.793929816,-87.630498998,THEFT,13,2
41.874345937,-87.726431997,ROBBERY,4,2
41.699078459,-87.720656669,ROBBERY,6,2
41.659137482,-87.608875108,ROBBERY,15,2
41.882424852,-87.624377884,THEFT,16,2
41.93991842,-87.653288878,THEFT,15,2
41.815966047,-87.704286917,ROBBERY,17,2
41.798854705,-87.685390881,ROBBERY,23,2
41.886780735,-87.676181354,ROBBERY,0,2
41.786499587,-87.649815884,ROBBERY,14,2
41.77175688,-87.662792084,ROBBERY,19,2
41.778099133,-87.633828531,THEFT,9,2
41.883659738,-87.632421239,THEFT,13,2
41.877926025,-87.648633194,ROBBERY,13,2
41.799490663,-87.593499384,ROBBERY,10,2
41.968815819,-87.674618145,ROBBERY,12,2
41.737072445,-87.648508275,ROBBERY,17,2
41.855982026,-87.718812721,ROBBERY,11,2
41.901245235,-87.750847276,ROBBERY,6,2
41.808415456,-87.685819071,ROBBERY,8,2
41.816133545,-87.619779248,ROBBERY,19,2
41.850930304,-87.734486079,ROBBERY,22,2
42.00552183,-87.662241448,ROBBERY,7,2
41.895505083,-87.71174182,ROBBERY,21,2
41.775015522,-87.683530209,ROBBERY,22,2
41.991269014,-87.69455577,ROBBERY,21,2
41.884609184,-87.766664678,ROBBERY,3,2
41.997383899,-87.709677147,ROBBERY,1,2
41.935848276,-87.766402429,ROBBERY,0,2
41.872709251,-87.711856258,ROBBERY,21,2
41.869491081,-87.643733672,ROBBERY,20,2
41.77472813,-87.586158618,ROBBERY,21,2
42.018496028,-87.675942011,ROBBERY,20,2
41.808507017,-87.676329034,ROBBERY,20,2
41.866235211,-87.720473094,ROBBERY,20,2
41.872847624,-87.725403415,ROBBERY,14,2
41.852868298,-87.63091491,THEFT,19,2
41.81035919,-87.606583156,ROBBERY,18,2
41.885481891,-87.627935689,THEFT,16,2
41.890032024,-87.630203077,THEFT,23,2
41.721325872,-87.620580034,THEFT,18,2
41.809125265,-87.631906508,ROBBERY,0,2
41.77307974,-87.700548903,ROBBERY,19,2
41.852834348,-87.716251454,ROBBERY,18,2
41.959344065,-87.711246791,ROBBERY,19,2
41.882381731,-87.629412971,THEFT,18,2
41.872709251,-87.711856258,ROBBERY,20,2
41.942364434,-87.755666892,ROBBERY,15,2
41.881883933,-87.640060441,ROBBERY,16,2
41.744462438,-87.575857383,ROBBERY,16,2
41.78797917,-87.670492074,ROBBERY,16,2
41.723340547,-87.625074428,ROBBERY,2,2
41.91091257,-87.6487694,ROBBERY,12,2
41.887216076,-87.755620452,ROBBERY,14,2
41.868165405,-87.62743954,ROBBERY,6,2
41.954359684,-87.663767383,ROBBERY,11,2
41.782268435,-87.684941919,ROBBERY,11,2
41.730048219,-87.553536385,ROBBERY,4,2
41.71443188,-87.643012967,ROBBERY,14,2
41.837963548,-87.617470765,THEFT,20,2
41.87435219,-87.726057418,THEFT,16,2
41.901122429,-87.715279828,ROBBERY,17,2
41.768646635,-87.628253023,ROBBERY,5,2
41.814067397,-87.599355017,THEFT,22,2
41.78238119,-87.703233008,ROBBERY,21,2
41.84431416,-87.719977688,ROBBERY,19,2
41.75752383,-87.586108987,ROBBERY,19,2
41.895506812,-87.650674935,ROBBERY,20,2
41.880910746,-87.711659284,ROBBERY,3,2
41.886693863,-87.706289153,ROBBERY,5,2
41.802951653,-87.685830073,ROBBERY,3,2
41.887232955,-87.667032196,ROBBERY,22,2
41.692358646,-87.623096746,ROBBERY,0,2
41.880473719,-87.626162064,ROBBERY,20,2
41.877079341,-87.678979612,ROBBERY,22,2
41.786873855,-87.655550394,ROBBERY,21,2
41.877209953,-87.715950918,ROBBERY,18,2
41.863852276,-87.727540817,ROBBERY,17,2
41.731836046,-87.622262697,THEFT,20,2
41.751151039,-87.575969317,THEFT,13,2
41.672528481,-87.62538649,ROBBERY,13,2
41.909868109,-87.727601895,ROBBERY,13,2
41.882381731,-87.629412971,ROBBERY,13,2
41.902297963,-87.751179331,ROBBERY,14,2
41.87900312,-87.629339891,ROBBERY,19,2
41.73614018,-87.62911796,ROBBERY,10,2
41.700128942,-87.563191667,ROBBERY,23,2
41.863948042,-87.708031315,ROBBERY,13,2
41.887123664,-87.754163303,ROBBERY,15,2
41.786742732,-87.664549996,ROBBERY,20,2
41.885481891,-87.627935689,THEFT,14,2
41.976290414,-87.905227221,THEFT,14,2
41.900402325,-87.757290488,ROBBERY,13,2
41.866859553,-87.667012497,ROBBERY,9,2
41.88014865,-87.7709013,ROBBERY,11,2
41.759215044,-87.651534922,ROBBERY,8,2
41.721763443,-87.621663126,ROBBERY,16,2
41.748244217,-87.741304677,ROBBERY,10,2
41.904790742,-87.69261564,ROBBERY,5,2
41.909231005,-87.631601529,ROBBERY,8,2
41.89200307,-87.628076963,ROBBERY,7,2
41.867383437,-87.629698686,ROBBERY,8,2
41.902216694,-87.664705483,ROBBERY,5,2
41.884606524,-87.765015813,ROBBERY,3,2
41.917290367,-87.716097519,ROBBERY,23,2
41.769185486,-87.625732415,THEFT,3,2
41.70351222,-87.620095666,ROBBERY,21,2
41.703205882,-87.613657589,ROBBERY,21,2
41.987427295,-87.777947182,ROBBERY,8,2
41.943844128,-87.649380278,ROBBERY,1,2
41.909335675,-87.733867034,ROBBERY,17,2
41.758772251,-87.585229528,ROBBERY,21,2
41.771457705,-87.662784203,ROBBERY,19,2
41.799490416,-87.617719417,ROBBERY,18,2
41.78590719,-87.672867445,ROBBERY,17,2
41.924406431,-87.733233575,ROBBERY,14,2
41.777336361,-87.654437309,THEFT,17,2
41.885741029,-87.631711749,THEFT,17,2
41.954507152,-87.653372774,ROBBERY,11,2
41.764151886,-87.683229302,ROBBERY,12,2
41.962106905,-87.71316862,ROBBERY,3,2
41.882450699,-87.641211065,THEFT,14,2
41.71907755,-87.536493709,ROBBERY,15,2
41.885436405,-87.703172565,ROBBERY,15,2
41.931994735,-87.766271177,THEFT,13,2
41.691389926,-87.535279454,ROBBERY,12,2
41.72166994,-87.662694015,THEFT,16,2
41.848196405,-87.676635117,ROBBERY,5,2
41.789498788,-87.657183855,ROBBERY,10,2
41.828889937,-87.621714345,ROBBERY,20,2
41.893387843,-87.621233905,ROBBERY,22,2
41.878638996,-87.627691486,ROBBERY,7,2
41.708897854,-87.631444286,ROBBERY,8,2
41.912270409,-87.753869895,ROBBERY,6,2
41.776099582,-87.645361967,ROBBERY,7,2
41.938838101,-87.745929333,ROBBERY,21,2
41.845037817,-87.702596579,ROBBERY,6,2
41.844445471,-87.710214089,ROBBERY,6,2
41.779147989,-87.691261104,ROBBERY,12,2
41.989293402,-87.705537043,ROBBERY,2,2
41.896819218,-87.747159347,ROBBERY,4,2
41.796785386,-87.661012975,ROBBERY,1,2
41.876526581,-87.71085724,ROBBERY,3,2
41.809629081,-87.597938463,ROBBERY,2,2
41.7678792,-87.683327303,THEFT,20,2
41.8671612,-87.646479181,THEFT,19,2
41.780110888,-87.615617777,ROBBERY,12,2
41.77999793,-87.629294594,ROBBERY,22,2
41.794257212,-87.620832396,ROBBERY,12,2
41.741155083,-87.707032887,ROBBERY,18,2
41.913275608,-87.747001448,ROBBERY,19,2
41.71909918,-87.655325332,ROBBERY,15,2
41.946241881,-87.655743334,THEFT,12,2
41.90990286,-87.634672812,THEFT,23,2
41.846050935,-87.726629757,ROBBERY,16,2
41.755397785,-87.653862266,ROBBERY,21,2
41.901541103,-87.720176003,ROBBERY,16,2
41.913183493,-87.753722024,ROBBERY,7,2
41.706987456,-87.620244029,ROBBERY,17,2
41.953443342,-87.744957048,THEFT,14,2
41.903929378,-87.62939674,ROBBERY,2,2
41.851990558,-87.689028236,ROBBERY,11,2
41.72607164,-87.682224947,THEFT,8,2
41.884305904,-87.660154954,ROBBERY,10,2
41.92551874,-87.644872439,ROBBERY,5,2
41.816198657,-87.644837601,ROBBERY,5,2
41.903561493,-87.653509519,THEFT,10,2
41.983649153,-87.658712242,THEFT,18,2
41.892155469,-87.683681176,ROBBERY,7,2
41.897742373,-87.676381197,ROBBERY,5,2
41.783887007,-87.7229079,THEFT,22,2
41.866993033,-87.656984681,THEFT,20,2
41.80055242,-87.668407712,ROBBERY,19,2
41.916152698,-87.687376554,ROBBERY,23,2
41.875874651,-87.745456097,ROBBERY,19,2
41.909262251,-87.774819215,ROBBERY,19,2
41.85144726,-87.731533881,ROBBERY,20,2
41.743298706,-87.614712408,ROBBERY,17,2
41.967400835,-87.7157795,ROBBERY,17,2
41.884561956,-87.696383641,ROBBERY,17,2
41.939566852,-87.724623088,ROBBERY,7,2
41.874034091,-87.747767808,ROBBERY,17,2
41.880386045,-87.754066247,ROBBERY,12,2
41.868541914,-87.639235361,THEFT,16,2
41.838067931,-87.644412415,ROBBERY,15,2
41.735479162,-87.653324829,THEFT,21,2
41.806840631,-87.660577742,ROBBERY,3,2
41.764377638,-87.663763302,ROBBERY,17,2
41.953885576,-87.65453007,THEFT,12,2
41.880779076,-87.721377025,ROBBERY,12,2
41.892571811,-87.621959165,ROBBERY,2,2
41.885106529,-87.65212608,THEFT,20,2
41.917279408,-87.717122734,ROBBERY,17,2
41.885326396,-87.633919718,ROBBERY,18,2
41.942816273,-87.668747429,ROBBERY,0,2
42.01158435,-87.664698279,ROBBERY,17,2
41.876121224,-87.641003973,THEFT,17,2
41.9109337,-87.647251872,ROBBERY,19,2
41.793141605,-87.684021912,THEFT,17,2
41.767504682,-87.686989416,ROBBERY,18,2
41.910624936,-87.667997673,ROBBERY,11,2
41.882394062,-87.627844798,ROBBERY,15,2
41.902740661,-87.718184568,ROBBERY,16,2
41.908654139,-87.744821133,ROBBERY,2,2
41.934084855,-87.725840253,ROBBERY,1,2
41.885452553,-87.725515293,ROBBERY,1,2
41.926251775,-87.75868592,ROBBERY,0,2
41.791306635,-87.732096742,ROBBERY,21,2
41.888525948,-87.644322264,ROBBERY,18,2
41.88171846,-87.627760426,THEFT,10,2
41.900840001,-87.726644015,ROBBERY,21,2
41.976851852,-87.654999693,THEFT,14,2
41.896442307,-87.655722728,THEFT,16,2
41.922039747,-87.697330182,THEFT,17,2
41.922039747,-87.697330182,ROBBERY,4,2
41.750936036,-87.682871596,ROBBERY,21,2
41.729973529,-87.602716366,ROBBERY,20,2
41.823904088,-87.688245927,ROBBERY,2,2
41.803419975,-87.619443526,ROBBERY,2,2
41.812469009,-87.613910419,THEFT,23,2
41.882394062,-87.627844798,ROBBERY,20,2
41.847974429,-87.720383157,ROBBERY,21,2
41.912140967,-87.763096313,ROBBERY,21,2
41.895518357,-87.710140273,ROBBERY,20,2
41.909460624,-87.758847562,ROBBERY,15,2
41.887869292,-87.750748449,ROBBERY,15,2
41.874508398,-87.627608412,THEFT,4,2
41.752718263,-87.553441626,ROBBERY,9,2
41.925463708,-87.648058986,ROBBERY,19,2
41.939102087,-87.726509353,ROBBERY,13,2
41.754636193,-87.557039348,ROBBERY,1,2
41.772998982,-87.576478539,ROBBERY,1,2
41.888057631,-87.629545308,ROBBERY,3,2
41.77803588,-87.610750127,ROBBERY,23,2
41.919608198,-87.760924427,ROBBERY,21,2
41.891404732,-87.628061509,THEFT,21,2
41.917234781,-87.775491899,ROBBERY,22,2
41.921889381,-87.738923226,ROBBERY,22,2
41.907751471,-87.74915702,THEFT,20,2
41.768070562,-87.650554067,ROBBERY,18,2
41.808515836,-87.674036444,ROBBERY,20,2
41.961012686,-87.785607317,ROBBERY,6,2
41.806081419,-87.667334547,ROBBERY,12,2
41.918332246,-87.638144923,ROBBERY,9,2
41.899012916,-87.770405213,ROBBERY,22,2
41.882073709,-87.711042097,ROBBERY,9,2
41.885481891,-87.627935689,THEFT,18,2
41.755970933,-87.65704844,ROBBERY,10,2
41.777685595,-87.662030076,ROBBERY,5,2
41.763008906,-87.654060543,ROBBERY,9,2
41.765134912,-87.587552867,ROBBERY,4,2
41.737955747,-87.727607936,ROBBERY,4,2
41.870968116,-87.704563026,ROBBERY,4,2
41.887152808,-87.698913963,ROBBERY,3,2
41.679716799,-87.634049393,ROBBERY,0,2
41.937682742,-87.762791641,ROBBERY,3,2
41.750938329,-87.625236555,ROBBERY,2,2
41.896185246,-87.66007429,ROBBERY,16,2
41.770980744,-87.6834133,ROBBERY,17,2
41.867426192,-87.626382977,THEFT,14,2
41.707738117,-87.630728111,ROBBERY,9,2
41.885778565,-87.76064626,ROBBERY,10,2
41.867414944,-87.627231186,ROBBERY,11,2
41.883208624,-87.686489297,ROBBERY,11,2
41.878278759,-87.67901144,ROBBERY,7,2
41.84563769,-87.701394227,ROBBERY,12,2
41.959540647,-87.713090558,ROBBERY,13,2
41.811885708,-87.695897331,ROBBERY,8,2
41.771107544,-87.578887248,ROBBERY,9,2
41.744264896,-87.643855092,ROBBERY,7,2
41.723430241,-87.546480606,ROBBERY,2,1
41.706361498,-87.64038929,ROBBERY,19,2
41.689563829,-87.627821185,ROBBERY,17,2
41.999443387,-87.696427542,ROBBERY,17,2
41.94159746,-87.705240603,ROBBERY,23,2
41.768310539,-87.684869878,ROBBERY,21,2
41.854362447,-87.728026804,ROBBERY,19,2
41.899571059,-87.717671355,ROBBERY,22,2
41.713105435,-87.562165093,ROBBERY,16,2
41.73564822,-87.625426514,ROBBERY,19,2
41.76916785,-87.566530745,ROBBERY,19,1
41.895074928,-87.742011123,ROBBERY,18,2
41.789509861,-87.698564888,ROBBERY,0,2
41.764247182,-87.671084615,ROBBERY,16,2
41.759312109,-87.560241344,ROBBERY,18,2
41.763400951,-87.610375537,ROBBERY,12,2
41.903775756,-87.639324074,THEFT,13,2
41.874497638,-87.714236601,ROBBERY,7,2
41.912877792,-87.716636021,ROBBERY,3,2
41.894496091,-87.745792225,ROBBERY,4,2
41.891470611,-87.628064457,THEFT,16,2
41.953443342,-87.744957048,THEFT,15,2
41.855235085,-87.653929781,ROBBERY,18,2
41.808588859,-87.666718028,ROBBERY,12,2
41.875056172,-87.629221649,THEFT,14,2
41.954614809,-87.708035521,THEFT,15,2
41.866341527,-87.711154301,ROBBERY,11,2
41.965426344,-87.655227542,ROBBERY,22,2
41.758726843,-87.590496883,ROBBERY,8,2
41.921240216,-87.770757383,ROBBERY,22,2
41.679521402,-87.620558315,ROBBERY,16,2
41.823676605,-87.695670327,ROBBERY,21,2
41.945114163,-87.823464778,ROBBERY,18,2
41.763494274,-87.610378155,ROBBERY,20,2
41.819084167,-87.634145742,ROBBERY,5,2
41.784917767,-87.623832463,ROBBERY,16,2
41.747151137,-87.606332713,ROBBERY,3,2
41.885908101,-87.626289429,ROBBERY,3,2
41.831014114,-87.617317037,ROBBERY,21,2
41.803034737,-87.676296916,ROBBERY,1,2
41.869005438,-87.684242385,ROBBERY,20,2
41.885481891,-87.627935689,THEFT,21,2
41.841181758,-87.626646245,ROBBERY,21,2
41.917157388,-87.727194941,ROBBERY,19,2
41.895558372,-87.705897593,ROBBERY,20,2
41.830270595,-87.685771318,ROBBERY,23,2
41.745722588,-87.69129743,ROBBERY,22,2
41.875229772,-87.686253982,ROBBERY,20,2
41.722981941,-87.614173241,ROBBERY,20,2
41.766932865,-87.624914075,ROBBERY,4,2
41.750832464,-87.605224746,ROBBERY,16,2
41.653078323,-87.602429702,ROBBERY,14,2
41.802115448,-87.58775136,THEFT,14,2
41.880173915,-87.647312948,ROBBERY,17,2
41.873944069,-87.62598437,ROBBERY,17,2
41.886629873,-87.711174161,ROBBERY,21,2
41.809673222,-87.594126845,ROBBERY,20,2
41.896061713,-87.712673039,ROBBERY,8,2
41.885384877,-87.64130793,ROBBERY,13,2
41.752321439,-87.594294169,ROBBERY,12,2
41.967458424,-87.659655286,ROBBERY,11,2
41.976290414,-87.905227221,THEFT,23,2
41.946488939,-87.718661096,ROBBERY,7,2
41.862418818,-87.713475745,ROBBERY,7,2
41.755382196,-87.661947357,ROBBERY,3,2
41.998944623,-87.661876448,ROBBERY,22,2
41.94670237,-87.656117076,THEFT,2,2
41.931849227,-87.722392208,ROBBERY,0,2
41.726121457,-87.574907933,ROBBERY,1,2
41.876172003,-87.726128315,ROBBERY,19,2
41.864493678,-87.639158,ROBBERY,20,2
41.735406341,-87.658194834,ROBBERY,20,2
41.889906681,-87.624100509,ROBBERY,21,2
41.913204614,-87.751928924,ROBBERY,21,2
41.702737032,-87.535974085,ROBBERY,18,2
41.894351454,-87.660901589,ROBBERY,23,2
41.961606394,-87.668361013,THEFT,2,2
41.982789367,-87.69454123,ROBBERY,14,2
41.880910746,-87.711659284,ROBBERY,7,2
42.020043315,-87.668245637,ROBBERY,13,2
42.019987505,-87.664779537,ROBBERY,15,2
41.884276844,-87.622098929,ROBBERY,14,2
41.878638996,-87.627691486,THEFT,15,2
41.896393689,-87.718781743,ROBBERY,3,2
41.884600448,-87.666897965,ROBBERY,23,2
41.897924384,-87.695523597,ROBBERY,23,2
41.897722552,-87.677714736,ROBBERY,23,2
41.971212232,-87.697624517,THEFT,22,2
41.876924519,-87.738829686,ROBBERY,21,2
41.898529772,-87.762038339,ROBBERY,17,2
41.751317167,-87.563800456,ROBBERY,20,2
41.761619026,-87.590874042,ROBBERY,20,2
41.766180812,-87.582126694,ROBBERY,19,2
41.763156062,-87.629720655,ROBBERY,18,2
41.768065895,-87.567540935,ROBBERY,19,2
41.722362598,-87.58382047,ROBBERY,19,2
41.898232218,-87.629822952,ROBBERY,19,2
41.885741029,-87.631711749,THEFT,13,2
41.902365801,-87.716854733,ROBBERY,19,2
41.89005352,-87.628785195,THEFT,1,2
41.892753031,-87.624193896,ROBBERY,1,2
41.931013246,-87.72206576,ROBBERY,1,2
41.779618399,-87.653767961,ROBBERY,0,2
41.911824326,-87.755747626,ROBBERY,23,2
41.930111022,-87.715007422,ROBBERY,1,2
41.90312507,-87.680932478,ROBBERY,15,2
41.890051565,-87.62891376,THEFT,3,2
41.89429596,-87.66455671,ROBBERY,20,2
41.87709359,-87.686337994,ROBBERY,4,2
41.902365801,-87.716854733,ROBBERY,20,2
41.85886763,-87.725260526,ROBBERY,22,2
41.938572513,-87.766800977,THEFT,18,1
41.75119031,-87.569878083,ROBBERY,5,2
41.880801792,-87.625515824,ROBBERY,19,1
41.76344333,-87.607955881,ROBBERY,12,2
42.019385566,-87.673147017,ROBBERY,21,2
41.858542789,-87.71275698,ROBBERY,11,2
41.931815594,-87.724843794,ROBBERY,4,2
41.751214876,-87.571098146,THEFT,1,1
42.018498254,-87.672983233,THEFT,9,2
41.866604054,-87.686645691,ROBBERY,7,2
41.767446117,-87.586364088,ROBBERY,0,2
41.733898653,-87.668366537,ROBBERY,0,2
41.887706101,-87.662513745,ROBBERY,3,2
41.880432559,-87.626162518,ROBBERY,19,2
41.889088799,-87.669528645,ROBBERY,23,2
41.780518645,-87.690994449,ROBBERY,0,2
41.899271852,-87.772849288,ROBBERY,22,2
41.785673088,-87.693572025,ROBBERY,0,2
41.778661058,-87.68227253,ROBBERY,22,2
41.879563707,-87.686390191,ROBBERY,21,2
41.962340543,-87.722968739,ROBBERY,0,2
41.850667746,-87.724736245,ROBBERY,23,2
41.751613643,-87.575373855,ROBBERY,22,2
41.892605313,-87.619839586,ROBBERY,19,2
41.763210491,-87.626516489,ROBBERY,19,2
41.746172076,-87.574184625,ROBBERY,22,2
41.899980028,-87.717685792,ROBBERY,19,2
41.885481891,-87.627935689,THEFT,21,2
41.795837911,-87.585429397,ROBBERY,14,2
41.862986237,-87.686487579,ROBBERY,19,2
41.892164276,-87.607702294,THEFT,16,2
41.898767916,-87.624116333,THEFT,15,2
41.907320745,-87.631556325,ROBBERY,17,2
41.764737283,-87.624890577,ROBBERY,14,2
41.893530504,-87.766618883,ROBBERY,14,2
41.90402879,-87.758650136,ROBBERY,15,2
41.909476837,-87.757701197,ROBBERY,11,2
41.912243185,-87.744740403,ROBBERY,9,2
41.832847769,-87.625809572,ROBBERY,9,2
41.902474874,-87.755780468,ROBBERY,16,2
41.907286257,-87.715330588,ROBBERY,12,1
41.926287021,-87.785547998,ROBBERY,12,2
41.831203853,-87.612552184,ROBBERY,22,1
41.891006903,-87.620077737,ROBBERY,2,2
41.796280165,-87.702077374,ROBBERY,10,2
41.879860127,-87.771384873,ROBBERY,2,2
41.893739389,-87.665587248,ROBBERY,20,2
41.882529537,-87.626223856,THEFT,17,1
41.87766908,-87.629284766,THEFT,17,2
41.92332862,-87.736521395,ROBBERY,16,2
41.885481891,-87.627935689,THEFT,11,2
41.82254499,-87.665557031,THEFT,12,2
41.884500442,-87.624975563,ROBBERY,17,2
41.743503863,-87.60501807,ROBBERY,15,2
41.924219899,-87.795263026,ROBBERY,15,2
41.960985543,-87.724639878,THEFT,15,1
41.74808565,-87.643968122,ROBBERY,12,2
41.764755523,-87.612819881,ROBBERY,11,2
41.966490762,-87.721605386,ROBBERY,21,2
41.748668071,-87.654211745,ROBBERY,13,2
41.749876545,-87.682838316,THEFT,8,1
41.787615978,-87.698506568,ROBBERY,13,2
41.886560206,-87.716062887,ROBBERY,11,1
41.751732067,-87.565928387,THEFT,10,2
41.884389103,-87.706866213,ROBBERY,15,1
41.904370109,-87.631460067,THEFT,9,2
41.808833439,-87.622824022,ROBBERY,8,1
41.73120076,-87.549895496,ROBBERY,6,1
41.874363279,-87.643013039,THEFT,23,1
41.895896023,-87.677913394,ROBBERY,6,2
41.781822256,-87.601097796,ROBBERY,6,1
41.742979225,-87.61146577,ROBBERY,13,1
41.865308919,-87.730041871,ROBBERY,3,2
41.876991717,-87.681426001,ROBBERY,23,2
41.749899475,-87.663426378,ROBBERY,21,2
41.793565643,-87.645138548,ROBBERY,23,2
41.88900136,-87.633989809,ROBBERY,17,1
41.89540929,-87.72149816,ROBBERY,22,1
41.844231064,-87.726030383,ROBBERY,14,2
41.778490327,-87.683623452,ROBBERY,18,2
41.899924759,-87.759469334,ROBBERY,21,2
41.856918327,-87.733442782,ROBBERY,17,2
41.797120798,-87.753254384,ROBBERY,23,1
41.873907046,-87.725430093,THEFT,16,1
41.703563787,-87.535286398,ROBBERY,21,1
41.863520332,-87.629381272,THEFT,21,1
41.901466628,-87.71651809,ROBBERY,6,1
41.772997321,-87.680907411,ROBBERY,20,1
41.939268543,-87.71298198,ROBBERY,19,1
41.915380222,-87.638724404,ROBBERY,17,1
41.946618646,-87.709131893,ROBBERY,15,1
41.90352381,-87.66674162,THEFT,17,1
41.896442307,-87.655722728,THEFT,17,1
41.883500187,-87.627876698,THEFT,16,1
41.903775756,-87.639324074,THEFT,17,1
41.668258147,-87.641588617,ROBBERY,18,1
42.009701325,-87.694974832,ROBBERY,12,1
41.901917604,-87.765648428,THEFT,14,1
41.899095201,-87.717977126,ROBBERY,11,1
41.955116333,-87.656153005,ROBBERY,8,1
41.808564082,-87.669073142,ROBBERY,13,1
41.765962191,-87.689398519,THEFT,12,1
41.657909568,-87.600893007,ROBBERY,5,1
41.780352232,-87.66424243,ROBBERY,19,1
41.887673173,-87.662514089,ROBBERY,21,1
41.939211601,-87.717698178,ROBBERY,22,1
41.865713975,-87.7251516,ROBBERY,21,1
41.985413157,-87.695589018,ROBBERY,20,1
41.863580844,-87.717781792,ROBBERY,20,1
41.831103159,-87.617514186,THEFT,20,1
41.88233367,-87.627841791,ROBBERY,17,1
41.860330052,-87.716462056,ROBBERY,1,1
41.885728393,-87.63413935,THEFT,17,1
41.896888586,-87.628203192,THEFT,2,1
41.897837503,-87.624097243,THEFT,21,1
41.892509386,-87.626069718,THEFT,17,1
41.824675709,-87.617013434,THEFT,16,1
41.808069029,-87.707991807,ROBBERY,3,1
41.78758575,-87.647417257,THEFT,6,1
41.783260734,-87.719195944,ROBBERY,13,1
41.736539663,-87.55694955,ROBBERY,10,1
41.880579428,-87.627732563,ROBBERY,9,1
42.019398266,-87.67488021,ROBBERY,19,1
41.886665074,-87.765089381,ROBBERY,22,1
41.82716086,-87.641447355,ROBBERY,9,1
41.92428789,-87.666955455,ROBBERY,9,1
41.763462539,-87.607955665,ROBBERY,9,1
41.862979749,-87.630282952,THEFT,16,1
41.77948038,-87.66391419,ROBBERY,5,1
41.910156907,-87.703745073,THEFT,16,1
41.681424455,-87.643698996,ROBBERY,20,1
41.814650645,-87.688291102,ROBBERY,12,1
42.012270911,-87.689264024,ROBBERY,5,1
41.748562651,-87.661487053,ROBBERY,0,1
41.680775658,-87.639862155,ROBBERY,5,1
41.813822185,-87.704682061,ROBBERY,12,1
41.902259195,-87.754911824,ROBBERY,9,1
41.900283141,-87.687925886,ROBBERY,1,1
41.737482559,-87.619401156,ROBBERY,6,1
41.982270338,-87.806941262,THEFT,9,1
41.884162337,-87.624439467,THEFT,15,1
41.891678767,-87.627551654,THEFT,6,1
41.693258507,-87.642408263,ROBBERY,1,1
41.876894372,-87.702320152,ROBBERY,20,1
41.81508969,-87.702615375,ROBBERY,0,1
41.922873794,-87.63993657,ROBBERY,15,1
41.884790951,-87.624469241,ROBBERY,13,1
41.891603364,-87.620232702,ROBBERY,23,1
41.947575455,-87.66887077,ROBBERY,21,1
41.908430535,-87.638509526,ROBBERY,18,1
41.928232475,-87.718818012,ROBBERY,18,1
41.839529717,-87.628433249,ROBBERY,18,1
41.881182263,-87.629374726,THEFT,16,1
41.900914498,-87.631358327,ROBBERY,15,1
41.882107947,-87.624609064,THEFT,15,1
41.786943634,-87.71664539,ROBBERY,13,1
41.884476226,-87.631310613,THEFT,16,1
42.016033158,-87.679069533,ROBBERY,15,1
41.87286973,-87.697061506,ROBBERY,22,1
41.860432136,-87.707937086,ROBBERY,16,1
41.97008868,-87.762690091,ROBBERY,19,1
41.800420681,-87.668405407,ROBBERY,18,1
41.831101673,-87.617716013,ROBBERY,18,1
41.866500852,-87.696662076,ROBBERY,19,1
41.922786529,-87.645045119,THEFT,23,1
41.712004357,-87.62963784,ROBBERY,1,1
41.883173078,-87.741467212,ROBBERY,13,1
41.881770348,-87.748886969,ROBBERY,15,1
41.892017399,-87.624165306,ROBBERY,3,1
41.830954079,-87.630703226,ROBBERY,22,1
41.894257141,-87.617162024,ROBBERY,21,1
41.830917641,-87.608064205,ROBBERY,20,1
41.896031232,-87.760679555,ROBBERY,21,1
41.699821628,-87.627291628,ROBBERY,16,1
41.869934135,-87.715800643,ROBBERY,16,1
41.782506798,-87.664293362,ROBBERY,7,1
41.887154215,-87.624545946,THEFT,14,1
41.705455427,-87.681590704,THEFT,3,1
41.883673944,-87.626233272,THEFT,11,1
41.890430903,-87.647607205,ROBBERY,12,1
41.877585052,-87.627666361,ROBBERY,4,1
42.018712348,-87.66587483,ROBBERY,5,1
41.88462181,-87.635385324,ROBBERY,4,1
41.903931469,-87.629290187,THEFT,3,1
41.936127619,-87.702626005,ROBBERY,23,1
41.882866297,-87.763279569,ROBBERY,2,1
41.995863372,-87.693181802,ROBBERY,22,1
41.945643828,-87.656705388,ROBBERY,1,1
41.881106827,-87.733040327,ROBBERY,15,1
41.744747765,-87.734909489,ROBBERY,5,1
41.912062036,-87.74473472,ROBBERY,5,1
41.96075626,-87.744341945,ROBBERY,4,1
41.749213726,-87.552219755,ROBBERY,23,1
41.925467622,-87.746345973,ROBBERY,2,1
41.742667712,-87.65352747,ROBBERY,1,1
41.779176188,-87.689434991,ROBBERY,21,1
41.720099902,-87.643179411,ROBBERY,21,1
41.808138193,-87.703072372,ROBBERY,2,1
41.911447132,-87.746841836,ROBBERY,3,1
41.892883092,-87.768894415,ROBBERY,1,1
41.766253047,-87.574743368,ROBBERY,0,1
41.677968643,-87.627761152,ROBBERY,21,1
41.836600771,-87.61677038,ROBBERY,19,1
41.798821454,-87.774686317,ROBBERY,18,1
41.811108373,-87.707749494,ROBBERY,22,1
41.898556469,-87.7066543,ROBBERY,21,1
42.01980733,-87.668248096,ROBBERY,21,1
41.763462539,-87.607955665,ROBBERY,20,1
41.956380443,-87.717889584,ROBBERY,19,1
41.87528403,-87.724275108,ROBBERY,19,1
41.823951146,-87.671434641,ROBBERY,17,1
41.883645243,-87.642711157,THEFT,11,1
41.750832464,-87.605224746,THEFT,19,1
41.771167387,-87.683418747,ROBBERY,11,1
41.780016449,-87.688546655,ROBBERY,12,1
41.871145975,-87.746465054,ROBBERY,6,1
41.852192589,-87.707701693,ROBBERY,8,1
41.882381731,-87.629412971,THEFT,16,1
41.758539527,-87.585734355,THEFT,14,1
41.884650262,-87.627915459,THEFT,14,1
41.980842557,-87.655108131,ROBBERY,16,1
41.844160231,-87.7313416,ROBBERY,23,1
41.688006117,-87.626208996,ROBBERY,13,1
41.93374417,-87.644581852,THEFT,13,1
41.754592961,-87.741528537,ROBBERY,21,1
41.750538141,-87.634278086,THEFT,6,1
41.867559916,-87.699599682,ROBBERY,11,1
41.882092063,-87.625593389,THEFT,17,1
41.809125265,-87.631906508,THEFT,5,1
41.877653074,-87.748171734,ROBBERY,4,1
41.927655677,-87.763965068,ROBBERY,4,1
41.936150132,-87.708752521,ROBBERY,1,1
41.856845183,-87.734676843,ROBBERY,23,1
41.870976076,-87.704012212,ROBBERY,22,1
41.969207866,-87.726841476,ROBBERY,17,1
41.876495409,-87.696166323,ROBBERY,17,1
41.816647623,-87.615958344,ROBBERY,23,1
41.78082323,-87.653318937,ROBBERY,23,1
41.803224807,-87.592946619,ROBBERY,18,1
41.958790656,-87.756081083,ROBBERY,17,1
41.745024494,-87.605063179,ROBBERY,17,1
41.953926688,-87.707152575,ROBBERY,18,1
41.800749229,-87.663549834,ROBBERY,19,1
41.793311164,-87.657279473,ROBBERY,17,1
41.878644293,-87.703654237,ROBBERY,16,1
41.735335188,-87.641162432,ROBBERY,15,1
41.779975054,-87.630937377,ROBBERY,10,1
41.831122218,-87.62590563,ROBBERY,9,1
41.938770995,-87.700258691,ROBBERY,10,1
41.940639062,-87.747688104,ROBBERY,7,1
41.966334153,-87.757652952,ROBBERY,14,1
41.885426371,-87.630966024,THEFT,15,1
41.793528842,-87.613168806,ROBBERY,23,1
41.831014114,-87.617317037,THEFT,11,1
41.858461976,-87.661332771,ROBBERY,13,1
41.961799968,-87.653155524,THEFT,17,1
41.882381731,-87.629412971,THEFT,13,1
41.701199673,-87.618477034,ROBBERY,5,1
41.93872425,-87.754854391,ROBBERY,3,1
41.887123664,-87.754163303,THEFT,11,1
41.778201262,-87.599177537,ROBBERY,19,1
41.852572471,-87.725812004,ROBBERY,19,1
41.803224807,-87.592946619,ROBBERY,18,1
41.931515676,-87.747914894,ROBBERY,4,1
41.837871585,-87.623435005,ROBBERY,7,1
41.880801792,-87.625515824,ROBBERY,20,1
41.933588215,-87.763868205,ROBBERY,21,1
41.652371958,-87.617963338,ROBBERY,23,1
42.018254312,-87.688968127,ROBBERY,0,1
41.746685097,-87.605110373,ROBBERY,23,1
41.983148713,-87.693529863,ROBBERY,19,1
41.71473202,-87.569441652,ROBBERY,21,1
41.760812125,-87.565805547,ROBBERY,19,1
41.804069153,-87.664850317,ROBBERY,19,1
41.952901742,-87.787536961,ROBBERY,17,1
41.727775561,-87.588644524,ROBBERY,18,1
41.749780682,-87.667066613,ROBBERY,13,1
41.684160442,-87.66269195,ROBBERY,13,1
41.760490694,-87.655168354,ROBBERY,17,1
41.891465732,-87.624153044,ROBBERY,15,1
41.876121224,-87.641003973,THEFT,8,1
41.880743831,-87.62813836,THEFT,16,1
41.770060129,-87.654250097,ROBBERY,17,1
41.916332891,-87.715125742,ROBBERY,12,1
41.979962633,-87.806978658,ROBBERY,12,1
41.76439962,-87.70206374,ROBBERY,14,1
41.716091748,-87.620465719,ROBBERY,3,1
41.933406865,-87.777258407,ROBBERY,18,1
41.773892091,-87.58630763,ROBBERY,16,1
41.888525948,-87.644322264,ROBBERY,23,1
41.781071552,-87.615643728,ROBBERY,19,1
41.896442307,-87.655722728,THEFT,17,1
41.910214574,-87.697278585,THEFT,8,1
41.743506161,-87.692455444,ROBBERY,7,1
41.778321993,-87.586402872,ROBBERY,9,1
41.85562042,-87.671038456,ROBBERY,23,1
41.869946398,-87.686131036,ROBBERY,0,1
41.927420811,-87.653678862,ROBBERY,0,1
41.92432744,-87.653572058,ROBBERY,0,1
41.917919446,-87.669005814,ROBBERY,0,1
41.84905907,-87.6806563,ROBBERY,23,1
41.853902827,-87.734579481,ROBBERY,22,1
41.951677189,-87.762023521,ROBBERY,21,1
41.671970211,-87.626088052,ROBBERY,16,1
41.882951801,-87.624386748,ROBBERY,16,1
41.88033698,-87.629365643,THEFT,16,1
41.991376844,-87.656853941,ROBBERY,20,1
41.891404732,-87.628061509,THEFT,20,1
41.778618506,-87.726118216,ROBBERY,15,1
41.885596865,-87.651514924,THEFT,8,1
41.940957434,-87.723966635,ROBBERY,14,1
41.891475999,-87.62537228,THEFT,18,1
41.879043079,-87.745225096,THEFT,13,1
41.691891253,-87.632793512,ROBBERY,7,1
41.77504864,-87.634921179,THEFT,15,1
41.885730695,-87.634517583,THEFT,14,1
41.751067888,-87.552882579,ROBBERY,12,1
41.903775756,-87.639324074,ROBBERY,7,1
41.88033698,-87.629365643,THEFT,17,1
41.880489945,-87.745887499,ROBBERY,23,1
41.758277853,-87.62233006,THEFT,22,1
41.736276459,-87.643896574,ROBBERY,23,1
41.902029991,-87.693098736,ROBBERY,21,1
41.889672607,-87.679930861,ROBBERY,15,1
41.84238663,-87.623553916,ROBBERY,23,1
41.750751865,-87.562575869,ROBBERY,22,1
41.880981401,-87.737940144,ROBBERY,19,1
41.754638316,-87.562653979,ROBBERY,18,1
41.764816217,-87.640079564,ROBBERY,19,1
41.766073536,-87.575819496,ROBBERY,17,1
41.961099303,-87.74756329,ROBBERY,19,1
41.880383652,-87.754136039,ROBBERY,17,1
41.875286899,-87.67649739,ROBBERY,14,1
41.785161229,-87.620603115,ROBBERY,16,1
41.875625025,-87.629351263,ROBBERY,19,1
41.7492026,-87.69626863,ROBBERY,19,1
41.742759807,-87.737342695,ROBBERY,20,1
41.86557542,-87.671313862,ROBBERY,19,1
41.75162913,-87.656995068,ROBBERY,14,1
41.881268299,-87.627743345,ROBBERY,14,1
41.77344324,-87.661616065,ROBBERY,17,1
41.908728216,-87.736312078,ROBBERY,16,1
41.907153315,-87.639680572,THEFT,17,1
41.931626396,-87.739549467,ROBBERY,16,1
41.772878706,-87.692009168,ROBBERY,8,1
41.755633717,-87.644173224,ROBBERY,9,1
41.870976076,-87.704012212,ROBBERY,11,1
41.994128092,-87.687622373,ROBBERY,5,1
41.87766908,-87.629284766,THEFT,17,1
41.786217081,-87.670447891,ROBBERY,19,1
41.775589473,-87.682629881,ROBBERY,6,1
41.7335097,-87.560576484,ROBBERY,23,1
41.885753285,-87.626996239,THEFT,18,1
41.91424467,-87.726469321,ROBBERY,13,1
41.982161273,-87.668500261,THEFT,16,1
41.74773313,-87.556462903,ROBBERY,18,1
41.88171846,-87.627760426,THEFT,7,1
41.890032024,-87.630203077,THEFT,0,1
41.809315206,-87.704021864,ROBBERY,16,1
41.89200307,-87.628076963,THEFT,18,1
41.765819345,-87.684495418,ROBBERY,14,1
41.96055619,-87.71312483,ROBBERY,3,1
41.917234286,-87.720999473,ROBBERY,3,1
41.788451196,-87.622304761,ROBBERY,0,1
41.803799227,-87.590530312,ROBBERY,0,1
41.750486532,-87.624955674,ROBBERY,20,1
41.866332671,-87.639215203,THEFT,19,1
41.887739052,-87.662517072,ROBBERY,21,1
41.808028819,-87.684414463,ROBBERY,19,1
41.925921947,-87.649432101,ROBBERY,21,1
41.923609109,-87.650445264,ROBBERY,0,1
41.806625394,-87.718642742,ROBBERY,19,1
41.882139587,-87.71104513,ROBBERY,19,1
42.017567746,-87.668190473,ROBBERY,19,1
41.884600448,-87.666897965,ROBBERY,20,1
41.961342741,-87.727838934,ROBBERY,19,1
41.875229772,-87.686253982,ROBBERY,18,1
41.793513967,-87.67758965,ROBBERY,20,1
41.916700805,-87.67516537,ROBBERY,11,1
41.880399914,-87.753008553,THEFT,19,1
41.895562615,-87.705669827,ROBBERY,18,1
41.717977525,-87.631682478,ROBBERY,10,1
41.933380827,-87.646687943,ROBBERY,19,1
41.847201226,-87.695311982,ROBBERY,10,1
41.90982326,-87.634670006,THEFT,17,1
41.881529075,-87.627755165,THEFT,10,1
41.750936036,-87.682871596,ROBBERY,4,1
41.750794483,-87.633560686,ROBBERY,6,1
41.721251232,-87.659610434,ROBBERY,15,1
41.891135724,-87.628049777,ROBBERY,12,1
41.881892466,-87.755121251,ROBBERY,11,1
41.99486414,-87.699548581,ROBBERY,1,1
41.866341527,-87.711154301,ROBBERY,15,1
41.958235641,-87.759777379,ROBBERY,17,1
41.84197728,-87.624813548,ROBBERY,1,1
41.862218265,-87.639087164,ROBBERY,9,1
41.790021381,-87.695292592,ROBBERY,11,1
41.904826539,-87.632953857,ROBBERY,19,1
41.959196177,-87.753235385,THEFT,17,1
41.882951801,-87.624386748,ROBBERY,18,1
41.911158368,-87.635353481,THEFT,0,1
41.880586939,-87.706110174,ROBBERY,16,1
41.763462539,-87.607955665,ROBBERY,12,1
41.722412101,-87.537712612,ROBBERY,15,1
41.931506756,-87.661103163,ROBBERY,16,1
41.791815763,-87.653598804,ROBBERY,11,1
41.782250567,-87.691043161,ROBBERY,10,1
41.919917606,-87.695198072,ROBBERY,4,1
41.65548171,-87.602325685,ROBBERY,6,1
41.750940757,-87.625185222,ROBBERY,9,1
41.958495292,-87.702048861,ROBBERY,3,1
41.914741204,-87.70200627,ROBBERY,4,1
41.891978054,-87.76345198,ROBBERY,12,1
41.840262656,-87.714680468,ROBBERY,2,1
41.795991039,-87.630542489,THEFT,13,1
41.778105265,-87.700679149,THEFT,6,1
42.012270911,-87.689264024,ROBBERY,2,1
41.720331695,-87.549661235,ROBBERY,23,1
41.995925553,-87.689090416,ROBBERY,23,1
41.819403364,-87.623103401,ROBBERY,22,1
41.915380222,-87.638724404,ROBBERY,22,1
41.961557598,-87.725395525,ROBBERY,21,1
41.778420902,-87.700687045,ROBBERY,20,1
41.874750008,-87.762969831,ROBBERY,19,1
41.789203994,-87.624665256,ROBBERY,19,1
41.875588919,-87.632421308,THEFT,19,1
41.899284788,-87.695884725,ROBBERY,14,1
41.869620555,-87.722849259,ROBBERY,19,1
41.882381731,-87.629412971,THEFT,18,1
41.765052917,-87.576275029,THEFT,19,1
41.725717597,-87.603658427,ROBBERY,10,1
41.852904617,-87.708942737,ROBBERY,21,1
41.88193391,-87.702020861,ROBBERY,21,1
41.654499308,-87.596749134,ROBBERY,5,1
41.776627985,-87.692111132,ROBBERY,8,1
41.867182042,-87.716895493,ROBBERY,8,1
41.876860798,-87.744037046,ROBBERY,6,1
41.814539325,-87.606678967,THEFT,16,1
41.741949408,-87.617054222,ROBBERY,6,1
41.739938233,-87.561188264,THEFT,16,1
41.886620714,-87.688129523,ROBBERY,5,1
41.964541091,-87.679067151,ROBBERY,4,1
41.750564801,-87.649193107,ROBBERY,6,1
42.005310484,-87.67455087,ROBBERY,0,1
41.805286869,-87.616484885,ROBBERY,1,1
41.962933819,-87.714862981,ROBBERY,11,1
41.800914153,-87.597649357,ROBBERY,10,1
41.881621685,-87.65682676,ROBBERY,9,1
41.980520007,-87.659984711,ROBBERY,10,1
41.791423787,-87.670584934,ROBBERY,10,1
41.869163856,-87.770993928,ROBBERY,14,1
41.866298596,-87.700783285,ROBBERY,19,1
41.891446782,-87.711314729,THEFT,7,1
41.781858073,-87.691032412,ROBBERY,18,1
41.864800009,-87.725127221,THEFT,17,1
41.886863814,-87.626851797,ROBBERY,16,1
41.877908728,-87.731267321,ROBBERY,10,1
41.778674205,-87.683625262,ROBBERY,18,1
41.869678542,-87.71064832,ROBBERY,17,1
41.868165405,-87.62743954,THEFT,17,1
41.741949408,-87.617054222,THEFT,13,1
41.908838539,-87.631594807,ROBBERY,18,1
41.846035085,-87.728307164,ROBBERY,20,1
41.745354023,-87.603798903,THEFT,20,1
41.931693061,-87.711702971,ROBBERY,18,1
41.891113672,-87.625357917,THEFT,16,1
41.901170519,-87.690058483,ROBBERY,19,1
41.744604389,-87.72175209,ROBBERY,19,1
41.891404732,-87.628061509,THEFT,15,1
41.87939193,-87.753928343,ROBBERY,18,1
41.79369742,-87.66184102,ROBBERY,3,1
41.879496951,-87.627083503,ROBBERY,15,1
41.785823816,-87.715596443,ROBBERY,17,1
41.806141408,-87.6649058,ROBBERY,17,1
41.779012821,-87.664208692,ROBBERY,16,1
41.784255275,-87.629002357,ROBBERY,14,1
41.851912363,-87.694681559,ROBBERY,12,1
41.885191719,-87.624486846,THEFT,11,1
41.90814471,-87.719844634,ROBBERY,18,1
41.994499101,-87.699537488,ROBBERY,16,1
41.959980505,-87.752048056,ROBBERY,14,1
41.780835284,-87.664252074,THEFT,21,1
41.770505963,-87.732305681,ROBBERY,12,1
41.785964098,-87.721296842,ROBBERY,12,1
41.759409623,-87.605417347,THEFT,11,1
41.996851905,-87.687414578,THEFT,12,1
41.750320344,-87.666427043,ROBBERY,17,1
41.75162913,-87.656995068,ROBBERY,19,1
41.875257235,-87.72647111,ROBBERY,19,1
41.886094169,-87.765068733,ROBBERY,22,1
41.93991842,-87.653288878,THEFT,22,1
41.95383444,-87.714432599,ROBBERY,4,1
41.939612878,-87.644386383,ROBBERY,2,1
41.875178061,-87.627619404,ROBBERY,3,1
41.956717953,-87.703213467,ROBBERY,22,1
41.760515265,-87.6673441,ROBBERY,22,1
41.911120713,-87.63819379,ROBBERY,1,1
41.762378882,-87.685626026,ROBBERY,23,1
41.873851386,-87.69002407,ROBBERY,22,1
41.772864802,-87.621164513,ROBBERY,20,1
41.801895518,-87.58769156,ROBBERY,8,1
41.929078149,-87.649490261,ROBBERY,18,1
41.850995562,-87.670902645,ROBBERY,18,1
41.735445992,-87.601470929,ROBBERY,7,1
41.749816377,-87.667069909,ROBBERY,12,1
41.877096,-87.724937209,ROBBERY,23,1
41.881258505,-87.680369117,ROBBERY,22,1
41.758274116,-87.644236603,ROBBERY,3,1
41.892164709,-87.763461339,ROBBERY,22,1
41.960230099,-87.786080959,ROBBERY,19,1
41.903744803,-87.707977436,ROBBERY,22,1
42.002184472,-87.694880736,ROBBERY,18,1
41.898302274,-87.632753341,THEFT,9,1
41.854273529,-87.624688864,ROBBERY,12,1
41.880743831,-87.62813836,ROBBERY,13,1
41.885293195,-87.668051241,ROBBERY,12,1
41.888441442,-87.755359677,THEFT,15,1
41.898544605,-87.68280833,ROBBERY,12,1
41.908183812,-87.77313871,ROBBERY,11,1
41.837972115,-87.651811517,ROBBERY,9,1
41.834366146,-87.704741597,ROBBERY,9,1
42.014785803,-87.687527528,ROBBERY,16,1
41.851487667,-87.728776988,ROBBERY,9,1
41.88096768,-87.737940272,ROBBERY,0,1
41.922786529,-87.645045119,ROBBERY,1,1
41.976881736,-87.765133932,ROBBERY,22,1
41.918155261,-87.720281533,ROBBERY,2,1
41.682448371,-87.670327915,ROBBERY,21,1
41.962612921,-87.741979027,ROBBERY,22,1
41.969998684,-87.656241773,ROBBERY,11,1
41.906228105,-87.730512728,ROBBERY,21,1
41.7458171,-87.562499311,ROBBERY,17,1
41.794773403,-87.582526343,ROBBERY,20,1
41.950918793,-87.796505332,ROBBERY,21,1
41.881883933,-87.640060441,ROBBERY,18,1
41.884780532,-87.629467432,THEFT,17,1
41.784056597,-87.683772589,ROBBERY,18,1
41.765162688,-87.624896894,THEFT,11,1
41.878264631,-87.625275769,ROBBERY,17,1
41.721439376,-87.614131833,ROBBERY,2,1
41.778883826,-87.664206366,THEFT,13,1
41.751457646,-87.552892516,THEFT,6,1
41.88233367,-87.627841791,THEFT,11,1
41.844750263,-87.724575794,ROBBERY,21,1
41.729618252,-87.551244573,ROBBERY,20,1
41.819325545,-87.624722119,ROBBERY,6,1
41.935428755,-87.783400598,ROBBERY,9,1
41.817822779,-87.72392842,ROBBERY,14,1
41.965394976,-87.657820148,ROBBERY,13,1
42.02117355,-87.673411896,ROBBERY,20,1
41.873185004,-87.743795434,ROBBERY,11,1
41.94933263,-87.64847244,THEFT,8,1
41.945219715,-87.776479414,ROBBERY,21,1
41.96055619,-87.71312483,ROBBERY,6,1
41.968393644,-87.714140929,ROBBERY,18,1
41.909498816,-87.756066167,ROBBERY,4,1
41.805328262,-87.612574536,ROBBERY,1,1
41.916466128,-87.641773214,ROBBERY,18,1
41.742710224,-87.634088181,THEFT,9,1
41.743902286,-87.663276191,ROBBERY,6,1
41.756707398,-87.566327248,ROBBERY,18,1
41.881386494,-87.672043016,ROBBERY,23,1
41.881169556,-87.7697907,ROBBERY,2,1
41.994567578,-87.65905678,ROBBERY,17,1
41.959095303,-87.730459586,ROBBERY,17,1
41.75162913,-87.656995068,ROBBERY,18,1
41.921414293,-87.756069014,ROBBERY,22,1
41.855911352,-87.719966,ROBBERY,19,1
41.956194022,-87.729292081,ROBBERY,18,1
41.909608631,-87.747406059,ROBBERY,18,1
41.828732149,-87.619283446,ROBBERY,15,1
41.883210775,-87.629906972,THEFT,17,1
41.76735372,-87.689428591,ROBBERY,18,1
41.966053999,-87.657890403,THEFT,17,1
41.810419014,-87.749345262,ROBBERY,17,1
41.813169694,-87.694354933,ROBBERY,17,1
41.979762104,-87.673604276,ROBBERY,15,1
41.881770084,-87.635309866,THEFT,13,1
41.742582075,-87.663242282,ROBBERY,12,1
41.98046126,-87.657925733,ROBBERY,23,1
41.998059228,-87.697221264,THEFT,23,1
41.921024711,-87.683664004,ROBBERY,19,1
41.891893286,-87.628074498,THEFT,12,1
41.784202307,-87.643794042,ROBBERY,23,1
41.909829291,-87.676609962,THEFT,1,1
41.933582379,-87.645517082,THEFT,14,1
41.895634912,-87.699347915,ROBBERY,8,1
41.686303011,-87.631316498,ROBBERY,19,1
41.813831042,-87.687969178,ROBBERY,5,1
41.808677858,-87.596815929,ROBBERY,0,1
41.880427457,-87.750860116,ROBBERY,19,1
41.884485203,-87.62874355,THEFT,14,1
41.90982859,-87.677447594,THEFT,14,1
41.768729167,-87.623384033,THEFT,18,1
41.78424332,-87.686223671,ROBBERY,22,1
41.871530533,-87.744926805,ROBBERY,16,1
41.772998982,-87.576478539,ROBBERY,14,1
41.700921639,-87.534982177,THEFT,14,1
41.793133372,-87.730865852,ROBBERY,14,1
41.761156087,-87.675206875,ROBBERY,12,1
41.923569077,-87.803429763,THEFT,15,1
41.687781719,-87.620979701,THEFT,11,1
41.766283315,-87.566488118,ROBBERY,18,1
41.895538876,-87.624265922,THEFT,14,1
41.93871642,-87.75547929,ROBBERY,17,1
41.864693143,-87.666333791,ROBBERY,12,1
41.739410085,-87.664729892,ROBBERY,13,1
41.748707187,-87.612435017,ROBBERY,18,1
41.884485203,-87.62874355,THEFT,13,1
41.958535894,-87.776168638,ROBBERY,15,1
41.951317947,-87.768173307,ROBBERY,15,1
41.874841724,-87.755515269,ROBBERY,17,1
41.913272058,-87.706837355,ROBBERY,21,1
41.902505497,-87.774165467,ROBBERY,19,1
41.651431329,-87.527258234,ROBBERY,13,1
41.752446899,-87.636778759,THEFT,21,1
41.677459176,-87.631057545,ROBBERY,13,1
41.998247581,-87.686241617,ROBBERY,4,1
41.782418097,-87.686176026,ROBBERY,11,1
41.880715353,-87.726434156,ROBBERY,20,1
41.801864216,-87.593461078,ROBBERY,23,1
41.892603428,-87.704001961,ROBBERY,21,1
41.874062086,-87.625986741,ROBBERY,19,1
41.960350089,-87.686224433,ROBBERY,19,1
41.845631276,-87.685465967,ROBBERY,18,1
41.837669627,-87.736521621,ROBBERY,18,1
41.90572002,-87.679774603,ROBBERY,13,1
41.712006054,-87.671016803,ROBBERY,12,1
41.794428897,-87.590319472,ROBBERY,0,1
41.962966813,-87.71233299,ROBBERY,22,1
41.865494456,-87.709297515,ROBBERY,22,1
41.877354472,-87.702649772,ROBBERY,23,1
41.96663703,-87.707502461,ROBBERY,21,1
41.652831535,-87.547153814,ROBBERY,19,1
41.881476477,-87.66483362,ROBBERY,21,1
41.722768379,-87.624410361,THEFT,15,1
41.843471069,-87.708663794,ROBBERY,12,1
41.677097829,-87.633455456,ROBBERY,20,1
41.765025476,-87.576275351,ROBBERY,19,1
41.884491256,-87.627494889,THEFT,20,1
41.735752519,-87.625429032,THEFT,13,1
41.778901304,-87.671487478,ROBBERY,12,1
41.763491294,-87.56427446,ROBBERY,10,1
41.740997762,-87.721639747,ROBBERY,10,1
41.863655709,-87.732436321,ROBBERY,21,1
41.865328128,-87.730041691,ROBBERY,23,1
41.736269116,-87.627768243,ROBBERY,9,1
41.701004467,-87.642651258,ROBBERY,6,1
41.778255589,-87.692153578,ROBBERY,23,1
41.948759735,-87.755373891,ROBBERY,2,1
41.782063924,-87.691037691,ROBBERY,19,1
41.990787884,-87.670676421,ROBBERY,20,1
41.813803157,-87.704715262,ROBBERY,19,1
41.806782212,-87.619523573,ROBBERY,22,1
41.826230445,-87.611987911,ROBBERY,22,1
41.744580809,-87.653580577,ROBBERY,20,1
41.906540588,-87.775511536,ROBBERY,20,1
41.876932377,-87.738227419,ROBBERY,13,1
41.885729587,-87.625821329,ROBBERY,19,1
41.721681725,-87.627099997,ROBBERY,21,1
41.909983002,-87.635667537,ROBBERY,20,1
41.737246384,-87.657025085,ROBBERY,18,1
41.754865882,-87.565081107,ROBBERY,18,1
41.875367424,-87.627620993,THEFT,10,1
41.893588044,-87.674543265,ROBBERY,15,1
41.939510092,-87.764943899,ROBBERY,11,1
41.691222764,-87.630281774,ROBBERY,6,1
41.890034161,-87.630103892,THEFT,10,1
41.946212132,-87.646579678,ROBBERY,10,1
41.756751911,-87.605656287,ROBBERY,0,1
41.902353742,-87.672737703,ROBBERY,20,1
41.938376283,-87.781732353,ROBBERY,5,1
41.748495903,-87.561327584,ROBBERY,13,1
41.802173267,-87.610974131,ROBBERY,5,1
41.870088575,-87.701810662,ROBBERY,5,1
41.78579293,-87.736753646,ROBBERY,6,1
41.747222066,-87.600219523,ROBBERY,1,1
41.800951662,-87.594087726,ROBBERY,0,1
41.90606842,-87.627371143,ROBBERY,1,1
41.775543864,-87.64467501,ROBBERY,19,1
41.896681046,-87.690566342,ROBBERY,0,1
41.796931509,-87.599686269,ROBBERY,23,1
41.866758579,-87.625813935,ROBBERY,23,1
41.799112702,-87.603915641,ROBBERY,19,1
41.731460287,-87.584707555,ROBBERY,16,1
41.77999793,-87.629294594,ROBBERY,1,1
41.751196772,-87.682876293,ROBBERY,15,1
41.707246223,-87.618164684,ROBBERY,17,1
41.870898717,-87.711473595,THEFT,18,1
41.923468225,-87.721851165,ROBBERY,17,1
41.937999241,-87.660108777,ROBBERY,19,1
41.96011792,-87.708213352,ROBBERY,16,1
41.90352381,-87.66674162,THEFT,15,1
41.779808274,-87.602873227,ROBBERY,19,1
41.931622056,-87.644442981,ROBBERY,12,1
41.855802248,-87.721119644,ROBBERY,13,1
41.899341194,-87.690741692,ROBBERY,11,1
41.901169552,-87.713839439,ROBBERY,11,1
41.729048627,-87.559527248,ROBBERY,10,1
41.88171846,-87.627760426,THEFT,12,1
41.902938033,-87.695510436,ROBBERY,9,1
41.88033698,-87.629365643,ROBBERY,9,1
41.857707464,-87.672235631,ROBBERY,19,1
41.805956625,-87.600848719,ROBBERY,3,1
41.938234681,-87.663767022,ROBBERY,3,1
42.005849323,-87.660994398,ROBBERY,0,1
41.750654869,-87.643145394,ROBBERY,3,1
41.762525162,-87.575403062,ROBBERY,17,1
41.779418642,-87.605909707,ROBBERY,3,1
41.899095102,-87.717958761,ROBBERY,23,1
41.705945023,-87.559643215,ROBBERY,2,1
41.793024934,-87.705992794,ROBBERY,2,1
41.93710313,-87.756633218,ROBBERY,2,1
41.77692106,-87.716569106,ROBBERY,0,1
41.971050859,-87.763586124,THEFT,19,1
41.880487595,-87.745964635,ROBBERY,21,1
41.801395406,-87.659075977,ROBBERY,19,1
41.969661244,-87.694565772,THEFT,21,1
41.832120707,-87.616981802,ROBBERY,19,1
41.797684416,-87.617677164,ROBBERY,20,1
41.87766908,-87.629284766,THEFT,19,1
41.841682695,-87.709837206,ROBBERY,19,1
41.88210164,-87.624921271,ROBBERY,20,1
41.891412551,-87.647934597,THEFT,17,1
41.910676312,-87.649187069,THEFT,16,1
41.895080471,-87.765400451,ROBBERY,16,1
41.664294511,-87.641455374,ROBBERY,16,1
41.965575908,-87.721926683,ROBBERY,16,1
41.801263281,-87.617729032,ROBBERY,18,1
41.809316645,-87.620643534,THEFT,17,1
41.652268611,-87.617232658,ROBBERY,15,1
41.774945985,-87.586321063,ROBBERY,14,1
41.802377452,-87.659942249,ROBBERY,21,1
41.895993005,-87.635683921,THEFT,14,1
41.898434207,-87.690493664,ROBBERY,11,1
41.792207393,-87.728036208,ROBBERY,14,1
41.885487535,-87.726422045,ROBBERY,14,1
41.788987036,-87.74147999,THEFT,13,1
41.875599598,-87.63147386,ROBBERY,13,1
41.965969947,-87.705949933,ROBBERY,15,1
41.887680583,-87.765117107,ROBBERY,13,1
41.88421907,-87.766021794,ROBBERY,13,1
41.878223912,-87.627130568,THEFT,13,1
41.874382771,-87.627260977,ROBBERY,13,1
41.896985583,-87.711485041,ROBBERY,20,1
41.940274852,-87.727214965,ROBBERY,12,1
42.019399237,-87.675049485,THEFT,23,1
41.866363712,-87.774161111,ROBBERY,19,1
41.874288556,-87.725441164,ROBBERY,6,1
41.938572513,-87.766800977,THEFT,18,1
41.882394062,-87.627844798,ROBBERY,18,1
41.930165005,-87.711284162,ROBBERY,23,1
41.713753878,-87.642987258,ROBBERY,1,1
41.895564887,-87.636133011,ROBBERY,21,1
41.883324641,-87.766617272,ROBBERY,1,1
41.889254614,-87.774949459,ROBBERY,22,1
41.756094931,-87.644659401,ROBBERY,22,1
41.840859176,-87.626847966,ROBBERY,22,1
41.867013845,-87.625822134,THEFT,19,1
41.897466722,-87.751990887,ROBBERY,21,1
41.705052523,-87.628219509,ROBBERY,20,1
41.917279408,-87.717122734,ROBBERY,19,1
41.897982937,-87.624095634,ROBBERY,14,1
41.880279804,-87.762443285,ROBBERY,15,1
41.891978054,-87.76345198,ROBBERY,14,1
41.90351448,-87.667498444,THEFT,16,1
41.806050397,-87.656393648,ROBBERY,23,1
41.771736514,-87.66400571,ROBBERY,1,1
41.853538819,-87.693042986,ROBBERY,3,1
41.757553054,-87.638427814,ROBBERY,23,1
41.90416553,-87.746618277,ROBBERY,23,1
41.765157518,-87.620069455,THEFT,20,1
41.866308306,-87.772928034,ROBBERY,22,1
41.885741029,-87.631711749,THEFT,15,1
41.882381731,-87.629412971,THEFT,16,1
41.897466722,-87.751990887,ROBBERY,22,1
41.677097829,-87.633455456,ROBBERY,19,1
41.689385039,-87.653246654,ROBBERY,0,1
41.799192941,-87.587774235,ROBBERY,19,1
41.909270561,-87.64722927,ROBBERY,15,1
41.801187875,-87.726697384,ROBBERY,15,1
41.930965735,-87.787235226,ROBBERY,5,1
41.88285803,-87.766599362,ROBBERY,15,1
41.707263758,-87.617014549,ROBBERY,13,1
41.870677616,-87.710679011,ROBBERY,14,1
41.859936038,-87.623980263,ROBBERY,16,1
41.891349586,-87.749244056,THEFT,9,1
41.940318272,-87.644408194,ROBBERY,10,1
41.793121443,-87.732255805,ROBBERY,13,1
41.880537342,-87.741755928,ROBBERY,9,1
41.896888586,-87.628203192,THEFT,18,1
41.81590861,-87.600614272,ROBBERY,9,1
41.867346388,-87.632166244,ROBBERY,16,1
41.795807807,-87.76177065,ROBBERY,7,1
41.77715126,-87.667828262,ROBBERY,6,1
41.778491954,-87.666663186,ROBBERY,13,1
41.896888586,-87.628203192,THEFT,8,1
41.979520182,-87.690947595,ROBBERY,21,1
41.687521061,-87.671480342,ROBBERY,20,1
41.75029596,-87.656158856,ROBBERY,18,1
41.797518392,-87.72818794,ROBBERY,20,1
41.999399493,-87.698907589,ROBBERY,3,1
41.866843668,-87.625816668,ROBBERY,18,1
42.007919177,-87.665351128,ROBBERY,3,1
41.886560574,-87.744884392,ROBBERY,18,1
41.885481891,-87.627935689,THEFT,16,1
41.779202501,-87.687766548,ROBBERY,16,1
41.897837503,-87.624097243,ROBBERY,15,1
41.736126864,-87.629184056,THEFT,14,1
41.910909022,-87.688450758,ROBBERY,22,1
41.844026941,-87.622100808,ROBBERY,13,1
41.780226662,-87.596195666,ROBBERY,18,1
41.83893231,-87.665779349,ROBBERY,19,1
41.997633071,-87.695592102,ROBBERY,11,1
41.880334264,-87.757959152,ROBBERY,9,1
41.732599207,-87.585555292,THEFT,22,1
41.875874858,-87.745496486,ROBBERY,10,1
41.909023481,-87.794924093,ROBBERY,2,1
41.906765676,-87.732550205,ROBBERY,0,1
41.93280225,-87.661141011,ROBBERY,22,1
41.997824365,-87.684189426,ROBBERY,23,1
41.937477819,-87.745559576,ROBBERY,20,1
41.857567911,-87.666136197,ROBBERY,16,1
41.937054068,-87.662254099,ROBBERY,19,1
41.69037437,-87.618208803,THEFT,15,1
41.942641817,-87.751904164,ROBBERY,16,1
41.945923647,-87.807030837,ROBBERY,17,1
41.945190359,-87.753366044,ROBBERY,17,1
41.87859028,-87.745761689,ROBBERY,18,1
41.897078045,-87.675862758,ROBBERY,17,1
41.910370817,-87.739786911,ROBBERY,20,1
41.878584123,-87.725595072,ROBBERY,19,1
41.880166187,-87.666973419,ROBBERY,19,1
41.808634077,-87.645527495,ROBBERY,17,1
41.77941269,-87.71042977,ROBBERY,19,1
41.777385013,-87.796987115,ROBBERY,18,1
41.885877917,-87.626289762,THEFT,19,1
41.881661548,-87.632358617,ROBBERY,17,1
41.892753031,-87.624193896,ROBBERY,17,1
41.882446221,-87.627847897,ROBBERY,14,1
42.021620351,-87.671894704,THEFT,22,1
41.894269615,-87.722375844,ROBBERY,22,1
41.786184976,-87.648598206,ROBBERY,19,1
41.699271976,-87.624489055,ROBBERY,22,1
41.955638854,-87.71572395,ROBBERY,23,1
41.953467549,-87.708002619,THEFT,13,1
41.754316047,-87.573601232,ROBBERY,16,1
41.831881927,-87.616977126,ROBBERY,13,1
41.727989777,-87.664049695,ROBBERY,17,1
41.750940757,-87.625185222,ROBBERY,20,1
41.738931393,-87.65099106,ROBBERY,9,1
41.87047082,-87.743772644,ROBBERY,6,1
41.834042232,-87.674368991,THEFT,11,1
41.894455436,-87.708964254,ROBBERY,16,1
41.813141685,-87.701695411,ROBBERY,16,1
41.747151689,-87.605119758,ROBBERY,4,1
41.721689256,-87.626539467,ROBBERY,13,1
41.961554709,-87.715600642,ROBBERY,20,1
41.79466121,-87.718298672,ROBBERY,12,1
41.880251406,-87.626157171,ROBBERY,17,1
41.756689862,-87.663593994,ROBBERY,10,1
41.744631222,-87.629142442,ROBBERY,22,1
41.765893458,-87.684498337,ROBBERY,23,1
41.933423699,-87.758937611,ROBBERY,2,1
41.939603894,-87.757334761,ROBBERY,2,1
41.75816573,-87.591998724,ROBBERY,23,1
41.917013726,-87.739086048,ROBBERY,1,1
41.942681639,-87.731408181,ROBBERY,0,1
41.920016777,-87.717890064,ROBBERY,22,1
41.751545607,-87.648915166,ROBBERY,22,1
41.880476283,-87.710991498,ROBBERY,23,1
41.885879253,-87.630979425,ROBBERY,22,1
41.913346192,-87.693408166,ROBBERY,20,1
41.784127811,-87.693528721,ROBBERY,21,1
41.910049472,-87.712236304,ROBBERY,19,1
41.88447161,-87.632801633,ROBBERY,16,1
41.700330239,-87.530452483,ROBBERY,18,1
41.766138497,-87.64319207,ROBBERY,17,1
41.767726292,-87.663867778,ROBBERY,17,1
41.896705606,-87.711473065,ROBBERY,9,1
41.741373892,-87.715004013,ROBBERY,19,1
41.881082785,-87.652010917,ROBBERY,21,1
41.645287658,-87.540012254,ROBBERY,20,1
41.900333136,-87.76432907,ROBBERY,16,1
41.736259984,-87.628068782,THEFT,17,1
41.764553455,-87.692180054,ROBBERY,18,1
41.791438452,-87.692517267,ROBBERY,13,1
41.783926241,-87.689867792,ROBBERY,17,1
41.755042102,-87.725061421,ROBBERY,19,1
41.763131551,-87.722331261,ROBBERY,18,1
41.902670403,-87.629946882,THEFT,20,1
41.879956283,-87.680114312,ROBBERY,14,1
41.928353487,-87.642126242,THEFT,14,1
41.742710224,-87.634088181,ROBBERY,16,1
41.935441154,-87.725445154,ROBBERY,11,1
41.802440292,-87.676963167,ROBBERY,6,1
41.765305543,-87.637948287,ROBBERY,8,1
41.70032369,-87.655991309,THEFT,8,1
41.690701233,-87.664282585,THEFT,20,1
41.942661185,-87.732742647,ROBBERY,8,1
41.810386978,-87.622869212,ROBBERY,21,1
41.908093658,-87.774348146,ROBBERY,7,1
41.851916715,-87.711477636,ROBBERY,3,1
41.876720197,-87.701088107,ROBBERY,5,1
41.831178131,-87.685626407,ROBBERY,0,1
41.935133761,-87.750307474,ROBBERY,3,1
41.891948167,-87.628073894,ROBBERY,0,1
41.751141889,-87.682876847,ROBBERY,21,1
41.781586302,-87.728950062,ROBBERY,3,1
41.925078859,-87.754635929,ROBBERY,2,1
41.89630037,-87.718778965,ROBBERY,20,1
41.872296602,-87.628065997,ROBBERY,23,1
41.907929399,-87.775558224,ROBBERY,0,1
41.869630875,-87.698433721,ROBBERY,14,1
41.888092864,-87.755348129,ROBBERY,18,1
41.87199005,-87.694316509,ROBBERY,11,1
41.858474674,-87.716413812,ROBBERY,8,1
41.844459201,-87.709204691,ROBBERY,11,1
41.831535795,-87.681421436,ROBBERY,8,1
41.758304581,-87.620885702,ROBBERY,18,1
41.926261042,-87.766068398,ROBBERY,10,1
41.90351448,-87.667498444,ROBBERY,4,1
41.909436668,-87.760644255,ROBBERY,5,1
41.87328131,-87.71974488,ROBBERY,0,1
41.88322275,-87.625602945,ROBBERY,18,1
41.896393262,-87.715123411,ROBBERY,15,1
41.885587487,-87.629491626,THEFT,15,1
41.893676531,-87.635628328,ROBBERY,4,1
41.808534045,-87.671952833,ROBBERY,15,1
41.886341726,-87.755286791,THEFT,6,1
41.710814363,-87.596527765,ROBBERY,10,1
41.97008868,-87.762690091,THEFT,15,1
41.750259049,-87.671012192,ROBBERY,11,1
41.880660786,-87.731186405,ROBBERY,1,1
41.968383967,-87.714891163,THEFT,20,1
41.717952867,-87.65826033,ROBBERY,7,1
41.754031342,-87.633327624,ROBBERY,17,1
41.88336939,-87.633860272,ROBBERY,16,1
41.903167836,-87.629170007,THEFT,0,1
41.872795719,-87.704049438,ROBBERY,15,1
41.881624191,-87.629391908,ROBBERY,16,1
41.809621907,-87.59853277,THEFT,23,1
41.767520936,-87.572672,ROBBERY,12,1
41.878851273,-87.657043254,ROBBERY,1,1
41.99221438,-87.696282584,ROBBERY,11,1
41.899605321,-87.673919419,ROBBERY,19,1
41.762598921,-87.568313361,ROBBERY,0,1
41.779975054,-87.630937377,THEFT,2,1
41.89307818,-87.662317967,ROBBERY,1,1
41.871362551,-87.63058763,ROBBERY,22,1
41.702380934,-87.625765891,ROBBERY,22,1
41.794481981,-87.585390153,ROBBERY,21,1
41.799551883,-87.58811115,ROBBERY,11,1
41.779091646,-87.649630581,ROBBERY,19,1
41.862903006,-87.62405026,ROBBERY,20,1
41.77658285,-87.688460065,ROBBERY,20,1
41.809059697,-87.724851461,ROBBERY,20,1
41.930480055,-87.757475651,ROBBERY,15,1
41.917157388,-87.727194941,ROBBERY,18,1
41.714775165,-87.603958014,ROBBERY,15,1
42.015145797,-87.675056552,ROBBERY,17,1
42.016524687,-87.675285207,ROBBERY,17,1
42.005817193,-87.696257272,ROBBERY,20,1
41.902217415,-87.758614952,ROBBERY,18,1
41.913200735,-87.693405945,ROBBERY,18,1
41.858079818,-87.647288508,ROBBERY,15,1
41.898502974,-87.68515222,ROBBERY,16,1
41.844074622,-87.626713502,ROBBERY,22,1
41.808981361,-87.606551046,ROBBERY,18,1
41.891679873,-87.627731607,THEFT,17,1
41.868541914,-87.639235361,ROBBERY,17,1
41.751645089,-87.663466864,ROBBERY,13,1
41.884858755,-87.768304022,ROBBERY,14,1
41.945952662,-87.825663625,ROBBERY,13,1
41.766688959,-87.575093797,ROBBERY,16,1
41.862899676,-87.711051839,ROBBERY,17,1
41.868252515,-87.63045648,ROBBERY,16,1
41.9578686,-87.730974837,ROBBERY,0,1
41.899458569,-87.731131055,THEFT,20,1
41.880762322,-87.771810281,ROBBERY,9,1
41.893179294,-87.634638401,THEFT,22,1
41.882381731,-87.629412971,THEFT,18,1
41.808677944,-87.659410433,ROBBERY,21,1
41.837901263,-87.723154487,ROBBERY,6,1
41.654565445,-87.61588257,ROBBERY,1,1
41.681538652,-87.633985739,ROBBERY,5,1
41.768292555,-87.628242237,ROBBERY,21,1
41.917276847,-87.638784669,ROBBERY,4,1
41.889081782,-87.682687664,ROBBERY,6,1
41.806605784,-87.687557535,ROBBERY,20,1
41.823123024,-87.674411257,ROBBERY,1,1
41.874288556,-87.725441164,ROBBERY,3,1
41.765543457,-87.683266572,ROBBERY,13,1
41.755399883,-87.563271576,ROBBERY,0,1
41.87766908,-87.629284766,THEFT,22,1
41.739543888,-87.643722391,ROBBERY,16,1
41.874111716,-87.672081294,ROBBERY,0,1
42.022534756,-87.673905699,ROBBERY,23,1
41.779201821,-87.687645566,ROBBERY,0,1
41.656469322,-87.614891712,ROBBERY,9,1
41.887976517,-87.773407101,ROBBERY,17,1
41.896317608,-87.702224485,ROBBERY,19,1
41.775436328,-87.692489613,ROBBERY,17,1
41.96436829,-87.683915109,ROBBERY,13,1
41.932845574,-87.720883252,ROBBERY,17,1
41.738690164,-87.549119303,ROBBERY,18,1
41.885879253,-87.630979425,THEFT,17,1
41.883475491,-87.627876969,THEFT,17,1
41.910530882,-87.72268738,ROBBERY,15,1
41.872693269,-87.735204568,ROBBERY,11,1
41.821366823,-87.621540838,ROBBERY,17,1
41.866922224,-87.736282669,ROBBERY,18,1
41.743557554,-87.601375156,THEFT,17,1
41.707092129,-87.629207997,THEFT,17,1
41.867405488,-87.627925177,THEFT,18,1
41.901524996,-87.740096587,ROBBERY,16,1
42.019361825,-87.668558186,ROBBERY,15,1
41.87972292,-87.728701872,ROBBERY,14,1
41.869288902,-87.6647697,ROBBERY,13,1
41.857881777,-87.623727655,ROBBERY,10,1
41.975533134,-87.66834487,ROBBERY,11,1
41.895652177,-87.697011726,THEFT,15,1
41.873166103,-87.744390423,ROBBERY,11,1
41.87766908,-87.629284766,THEFT,17,1
41.737966325,-87.608565083,ROBBERY,5,1
41.721005667,-87.643202686,ROBBERY,22,1
41.882139587,-87.71104513,ROBBERY,8,1
41.954485818,-87.708033105,ROBBERY,22,1
41.96055619,-87.71312483,ROBBERY,3,1
41.763365255,-87.610372273,ROBBERY,2,1
41.917081537,-87.733129516,ROBBERY,3,1
41.758481071,-87.610914559,ROBBERY,21,1
41.790614695,-87.604943402,ROBBERY,17,1
41.785519673,-87.738567526,THEFT,22,1
41.890961404,-87.622476522,ROBBERY,22,1
41.8744151,-87.627609439,ROBBERY,22,1
41.953738526,-87.719569345,ROBBERY,22,1
41.835708311,-87.634041889,ROBBERY,21,1
41.854659562,-87.716303651,ROBBERY,14,1
42.017903687,-87.676971154,ROBBERY,17,1
41.798519354,-87.664702622,ROBBERY,18,1
41.883092377,-87.680012597,ROBBERY,20,1
41.821659079,-87.627543338,ROBBERY,20,1
41.785827253,-87.733332286,ROBBERY,16,1
41.771981229,-87.644584811,ROBBERY,15,1
42.02253547,-87.673552385,ROBBERY,19,1
41.992742663,-87.682346607,ROBBERY,20,1
42.020226133,-87.66948762,ROBBERY,19,1
41.749516682,-87.56376699,ROBBERY,17,1
41.903255445,-87.673014935,ROBBERY,15,1
41.922777124,-87.778115019,ROBBERY,18,1
41.727872617,-87.551207132,ROBBERY,18,1
41.681109736,-87.642018411,ROBBERY,0,1
41.75858693,-87.605078455,THEFT,13,1
41.903200359,-87.751630311,ROBBERY,16,1
41.954614809,-87.708035521,THEFT,13,1
41.693426342,-87.628917688,ROBBERY,14,1
41.794257212,-87.620832396,THEFT,17,1
41.897895128,-87.624096605,THEFT,12,1
41.750859245,-87.62978533,ROBBERY,19,1
41.852419423,-87.627080475,THEFT,6,1
41.849954132,-87.685580175,ROBBERY,22,1
41.893676531,-87.635628328,THEFT,1,1
41.933208908,-87.757693664,ROBBERY,16,1
41.863598471,-87.622463983,ROBBERY,16,1
41.867584815,-87.6971543,ROBBERY,22,1
41.751113012,-87.615354537,ROBBERY,14,1
41.816406126,-87.700471088,ROBBERY,14,1
41.900883883,-87.721982201,ROBBERY,12,1
41.782248798,-87.697136908,ROBBERY,11,1
41.780183862,-87.688548644,ROBBERY,11,1
41.748806566,-87.616475951,THEFT,11,1
41.802501506,-87.656302636,ROBBERY,17,1
41.926982239,-87.646385411,ROBBERY,18,1
41.889440949,-87.626008079,ROBBERY,8,1
41.928608277,-87.767366884,ROBBERY,12,1
41.875292483,-87.705963666,ROBBERY,14,1
42.018966968,-87.669084869,ROBBERY,13,1
41.882965153,-87.764953242,ROBBERY,9,1
41.973118953,-87.694567998,ROBBERY,3,1
41.889226442,-87.629954828,THEFT,1,1
41.895236207,-87.770276769,ROBBERY,3,1
41.880950476,-87.763212138,ROBBERY,2,1
41.732511024,-87.604720945,ROBBERY,3,1
41.771435478,-87.636001485,ROBBERY,2,1
41.892633392,-87.706469796,ROBBERY,1,1
41.910895741,-87.719575818,ROBBERY,5,1
41.668054361,-87.63557008,ROBBERY,22,1
41.908623747,-87.63012767,ROBBERY,20,1
41.863888806,-87.725106488,ROBBERY,2,1
41.99192445,-87.677447808,ROBBERY,1,1
41.747290373,-87.594175977,ROBBERY,21,1
41.896337729,-87.74584146,ROBBERY,21,1
41.908261085,-87.774354033,ROBBERY,19,1
41.86557423,-87.765944352,ROBBERY,21,1
41.749585624,-87.682833923,ROBBERY,20,1
41.882382128,-87.681551149,ROBBERY,20,1
41.994167522,-87.685366967,ROBBERY,6,1
41.85268013,-87.632007113,ROBBERY,19,1
41.765876993,-87.684498502,ROBBERY,21,1
41.883946038,-87.682464349,ROBBERY,19,1
41.696379535,-87.613027006,ROBBERY,18,1
41.984094775,-87.70282957,ROBBERY,15,1
41.897895128,-87.624096605,THEFT,13,1
41.891303157,-87.628055281,THEFT,8,1
41.779944902,-87.693419981,ROBBERY,4,1
41.858718636,-87.735562404,ROBBERY,10,1
41.887384761,-87.624550742,ROBBERY,3,1
41.851395612,-87.734779046,ROBBERY,20,1
41.768788957,-87.625513163,THEFT,21,1
41.998583717,-87.682596104,ROBBERY,21,1
41.850931351,-87.635046971,ROBBERY,17,1
41.87766908,-87.629284766,THEFT,20,1
41.884230364,-87.682758922,ROBBERY,21,1
41.907298191,-87.625645676,ROBBERY,19,1
41.912297775,-87.751683652,ROBBERY,19,1
41.890017941,-87.648764836,ROBBERY,16,1
41.922509394,-87.756099563,ROBBERY,19,1
41.721627204,-87.624485177,THEFT,4,1
41.866843668,-87.625816668,ROBBERY,18,1
41.778731944,-87.688515527,ROBBERY,18,1
41.831085608,-87.619103181,ROBBERY,15,1
41.946878382,-87.677453933,ROBBERY,15,1
41.931582647,-87.742772889,THEFT,16,1
41.890389116,-87.628021263,THEFT,1,1
41.8456484,-87.622923305,ROBBERY,5,1
41.919222845,-87.689215828,ROBBERY,22,1
